2026-05-07 17:18:22,709 [INFO] 数据库初始化完成
2026-05-07 17:18:22,797 [INFO] 12 changes detected
2026-05-07 17:18:23,161 [INFO] 1 change detected
2026-05-07 17:18:23,515 [INFO] 2 changes detected
2026-05-07 17:18:23,876 [INFO] 1 change detected
2026-05-07 17:18:24,240 [INFO] 1 change detected
2026-05-07 17:18:24,601 [INFO] 1 change detected
2026-05-07 17:18:24,965 [INFO] 1 change detected
2026-05-07 17:18:25,322 [INFO] 1 change detected
2026-05-07 17:18:25,685 [INFO] 1 change detected
2026-05-07 17:18:26,045 [INFO] 1 change detected
2026-05-07 17:18:26,451 [INFO] 1 change detected
2026-05-07 17:18:26,856 [INFO] 1 change detected
2026-05-07 17:18:27,270 [INFO] 1 change detected
2026-05-07 17:18:27,677 [INFO] 1 change detected
2026-05-07 17:18:28,081 [INFO] 1 change detected
2026-05-07 17:18:28,435 [INFO] 1 change detected
2026-05-07 17:18:28,843 [INFO] 1 change detected
2026-05-07 17:18:29,257 [INFO] 1 change detected
2026-05-07 17:18:29,662 [INFO] 1 change detected
2026-05-07 17:18:30,066 [INFO] 1 change detected
2026-05-07 17:18:30,432 [INFO] 1 change detected
2026-05-07 17:18:30,842 [INFO] 1 change detected
2026-05-07 17:18:31,256 [INFO] 1 change detected
2026-05-07 17:18:31,667 [INFO] 1 change detected
2026-05-07 17:18:32,027 [INFO] 1 change detected
2026-05-07 17:18:32,429 [INFO] 1 change detected
2026-05-07 17:18:32,833 [INFO] 1 change detected
2026-05-07 17:18:33,236 [INFO] 1 change detected
2026-05-07 17:18:33,640 [INFO] 1 change detected
2026-05-07 17:18:34,001 [INFO] 1 change detected
2026-05-07 17:18:34,405 [INFO] 1 change detected
2026-05-07 17:18:34,812 [INFO] 1 change detected
2026-05-07 17:18:35,215 [INFO] 1 change detected
2026-05-07 17:18:35,626 [INFO] 1 change detected
2026-05-07 17:18:36,032 [INFO] 1 change detected
2026-05-07 17:18:36,388 [INFO] 1 change detected
2026-05-07 17:18:36,800 [INFO] 1 change detected
2026-05-07 17:18:37,215 [INFO] 1 change detected
2026-05-07 17:18:37,623 [INFO] 1 change detected
2026-05-07 17:18:38,035 [INFO] 1 change detected
2026-05-07 17:18:38,391 [INFO] 1 change detected
2026-05-07 17:18:38,795 [INFO] 1 change detected
2026-05-07 17:18:39,211 [INFO] 1 change detected
2026-05-07 17:18:39,622 [INFO] 1 change detected
2026-05-07 17:18:40,029 [INFO] 1 change detected
2026-05-07 17:18:40,381 [INFO] 1 change detected
2026-05-07 17:18:40,787 [INFO] 1 change detected
2026-05-07 17:18:41,197 [INFO] 1 change detected
2026-05-07 17:18:41,605 [INFO] 1 change detected
2026-05-07 17:18:42,019 [INFO] 1 change detected
2026-05-07 17:18:42,376 [INFO] 1 change detected
2026-05-07 17:18:42,785 [INFO] 1 change detected
2026-05-07 17:18:43,195 [INFO] 1 change detected
2026-05-07 17:18:43,599 [INFO] 1 change detected
2026-05-07 17:18:43,964 [INFO] 1 change detected
2026-05-07 17:18:44,372 [INFO] 1 change detected
2026-05-07 17:18:44,781 [INFO] 1 change detected
2026-05-07 17:18:45,185 [INFO] 1 change detected
2026-05-07 17:18:45,596 [INFO] 1 change detected
2026-05-07 17:18:46,012 [INFO] 1 change detected
2026-05-07 17:18:46,376 [INFO] 1 change detected
2026-05-07 17:18:46,787 [INFO] 1 change detected
2026-05-07 17:18:47,194 [INFO] 1 change detected
2026-05-07 17:18:47,612 [INFO] 1 change detected
2026-05-07 17:18:48,017 [INFO] 1 change detected
2026-05-07 17:18:48,421 [INFO] 1 change detected
2026-05-07 17:18:48,782 [INFO] 1 change detected
2026-05-07 17:18:49,197 [INFO] 1 change detected
2026-05-07 17:18:49,607 [INFO] 1 change detected
2026-05-07 17:18:50,019 [INFO] 1 change detected
2026-05-07 17:18:50,425 [INFO] 1 change detected
2026-05-07 17:18:50,834 [INFO] 1 change detected
2026-05-07 17:18:51,237 [INFO] 1 change detected
2026-05-07 17:18:51,596 [INFO] 1 change detected
2026-05-07 17:18:52,006 [INFO] 1 change detected
2026-05-07 17:18:52,423 [INFO] 1 change detected
2026-05-07 17:18:52,781 [INFO] 1 change detected
2026-05-07 17:18:53,194 [INFO] 1 change detected
2026-05-07 17:18:53,597 [INFO] 1 change detected
2026-05-07 17:18:54,006 [INFO] 1 change detected
2026-05-07 17:18:54,417 [INFO] 1 change detected
2026-05-07 17:18:54,830 [INFO] 1 change detected
2026-05-07 17:18:55,247 [INFO] 1 change detected
2026-05-07 17:18:55,657 [INFO] 1 change detected
2026-05-07 17:18:56,063 [INFO] 1 change detected
2026-05-07 17:18:56,469 [INFO] 1 change detected
2026-05-07 17:18:56,880 [INFO] 1 change detected
2026-05-07 17:18:57,236 [INFO] 1 change detected
2026-05-07 17:18:57,643 [INFO] 1 change detected
2026-05-07 17:18:58,064 [INFO] 1 change detected
2026-05-07 17:18:58,422 [INFO] 1 change detected
2026-05-07 17:18:58,832 [INFO] 1 change detected
2026-05-07 17:18:59,237 [INFO] 1 change detected
2026-05-07 17:18:59,642 [INFO] 1 change detected
2026-05-07 17:19:00,049 [INFO] 1 change detected
2026-05-07 17:19:00,460 [INFO] 1 change detected
2026-05-07 17:19:00,862 [INFO] 1 change detected
2026-05-07 17:19:01,220 [INFO] 1 change detected
2026-05-07 17:19:01,629 [INFO] 1 change detected
2026-05-07 17:19:02,045 [INFO] 1 change detected
2026-05-07 17:19:02,457 [INFO] 1 change detected
2026-05-07 17:19:02,821 [INFO] 1 change detected
2026-05-07 17:19:03,226 [INFO] 1 change detected
2026-05-07 17:19:03,636 [INFO] 1 change detected
2026-05-07 17:19:04,051 [INFO] 1 change detected
2026-05-07 17:19:04,405 [INFO] 1 change detected
2026-05-07 17:19:04,812 [INFO] 1 change detected
2026-05-07 17:19:05,226 [INFO] 1 change detected
2026-05-07 17:19:05,587 [INFO] 1 change detected
2026-05-07 17:19:05,993 [INFO] 1 change detected
2026-05-07 17:19:06,404 [INFO] 1 change detected
2026-05-07 17:19:06,807 [INFO] 1 change detected
2026-05-07 17:19:07,223 [INFO] 1 change detected
2026-05-07 17:19:07,586 [INFO] 1 change detected
2026-05-07 17:19:08,003 [INFO] 1 change detected
2026-05-07 17:19:08,408 [INFO] 1 change detected
2026-05-07 17:19:08,822 [INFO] 1 change detected
2026-05-07 17:19:09,226 [INFO] 1 change detected
2026-05-07 17:19:09,586 [INFO] 1 change detected
2026-05-07 17:19:09,999 [INFO] 1 change detected
2026-05-07 17:19:10,401 [INFO] 1 change detected
2026-05-07 17:19:10,812 [INFO] 1 change detected
2026-05-07 17:19:11,176 [INFO] 1 change detected
2026-05-07 17:19:11,593 [INFO] 1 change detected
2026-05-07 17:19:11,997 [INFO] 1 change detected
2026-05-07 17:19:12,405 [INFO] 1 change detected
2026-05-07 17:19:12,809 [INFO] 1 change detected
2026-05-07 17:19:13,174 [INFO] 1 change detected
2026-05-07 17:19:13,579 [INFO] 1 change detected
2026-05-07 17:19:13,982 [INFO] 1 change detected
2026-05-07 17:19:14,392 [INFO] 1 change detected
2026-05-07 17:19:14,801 [INFO] 1 change detected
2026-05-07 17:19:15,217 [INFO] 1 change detected
2026-05-07 17:19:15,620 [INFO] 1 change detected
2026-05-07 17:19:15,982 [INFO] 1 change detected
2026-05-07 17:19:16,385 [INFO] 1 change detected
2026-05-07 17:19:16,795 [INFO] 1 change detected
2026-05-07 17:19:17,203 [INFO] 1 change detected
2026-05-07 17:19:17,606 [INFO] 1 change detected
2026-05-07 17:19:18,012 [INFO] 1 change detected
2026-05-07 17:19:18,427 [INFO] 1 change detected
2026-05-07 17:19:18,833 [INFO] 1 change detected
2026-05-07 17:19:19,246 [INFO] 1 change detected
2026-05-07 17:19:19,651 [INFO] 1 change detected
2026-05-07 17:19:20,066 [INFO] 1 change detected
2026-05-07 17:19:20,432 [INFO] 1 change detected
2026-05-07 17:19:20,841 [INFO] 1 change detected
2026-05-07 17:19:21,247 [INFO] 1 change detected
2026-05-07 17:19:21,603 [INFO] 1 change detected
2026-05-07 17:19:22,006 [INFO] 1 change detected
2026-05-07 17:19:22,424 [INFO] 1 change detected
2026-05-07 17:19:22,837 [INFO] 1 change detected
2026-05-07 17:19:23,249 [INFO] 1 change detected
2026-05-07 17:19:23,656 [INFO] 1 change detected
2026-05-07 17:19:24,021 [INFO] 1 change detected
2026-05-07 17:19:24,435 [INFO] 1 change detected
2026-05-07 17:19:24,846 [INFO] 1 change detected
2026-05-07 17:19:25,249 [INFO] 1 change detected
2026-05-07 17:19:25,603 [INFO] 1 change detected
2026-05-07 17:19:26,008 [INFO] 1 change detected
2026-05-07 17:19:26,411 [INFO] 1 change detected
2026-05-07 17:19:26,866 [INFO] 1 change detected
2026-05-07 17:19:27,222 [INFO] 1 change detected
2026-05-07 17:19:27,626 [INFO] 1 change detected
2026-05-07 17:19:28,056 [INFO] 1 change detected
2026-05-07 17:19:28,467 [INFO] 1 change detected
2026-05-07 17:19:28,876 [INFO] 1 change detected
2026-05-07 17:19:29,238 [INFO] 1 change detected
2026-05-07 17:19:29,647 [INFO] 1 change detected
2026-05-07 17:19:30,059 [INFO] 1 change detected
2026-05-07 17:19:30,466 [INFO] 1 change detected
2026-05-07 17:19:30,873 [INFO] 1 change detected
2026-05-07 17:19:31,281 [INFO] 1 change detected
2026-05-07 17:19:31,637 [INFO] 1 change detected
2026-05-07 17:19:32,047 [INFO] 1 change detected
2026-05-07 17:19:32,452 [INFO] 1 change detected
2026-05-07 17:19:32,856 [INFO] 1 change detected
2026-05-07 17:19:33,272 [INFO] 1 change detected
2026-05-07 17:19:33,677 [INFO] 1 change detected
2026-05-07 17:19:34,041 [INFO] 1 change detected
2026-05-07 17:19:34,449 [INFO] 1 change detected
2026-05-07 17:19:34,863 [INFO] 1 change detected
2026-05-07 17:19:35,274 [INFO] 1 change detected
2026-05-07 17:19:35,682 [INFO] 1 change detected
2026-05-07 17:19:36,092 [INFO] 1 change detected
2026-05-07 17:19:36,446 [INFO] 1 change detected
2026-05-07 17:19:36,913 [INFO] 1 change detected
2026-05-07 17:19:37,266 [INFO] 1 change detected
2026-05-07 17:19:37,677 [INFO] 1 change detected
2026-05-07 17:19:38,086 [INFO] 1 change detected
2026-05-07 17:19:38,497 [INFO] 1 change detected
2026-05-07 17:19:38,902 [INFO] 1 change detected
2026-05-07 17:19:39,315 [INFO] 1 change detected
2026-05-07 17:19:39,678 [INFO] 1 change detected
2026-05-07 17:19:40,081 [INFO] 1 change detected
2026-05-07 17:19:40,493 [INFO] 1 change detected
2026-05-07 17:19:40,901 [INFO] 1 change detected
2026-05-07 17:19:41,316 [INFO] 1 change detected
2026-05-07 17:19:41,681 [INFO] 1 change detected
2026-05-07 17:19:42,095 [INFO] 1 change detected
2026-05-07 17:19:42,508 [INFO] 1 change detected
2026-05-07 17:19:42,924 [INFO] 1 change detected
2026-05-07 17:19:43,333 [INFO] 1 change detected
2026-05-07 17:19:43,688 [INFO] 1 change detected
2026-05-07 17:19:44,093 [INFO] 1 change detected
2026-05-07 17:19:44,496 [INFO] 1 change detected
2026-05-07 17:19:44,904 [INFO] 1 change detected
2026-05-07 17:19:45,313 [INFO] 1 change detected
2026-05-07 17:19:45,673 [INFO] 1 change detected
2026-05-07 17:19:46,083 [INFO] 1 change detected
2026-05-07 17:19:46,490 [INFO] 1 change detected
2026-05-07 17:19:46,894 [INFO] 1 change detected
2026-05-07 17:19:47,297 [INFO] 1 change detected
2026-05-07 17:19:47,706 [INFO] 1 change detected
2026-05-07 17:19:48,122 [INFO] 1 change detected
2026-05-07 17:19:48,481 [INFO] 1 change detected
2026-05-07 17:19:48,885 [INFO] 1 change detected
2026-05-07 17:19:49,289 [INFO] 1 change detected
2026-05-07 17:19:49,697 [INFO] 1 change detected
2026-05-07 17:19:50,103 [INFO] 1 change detected
2026-05-07 17:19:50,511 [INFO] 1 change detected
2026-05-07 17:19:50,915 [INFO] 1 change detected
2026-05-07 17:19:51,274 [INFO] 1 change detected
2026-05-07 17:19:51,677 [INFO] 1 change detected
2026-05-07 17:19:52,088 [INFO] 1 change detected
2026-05-07 17:19:52,493 [INFO] 1 change detected
2026-05-07 17:19:52,896 [INFO] 1 change detected
2026-05-07 17:19:53,302 [INFO] 1 change detected
2026-05-07 17:19:53,712 [INFO] 1 change detected
2026-05-07 17:19:54,125 [INFO] 1 change detected
2026-05-07 17:19:54,486 [INFO] 1 change detected
2026-05-07 17:19:54,889 [INFO] 1 change detected
2026-05-07 17:19:55,297 [INFO] 1 change detected
2026-05-07 17:19:55,711 [INFO] 1 change detected
2026-05-07 17:19:56,116 [INFO] 1 change detected
2026-05-07 17:19:56,529 [INFO] 1 change detected
2026-05-07 17:19:56,936 [INFO] 1 change detected
2026-05-07 17:19:57,296 [INFO] 1 change detected
2026-05-07 17:19:57,707 [INFO] 1 change detected
2026-05-07 17:19:58,112 [INFO] 1 change detected
2026-05-07 17:19:58,524 [INFO] 1 change detected
2026-05-07 17:19:58,928 [INFO] 1 change detected
2026-05-07 17:19:59,337 [INFO] 1 change detected
2026-05-07 17:19:59,695 [INFO] 1 change detected
2026-05-07 17:20:00,107 [INFO] 1 change detected
2026-05-07 17:20:00,516 [INFO] 1 change detected
2026-05-07 17:20:00,927 [INFO] 1 change detected
2026-05-07 17:20:01,333 [INFO] 1 change detected
2026-05-07 17:20:01,689 [INFO] 1 change detected
2026-05-07 17:20:02,099 [INFO] 1 change detected
2026-05-07 17:20:02,513 [INFO] 1 change detected
2026-05-07 17:20:02,921 [INFO] 1 change detected
2026-05-07 17:20:03,322 [INFO] 1 change detected
2026-05-07 17:20:03,729 [INFO] 1 change detected
2026-05-07 17:20:04,138 [INFO] 1 change detected
2026-05-07 17:20:04,547 [INFO] 1 change detected
2026-05-07 17:20:04,902 [INFO] 1 change detected
2026-05-07 17:20:05,306 [INFO] 1 change detected
2026-05-07 17:20:05,718 [INFO] 1 change detected
2026-05-07 17:20:06,121 [INFO] 1 change detected
2026-05-07 17:20:06,480 [INFO] 1 change detected
2026-05-07 17:20:06,888 [INFO] 1 change detected
2026-05-07 17:20:07,290 [INFO] 1 change detected
2026-05-07 17:20:07,705 [INFO] 1 change detected
2026-05-07 17:20:08,118 [INFO] 1 change detected
2026-05-07 17:20:08,521 [INFO] 1 change detected
2026-05-07 17:20:08,926 [INFO] 1 change detected
2026-05-07 17:20:09,336 [INFO] 1 change detected
2026-05-07 17:20:09,700 [INFO] 1 change detected
2026-05-07 17:20:10,114 [INFO] 1 change detected
2026-05-07 17:20:10,518 [INFO] 1 change detected
2026-05-07 17:20:10,923 [INFO] 1 change detected
2026-05-07 17:20:11,330 [INFO] 1 change detected
2026-05-07 17:20:11,732 [INFO] 1 change detected
2026-05-07 17:20:12,143 [INFO] 1 change detected
2026-05-07 17:20:12,547 [INFO] 1 change detected
2026-05-07 17:20:12,904 [INFO] 1 change detected
2026-05-07 17:20:13,312 [INFO] 1 change detected
2026-05-07 17:20:13,724 [INFO] 1 change detected
2026-05-07 17:20:14,132 [INFO] 1 change detected
2026-05-07 17:20:14,536 [INFO] 1 change detected
2026-05-07 17:20:14,896 [INFO] 1 change detected
2026-05-07 17:20:15,302 [INFO] 1 change detected
2026-05-07 17:20:15,706 [INFO] 1 change detected
2026-05-07 17:20:16,108 [INFO] 1 change detected
2026-05-07 17:20:16,472 [INFO] 1 change detected
2026-05-07 17:20:16,879 [INFO] 1 change detected
2026-05-07 17:20:17,282 [INFO] 1 change detected
2026-05-07 17:20:17,695 [INFO] 1 change detected
2026-05-07 17:20:18,047 [INFO] 1 change detected
2026-05-07 17:20:18,457 [INFO] 1 change detected
2026-05-07 17:20:18,869 [INFO] 1 change detected
2026-05-07 17:20:19,273 [INFO] 1 change detected
2026-05-07 17:20:19,683 [INFO] 1 change detected
2026-05-07 17:20:20,040 [INFO] 1 change detected
2026-05-07 17:20:20,451 [INFO] 1 change detected
2026-05-07 17:20:20,854 [INFO] 1 change detected
2026-05-07 17:20:21,263 [INFO] 1 change detected
2026-05-07 17:20:21,665 [INFO] 1 change detected
2026-05-07 17:20:22,073 [INFO] 1 change detected
2026-05-07 17:20:22,485 [INFO] 1 change detected
2026-05-07 17:20:22,889 [INFO] 1 change detected
2026-05-07 17:20:23,292 [INFO] 1 change detected
2026-05-07 17:20:23,707 [INFO] 1 change detected
2026-05-07 17:20:24,112 [INFO] 1 change detected
2026-05-07 17:20:24,518 [INFO] 1 change detected
2026-05-07 17:20:24,882 [INFO] 1 change detected
2026-05-07 17:20:25,303 [INFO] 1 change detected
2026-05-07 17:20:25,707 [INFO] 1 change detected
2026-05-07 17:20:26,072 [INFO] 1 change detected
2026-05-07 17:20:26,487 [INFO] 1 change detected
2026-05-07 17:20:26,896 [INFO] 1 change detected
2026-05-07 17:20:27,306 [INFO] 1 change detected
2026-05-07 17:20:27,671 [INFO] 1 change detected
2026-05-07 17:20:28,076 [INFO] 1 change detected
2026-05-07 17:20:28,492 [INFO] 1 change detected
2026-05-07 17:20:28,896 [INFO] 1 change detected
2026-05-07 17:20:29,258 [INFO] 1 change detected
2026-05-07 17:20:29,667 [INFO] 1 change detected
2026-05-07 17:20:30,078 [INFO] 1 change detected
2026-05-07 17:20:30,487 [INFO] 1 change detected
2026-05-07 17:20:30,899 [INFO] 1 change detected
2026-05-07 17:20:31,253 [INFO] 1 change detected
2026-05-07 17:20:31,705 [INFO] 1 change detected
2026-05-07 17:20:32,071 [INFO] 1 change detected
2026-05-07 17:20:32,478 [INFO] 1 change detected
2026-05-07 17:20:32,886 [INFO] 1 change detected
2026-05-07 17:20:33,300 [INFO] 1 change detected
2026-05-07 17:20:33,703 [INFO] 1 change detected
2026-05-07 17:20:34,064 [INFO] 1 change detected
2026-05-07 17:20:34,467 [INFO] 1 change detected
2026-05-07 17:20:34,876 [INFO] 1 change detected
2026-05-07 17:20:35,286 [INFO] 1 change detected
2026-05-07 17:20:35,643 [INFO] 1 change detected
2026-05-07 17:20:36,046 [INFO] 1 change detected
2026-05-07 17:20:36,457 [INFO] 1 change detected
2026-05-07 17:20:36,872 [INFO] 1 change detected
2026-05-07 17:20:37,284 [INFO] 1 change detected
2026-05-07 17:20:37,638 [INFO] 1 change detected
2026-05-07 17:20:38,046 [INFO] 1 change detected
2026-05-07 17:20:38,448 [INFO] 1 change detected
2026-05-07 17:20:38,863 [INFO] 1 change detected
2026-05-07 17:20:39,274 [INFO] 1 change detected
2026-05-07 17:20:39,636 [INFO] 1 change detected
2026-05-07 17:20:40,046 [INFO] 1 change detected
2026-05-07 17:20:40,452 [INFO] 1 change detected
2026-05-07 17:20:40,859 [INFO] 1 change detected
2026-05-07 17:20:41,270 [INFO] 1 change detected
2026-05-07 17:20:41,629 [INFO] 1 change detected
2026-05-07 17:20:42,043 [INFO] 1 change detected
2026-05-07 17:20:42,455 [INFO] 1 change detected
2026-05-07 17:20:42,857 [INFO] 1 change detected
2026-05-07 17:20:43,274 [INFO] 1 change detected
2026-05-07 17:20:43,677 [INFO] 1 change detected
2026-05-07 17:20:44,093 [INFO] 1 change detected
2026-05-07 17:20:44,452 [INFO] 1 change detected
2026-05-07 17:20:44,857 [INFO] 1 change detected
2026-05-07 17:20:45,268 [INFO] 1 change detected
2026-05-07 17:20:45,683 [INFO] 1 change detected
2026-05-07 17:20:46,086 [INFO] 1 change detected
2026-05-07 17:20:46,445 [INFO] 1 change detected
2026-05-07 17:20:46,857 [INFO] 1 change detected
2026-05-07 17:20:47,266 [INFO] 1 change detected
2026-05-07 17:20:47,672 [INFO] 1 change detected
2026-05-07 17:20:48,083 [INFO] 1 change detected
2026-05-07 17:20:48,490 [INFO] 1 change detected
2026-05-07 17:20:48,905 [INFO] 1 change detected
2026-05-07 17:20:49,262 [INFO] 1 change detected
2026-05-07 17:20:49,664 [INFO] 1 change detected
2026-05-07 17:20:50,122 [INFO] 1 change detected
2026-05-07 17:20:50,484 [INFO] 1 change detected
2026-05-07 17:20:50,899 [INFO] 1 change detected
2026-05-07 17:20:51,302 [INFO] 1 change detected
2026-05-07 17:20:51,708 [INFO] 1 change detected
2026-05-07 17:20:52,111 [INFO] 1 change detected
2026-05-07 17:20:52,518 [INFO] 1 change detected
2026-05-07 17:20:52,931 [INFO] 1 change detected
2026-05-07 17:20:53,336 [INFO] 1 change detected
2026-05-07 17:20:53,741 [INFO] 1 change detected
2026-05-07 17:20:54,149 [INFO] 1 change detected
2026-05-07 17:20:54,564 [INFO] 1 change detected
2026-05-07 17:20:54,917 [INFO] 1 change detected
2026-05-07 17:20:55,325 [INFO] 1 change detected
2026-05-07 17:20:55,734 [INFO] 1 change detected
2026-05-07 17:20:56,147 [INFO] 1 change detected
2026-05-07 17:20:56,507 [INFO] 1 change detected
2026-05-07 17:20:56,909 [INFO] 1 change detected
2026-05-07 17:20:57,326 [INFO] 1 change detected
2026-05-07 17:20:57,728 [INFO] 1 change detected
2026-05-07 17:20:58,137 [INFO] 1 change detected
2026-05-07 17:20:58,549 [INFO] 1 change detected
2026-05-07 17:20:58,952 [INFO] 1 change detected
2026-05-07 17:20:59,361 [INFO] 1 change detected
2026-05-07 17:20:59,771 [INFO] 1 change detected
2026-05-07 17:21:00,174 [INFO] 1 change detected
2026-05-07 17:21:00,526 [INFO] 1 change detected
2026-05-07 17:21:00,938 [INFO] 1 change detected
2026-05-07 17:21:01,347 [INFO] 1 change detected
2026-05-07 17:21:01,757 [INFO] 1 change detected
2026-05-07 17:21:02,167 [INFO] 1 change detected
2026-05-07 17:21:02,579 [INFO] 1 change detected
2026-05-07 17:21:02,988 [INFO] 1 change detected
2026-05-07 17:21:03,391 [INFO] 1 change detected
2026-05-07 17:21:03,748 [INFO] 1 change detected
2026-05-07 17:21:04,155 [INFO] 1 change detected
2026-05-07 17:21:04,568 [INFO] 1 change detected
2026-05-07 17:21:04,977 [INFO] 1 change detected
2026-05-07 17:21:05,383 [INFO] 1 change detected
2026-05-07 17:21:05,747 [INFO] 1 change detected
2026-05-07 17:21:06,164 [INFO] 1 change detected
2026-05-07 17:21:06,567 [INFO] 1 change detected
2026-05-07 17:21:06,925 [INFO] 1 change detected
2026-05-07 17:21:07,338 [INFO] 1 change detected
2026-05-07 17:21:07,753 [INFO] 1 change detected
2026-05-07 17:21:08,114 [INFO] 1 change detected
2026-05-07 17:21:08,516 [INFO] 1 change detected
2026-05-07 17:21:08,922 [INFO] 1 change detected
2026-05-07 17:21:09,327 [INFO] 1 change detected
2026-05-07 17:21:09,738 [INFO] 1 change detected
2026-05-07 17:21:10,101 [INFO] 1 change detected
2026-05-07 17:21:10,504 [INFO] 1 change detected
2026-05-07 17:21:10,908 [INFO] 1 change detected
2026-05-07 17:21:11,313 [INFO] 1 change detected
2026-05-07 17:21:11,727 [INFO] 1 change detected
2026-05-07 17:21:12,136 [INFO] 1 change detected
2026-05-07 17:21:12,493 [INFO] 1 change detected
2026-05-07 17:21:12,901 [INFO] 1 change detected
2026-05-07 17:21:13,317 [INFO] 1 change detected
2026-05-07 17:21:13,726 [INFO] 1 change detected
2026-05-07 17:21:14,084 [INFO] 1 change detected
2026-05-07 17:21:14,503 [INFO] 1 change detected
2026-05-07 17:21:14,908 [INFO] 1 change detected
2026-05-07 17:21:15,317 [INFO] 1 change detected
2026-05-07 17:21:15,727 [INFO] 1 change detected
2026-05-07 17:21:16,130 [INFO] 1 change detected
2026-05-07 17:21:16,486 [INFO] 1 change detected
2026-05-07 17:21:16,898 [INFO] 1 change detected
2026-05-07 17:21:17,312 [INFO] 1 change detected
2026-05-07 17:21:17,673 [INFO] 1 change detected
2026-05-07 17:21:18,085 [INFO] 1 change detected
2026-05-07 17:21:18,490 [INFO] 1 change detected
2026-05-07 17:21:18,850 [INFO] 1 change detected
2026-05-07 17:21:19,264 [INFO] 1 change detected
2026-05-07 17:21:19,668 [INFO] 1 change detected
2026-05-07 17:21:20,074 [INFO] 1 change detected
2026-05-07 17:21:20,438 [INFO] 1 change detected
2026-05-07 17:21:20,854 [INFO] 1 change detected
2026-05-07 17:21:21,268 [INFO] 1 change detected
2026-05-07 17:21:21,675 [INFO] 1 change detected
2026-05-07 17:21:22,087 [INFO] 1 change detected
2026-05-07 17:21:22,445 [INFO] 1 change detected
2026-05-07 17:21:22,858 [INFO] 1 change detected
2026-05-07 17:21:23,266 [INFO] 1 change detected
2026-05-07 17:21:23,673 [INFO] 1 change detected
2026-05-07 17:21:24,074 [INFO] 1 change detected
2026-05-07 17:21:24,480 [INFO] 1 change detected
2026-05-07 17:21:24,887 [INFO] 1 change detected
2026-05-07 17:21:25,292 [INFO] 1 change detected
2026-05-07 17:21:25,694 [INFO] 1 change detected
2026-05-07 17:21:26,096 [INFO] 1 change detected
2026-05-07 17:21:26,459 [INFO] 1 change detected
2026-05-07 17:21:26,866 [INFO] 1 change detected
2026-05-07 17:21:27,277 [INFO] 1 change detected
2026-05-07 17:21:27,688 [INFO] 1 change detected
2026-05-07 17:21:28,105 [INFO] 1 change detected
2026-05-07 17:21:28,466 [INFO] 1 change detected
2026-05-07 17:21:28,880 [INFO] 1 change detected
2026-05-07 17:21:29,286 [INFO] 1 change detected
2026-05-07 17:21:29,693 [INFO] 1 change detected
2026-05-07 17:21:30,151 [INFO] 1 change detected
2026-05-07 17:21:30,514 [INFO] 1 change detected
2026-05-07 17:21:30,923 [INFO] 1 change detected
2026-05-07 17:21:31,337 [INFO] 1 change detected
2026-05-07 17:21:31,700 [INFO] 1 change detected
2026-05-07 17:21:32,107 [INFO] 1 change detected
2026-05-07 17:21:32,517 [INFO] 1 change detected
2026-05-07 17:21:32,926 [INFO] 1 change detected
2026-05-07 17:21:33,336 [INFO] 1 change detected
2026-05-07 17:21:33,747 [INFO] 1 change detected
2026-05-07 17:21:34,155 [INFO] 1 change detected
2026-05-07 17:21:34,517 [INFO] 1 change detected
2026-05-07 17:21:34,928 [INFO] 1 change detected
2026-05-07 17:21:35,333 [INFO] 1 change detected
2026-05-07 17:21:35,747 [INFO] 1 change detected
2026-05-07 17:21:36,106 [INFO] 1 change detected
2026-05-07 17:21:36,512 [INFO] 1 change detected
2026-05-07 17:21:36,917 [INFO] 1 change detected
2026-05-07 17:21:37,326 [INFO] 1 change detected
2026-05-07 17:21:37,743 [INFO] 1 change detected
2026-05-07 17:21:38,155 [INFO] 1 change detected
2026-05-07 17:21:38,508 [INFO] 1 change detected
2026-05-07 17:21:38,923 [INFO] 1 change detected
2026-05-07 17:21:39,332 [INFO] 1 change detected
2026-05-07 17:21:39,742 [INFO] 1 change detected
2026-05-07 17:21:40,146 [INFO] 1 change detected
2026-05-07 17:21:40,553 [INFO] 1 change detected
2026-05-07 17:21:40,917 [INFO] 1 change detected
2026-05-07 17:21:41,332 [INFO] 1 change detected
2026-05-07 17:21:41,738 [INFO] 1 change detected
2026-05-07 17:21:42,100 [INFO] 1 change detected
2026-05-07 17:21:42,508 [INFO] 1 change detected
2026-05-07 17:21:42,923 [INFO] 1 change detected
2026-05-07 17:21:43,277 [INFO] 1 change detected
2026-05-07 17:21:43,689 [INFO] 1 change detected
2026-05-07 17:21:44,101 [INFO] 1 change detected
2026-05-07 17:21:44,512 [INFO] 1 change detected
2026-05-07 17:21:44,866 [INFO] 1 change detected
2026-05-07 17:21:45,283 [INFO] 1 change detected
2026-05-07 17:21:45,697 [INFO] 1 change detected
2026-05-07 17:21:46,105 [INFO] 1 change detected
2026-05-07 17:21:46,515 [INFO] 1 change detected
2026-05-07 17:21:46,873 [INFO] 1 change detected
2026-05-07 17:21:47,286 [INFO] 1 change detected
2026-05-07 17:21:47,699 [INFO] 1 change detected
2026-05-07 17:21:48,103 [INFO] 1 change detected
2026-05-07 17:21:48,508 [INFO] 1 change detected
2026-05-07 17:21:48,916 [INFO] 1 change detected
2026-05-07 17:21:49,272 [INFO] 1 change detected
2026-05-07 17:21:49,683 [INFO] 1 change detected
2026-05-07 17:21:50,091 [INFO] 1 change detected
2026-05-07 17:21:50,504 [INFO] 1 change detected
2026-05-07 17:21:50,914 [INFO] 1 change detected
2026-05-07 17:21:51,324 [INFO] 1 change detected
2026-05-07 17:21:51,726 [INFO] 1 change detected
2026-05-07 17:21:52,136 [INFO] 1 change detected
2026-05-07 17:21:52,501 [INFO] 1 change detected
2026-05-07 17:21:52,909 [INFO] 1 change detected
2026-05-07 17:21:53,316 [INFO] 1 change detected
2026-05-07 17:21:53,731 [INFO] 1 change detected
2026-05-07 17:21:54,093 [INFO] 1 change detected
2026-05-07 17:21:54,496 [INFO] 1 change detected
2026-05-07 17:21:54,907 [INFO] 1 change detected
2026-05-07 17:21:55,272 [INFO] 1 change detected
2026-05-07 17:21:55,686 [INFO] 1 change detected
2026-05-07 17:21:56,102 [INFO] 1 change detected
2026-05-07 17:21:56,511 [INFO] 1 change detected
2026-05-07 17:21:56,876 [INFO] 1 change detected
2026-05-07 17:21:57,291 [INFO] 1 change detected
2026-05-07 17:21:57,706 [INFO] 1 change detected
2026-05-07 17:21:58,069 [INFO] 1 change detected
2026-05-07 17:21:58,487 [INFO] 1 change detected
2026-05-07 17:21:58,896 [INFO] 1 change detected
2026-05-07 17:21:59,308 [INFO] 1 change detected
2026-05-07 17:21:59,675 [INFO] 1 change detected
2026-05-07 17:22:00,080 [INFO] 1 change detected
2026-05-07 17:22:00,483 [INFO] 1 change detected
2026-05-07 17:22:00,896 [INFO] 1 change detected
2026-05-07 17:22:01,304 [INFO] 1 change detected
2026-05-07 17:22:01,717 [INFO] 1 change detected
2026-05-07 17:22:02,119 [INFO] 1 change detected
2026-05-07 17:22:02,533 [INFO] 1 change detected
2026-05-07 17:22:02,891 [INFO] 1 change detected
2026-05-07 17:22:03,298 [INFO] 1 change detected
2026-05-07 17:22:03,704 [INFO] 1 change detected
2026-05-07 17:22:04,112 [INFO] 1 change detected
2026-05-07 17:22:04,526 [INFO] 1 change detected
2026-05-07 17:22:04,931 [INFO] 1 change detected
2026-05-07 17:22:05,332 [INFO] 1 change detected
2026-05-07 17:22:05,747 [INFO] 1 change detected
2026-05-07 17:22:06,156 [INFO] 1 change detected
2026-05-07 17:22:06,568 [INFO] 1 change detected
2026-05-07 17:22:06,927 [INFO] 1 change detected
2026-05-07 17:22:07,343 [INFO] 1 change detected
2026-05-07 17:22:07,747 [INFO] 1 change detected
2026-05-07 17:22:08,155 [INFO] 1 change detected
2026-05-07 17:22:08,519 [INFO] 1 change detected
2026-05-07 17:22:08,927 [INFO] 1 change detected
2026-05-07 17:22:09,343 [INFO] 1 change detected
2026-05-07 17:22:09,747 [INFO] 1 change detected
2026-05-07 17:22:10,102 [INFO] 1 change detected
2026-05-07 17:22:10,506 [INFO] 1 change detected
2026-05-07 17:22:10,916 [INFO] 1 change detected
2026-05-07 17:22:11,332 [INFO] 1 change detected
2026-05-07 17:22:11,744 [INFO] 1 change detected
2026-05-07 17:22:12,106 [INFO] 1 change detected
2026-05-07 17:22:12,508 [INFO] 1 change detected
2026-05-07 17:22:12,922 [INFO] 1 change detected
2026-05-07 17:22:13,337 [INFO] 1 change detected
2026-05-07 17:22:13,742 [INFO] 1 change detected
2026-05-07 17:22:14,147 [INFO] 1 change detected
2026-05-07 17:22:14,563 [INFO] 1 change detected
2026-05-07 17:22:14,973 [INFO] 1 change detected
2026-05-07 17:22:15,381 [INFO] 1 change detected
2026-05-07 17:22:15,742 [INFO] 1 change detected
2026-05-07 17:22:16,152 [INFO] 1 change detected
2026-05-07 17:22:16,564 [INFO] 1 change detected
2026-05-07 17:22:16,966 [INFO] 1 change detected
2026-05-07 17:22:17,382 [INFO] 1 change detected
2026-05-07 17:22:17,787 [INFO] 1 change detected
2026-05-07 17:22:18,151 [INFO] 1 change detected
2026-05-07 17:22:18,561 [INFO] 1 change detected
2026-05-07 17:22:18,966 [INFO] 1 change detected
2026-05-07 17:22:19,369 [INFO] 1 change detected
2026-05-07 17:22:19,784 [INFO] 1 change detected
2026-05-07 17:22:20,150 [INFO] 1 change detected
2026-05-07 17:22:20,558 [INFO] 1 change detected
2026-05-07 17:22:20,972 [INFO] 1 change detected
2026-05-07 17:22:21,335 [INFO] 1 change detected
2026-05-07 17:22:21,745 [INFO] 1 change detected
2026-05-07 17:22:22,112 [INFO] 1 change detected
2026-05-07 17:22:22,525 [INFO] 1 change detected
2026-05-07 17:22:22,931 [INFO] 1 change detected
2026-05-07 17:22:23,333 [INFO] 1 change detected
2026-05-07 17:22:23,693 [INFO] 1 change detected
2026-05-07 17:22:24,097 [INFO] 1 change detected
2026-05-07 17:22:24,504 [INFO] 1 change detected
2026-05-07 17:22:24,916 [INFO] 1 change detected
2026-05-07 17:22:25,327 [INFO] 1 change detected
2026-05-07 17:22:25,682 [INFO] 1 change detected
2026-05-07 17:22:26,098 [INFO] 1 change detected
2026-05-07 17:22:26,514 [INFO] 1 change detected
2026-05-07 17:22:26,878 [INFO] 1 change detected
2026-05-07 17:22:27,287 [INFO] 1 change detected
2026-05-07 17:22:27,703 [INFO] 1 change detected
2026-05-07 17:22:28,105 [INFO] 1 change detected
2026-05-07 17:22:28,512 [INFO] 1 change detected
2026-05-07 17:22:28,923 [INFO] 1 change detected
2026-05-07 17:22:29,277 [INFO] 1 change detected
2026-05-07 17:22:29,688 [INFO] 1 change detected
2026-05-07 17:22:30,096 [INFO] 1 change detected
2026-05-07 17:22:30,503 [INFO] 1 change detected
2026-05-07 17:22:30,917 [INFO] 1 change detected
2026-05-07 17:22:31,282 [INFO] 1 change detected
2026-05-07 17:22:31,697 [INFO] 1 change detected
2026-05-07 17:22:32,107 [INFO] 1 change detected
2026-05-07 17:22:32,511 [INFO] 1 change detected
2026-05-07 17:22:32,916 [INFO] 1 change detected
2026-05-07 17:22:33,332 [INFO] 1 change detected
2026-05-07 17:22:33,690 [INFO] 1 change detected
2026-05-07 17:22:34,098 [INFO] 1 change detected
2026-05-07 17:22:34,506 [INFO] 1 change detected
2026-05-07 17:22:34,917 [INFO] 1 change detected
2026-05-07 17:22:35,322 [INFO] 1 change detected
2026-05-07 17:22:35,732 [INFO] 1 change detected
2026-05-07 17:22:36,136 [INFO] 1 change detected
2026-05-07 17:22:36,502 [INFO] 1 change detected
2026-05-07 17:22:36,906 [INFO] 1 change detected
2026-05-07 17:22:37,318 [INFO] 1 change detected
2026-05-07 17:22:37,733 [INFO] 1 change detected
2026-05-07 17:22:38,143 [INFO] 1 change detected
2026-05-07 17:22:38,500 [INFO] 1 change detected
2026-05-07 17:22:38,952 [INFO] 1 change detected
2026-05-07 17:22:39,317 [INFO] 1 change detected
2026-05-07 17:22:39,731 [INFO] 1 change detected
2026-05-07 17:22:40,138 [INFO] 1 change detected
2026-05-07 17:22:40,542 [INFO] 1 change detected
2026-05-07 17:22:40,946 [INFO] 1 change detected
2026-05-07 17:22:41,360 [INFO] 1 change detected
2026-05-07 17:22:41,761 [INFO] 1 change detected
2026-05-07 17:22:42,165 [INFO] 1 change detected
2026-05-07 17:22:42,524 [INFO] 1 change detected
2026-05-07 17:22:42,929 [INFO] 1 change detected
2026-05-07 17:22:43,334 [INFO] 1 change detected
2026-05-07 17:22:43,737 [INFO] 1 change detected
2026-05-07 17:22:44,102 [INFO] 1 change detected
2026-05-07 17:22:44,512 [INFO] 1 change detected
2026-05-07 17:22:44,917 [INFO] 1 change detected
2026-05-07 17:22:45,326 [INFO] 1 change detected
2026-05-07 17:22:45,732 [INFO] 1 change detected
2026-05-07 17:22:46,138 [INFO] 1 change detected
2026-05-07 17:22:46,496 [INFO] 1 change detected
2026-05-07 17:22:46,910 [INFO] 1 change detected
2026-05-07 17:22:47,313 [INFO] 1 change detected
2026-05-07 17:22:47,716 [INFO] 1 change detected
2026-05-07 17:22:48,122 [INFO] 1 change detected
2026-05-07 17:22:48,487 [INFO] 1 change detected
2026-05-07 17:22:48,893 [INFO] 1 change detected
2026-05-07 17:22:49,296 [INFO] 1 change detected
2026-05-07 17:22:49,706 [INFO] 1 change detected
2026-05-07 17:22:50,111 [INFO] 1 change detected
2026-05-07 17:22:50,475 [INFO] 1 change detected
2026-05-07 17:22:50,890 [INFO] 1 change detected
2026-05-07 17:22:51,300 [INFO] 1 change detected
2026-05-07 17:22:51,707 [INFO] 1 change detected
2026-05-07 17:22:52,110 [INFO] 1 change detected
2026-05-07 17:22:52,475 [INFO] 1 change detected
2026-05-07 17:22:52,891 [INFO] 1 change detected
2026-05-07 17:22:53,302 [INFO] 1 change detected
2026-05-07 17:22:53,717 [INFO] 1 change detected
2026-05-07 17:22:54,076 [INFO] 1 change detected
2026-05-07 17:22:54,487 [INFO] 1 change detected
2026-05-07 17:22:54,947 [INFO] 1 change detected
2026-05-07 17:22:55,306 [INFO] 1 change detected
2026-05-07 17:22:55,723 [INFO] 1 change detected
2026-05-07 17:22:56,135 [INFO] 1 change detected
2026-05-07 17:22:56,542 [INFO] 1 change detected
2026-05-07 17:22:56,906 [INFO] 1 change detected
2026-05-07 17:22:57,316 [INFO] 1 change detected
2026-05-07 17:22:57,722 [INFO] 1 change detected
2026-05-07 17:22:58,128 [INFO] 1 change detected
2026-05-07 17:22:58,486 [INFO] 1 change detected
2026-05-07 17:22:58,891 [INFO] 1 change detected
2026-05-07 17:22:59,302 [INFO] 1 change detected
2026-05-07 17:22:59,717 [INFO] 1 change detected
2026-05-07 17:23:00,127 [INFO] 1 change detected
2026-05-07 17:23:00,485 [INFO] 1 change detected
2026-05-07 17:23:00,893 [INFO] 1 change detected
2026-05-07 17:23:01,295 [INFO] 1 change detected
2026-05-07 17:23:01,711 [INFO] 1 change detected
2026-05-07 17:23:02,121 [INFO] 1 change detected
2026-05-07 17:23:02,527 [INFO] 1 change detected
2026-05-07 17:23:02,884 [INFO] 1 change detected
2026-05-07 17:23:03,288 [INFO] 1 change detected
2026-05-07 17:23:03,693 [INFO] 1 change detected
2026-05-07 17:23:04,096 [INFO] 1 change detected
2026-05-07 17:23:04,507 [INFO] 1 change detected
2026-05-07 17:23:04,917 [INFO] 1 change detected
2026-05-07 17:23:05,327 [INFO] 1 change detected
2026-05-07 17:23:05,743 [INFO] 1 change detected
2026-05-07 17:23:06,103 [INFO] 1 change detected
2026-05-07 17:23:06,506 [INFO] 1 change detected
2026-05-07 17:23:06,915 [INFO] 1 change detected
2026-05-07 17:23:07,319 [INFO] 1 change detected
2026-05-07 17:23:07,727 [INFO] 1 change detected
2026-05-07 17:23:08,133 [INFO] 1 change detected
2026-05-07 17:23:08,487 [INFO] 1 change detected
2026-05-07 17:23:08,894 [INFO] 1 change detected
2026-05-07 17:23:09,307 [INFO] 1 change detected
2026-05-07 17:23:09,720 [INFO] 1 change detected
2026-05-07 17:23:10,125 [INFO] 1 change detected
2026-05-07 17:23:10,535 [INFO] 1 change detected
2026-05-07 17:23:10,949 [INFO] 1 change detected
2026-05-07 17:23:11,302 [INFO] 1 change detected
2026-05-07 17:23:11,708 [INFO] 1 change detected
2026-05-07 17:23:12,123 [INFO] 1 change detected
2026-05-07 17:23:12,479 [INFO] 1 change detected
2026-05-07 17:23:12,886 [INFO] 1 change detected
2026-05-07 17:23:13,296 [INFO] 1 change detected
2026-05-07 17:23:13,702 [INFO] 1 change detected
2026-05-07 17:23:14,106 [INFO] 1 change detected
2026-05-07 17:23:14,464 [INFO] 1 change detected
2026-05-07 17:23:14,876 [INFO] 1 change detected
2026-05-07 17:23:15,285 [INFO] 1 change detected
2026-05-07 17:23:15,649 [INFO] 1 change detected
2026-05-07 17:23:16,054 [INFO] 1 change detected
2026-05-07 17:23:16,466 [INFO] 1 change detected
2026-05-07 17:23:16,881 [INFO] 1 change detected
2026-05-07 17:23:17,241 [INFO] 1 change detected
2026-05-07 17:23:17,645 [INFO] 14 changes detected
2026-05-07 17:23:18,006 [INFO] 1 change detected
2026-05-07 17:23:18,415 [INFO] 1 change detected
2026-05-07 17:23:18,817 [INFO] 1 change detected
2026-05-07 17:23:18,825 [INFO] Mock 发送验证码: phone=13800138000
2026-05-07 17:23:19,140 [INFO] 新用户注册: id=1 phone=13800138000
2026-05-07 17:23:19,226 [INFO] 7 changes detected
2026-05-07 17:23:19,635 [INFO] 6 changes detected
2026-05-07 17:23:19,713 [INFO] 订单创建: order=a43fcca6-a0ee-413e-b03e-4b73001ccbc4 amount=29
2026-05-07 17:23:19,996 [INFO] 1 change detected
2026-05-07 17:23:20,025 [INFO] 订单创建: order=6ab69730-6c9f-4420-a190-496d246eb621 amount=29
2026-05-07 17:23:20,304 [INFO] 支付回调: order=6ab69730-6c9f-4420-a190-496d246eb621 status=success
2026-05-07 17:23:20,412 [INFO] 1 change detected
2026-05-07 17:23:20,821 [INFO] 1 change detected
2026-05-07 17:23:21,236 [INFO] 1 change detected
2026-05-07 17:23:21,646 [INFO] 1 change detected
2026-05-07 17:23:22,056 [INFO] 1 change detected
2026-05-07 17:23:22,422 [INFO] 1 change detected
2026-05-07 17:23:22,824 [INFO] 1 change detected
2026-05-07 17:23:23,230 [INFO] 1 change detected
2026-05-07 17:23:23,636 [INFO] 1 change detected
2026-05-07 17:23:24,045 [INFO] 1 change detected
2026-05-07 17:23:24,451 [INFO] 1 change detected
2026-05-07 17:23:24,816 [INFO] 1 change detected
2026-05-07 17:23:25,231 [INFO] 1 change detected
2026-05-07 17:23:25,636 [INFO] 1 change detected
2026-05-07 17:23:26,049 [INFO] 1 change detected
2026-05-07 17:23:26,465 [INFO] 1 change detected
2026-05-07 17:23:26,872 [INFO] 1 change detected
2026-05-07 17:23:27,286 [INFO] 1 change detected
2026-05-07 17:23:27,693 [INFO] 1 change detected
2026-05-07 17:23:28,053 [INFO] 1 change detected
2026-05-07 17:23:28,461 [INFO] 1 change detected
2026-05-07 17:23:28,867 [INFO] 1 change detected
2026-05-07 17:23:29,283 [INFO] 1 change detected
2026-05-07 17:23:29,687 [INFO] 1 change detected
2026-05-07 17:23:30,096 [INFO] 1 change detected
2026-05-07 17:23:30,507 [INFO] 1 change detected
2026-05-07 17:23:30,872 [INFO] 1 change detected
2026-05-07 17:23:31,287 [INFO] 1 change detected
2026-05-07 17:23:31,697 [INFO] 1 change detected
2026-05-07 17:23:32,056 [INFO] 1 change detected
2026-05-07 17:23:32,464 [INFO] 1 change detected
2026-05-07 17:23:32,877 [INFO] 1 change detected
2026-05-07 17:23:33,291 [INFO] 1 change detected
2026-05-07 17:23:33,693 [INFO] 1 change detected
2026-05-07 17:23:34,102 [INFO] 1 change detected
2026-05-07 17:23:34,508 [INFO] 1 change detected
2026-05-07 17:23:34,923 [INFO] 1 change detected
2026-05-07 17:23:35,286 [INFO] 1 change detected
2026-05-07 17:23:35,691 [INFO] 1 change detected
2026-05-07 17:23:36,097 [INFO] 1 change detected
2026-05-07 17:23:36,503 [INFO] 1 change detected
2026-05-07 17:23:36,908 [INFO] 1 change detected
2026-05-07 17:23:37,316 [INFO] 1 change detected
2026-05-07 17:23:37,725 [INFO] 1 change detected
2026-05-07 17:23:38,086 [INFO] 1 change detected
2026-05-07 17:23:38,503 [INFO] 1 change detected
2026-05-07 17:23:38,910 [INFO] 1 change detected
2026-05-07 17:23:39,323 [INFO] 1 change detected
2026-05-07 17:23:39,674 [INFO] 1 change detected
2026-05-07 17:23:40,127 [INFO] 1 change detected
2026-05-07 17:23:40,485 [INFO] 1 change detected
2026-05-07 17:23:40,901 [INFO] 1 change detected
2026-05-07 17:23:41,306 [INFO] 1 change detected
2026-05-07 17:23:41,725 [INFO] 1 change detected
2026-05-07 17:23:42,091 [INFO] 1 change detected
2026-05-07 17:23:42,496 [INFO] 1 change detected
2026-05-07 17:23:42,906 [INFO] 1 change detected
2026-05-07 17:23:43,318 [INFO] 1 change detected
2026-05-07 17:23:43,726 [INFO] 1 change detected
2026-05-07 17:23:44,136 [INFO] 1 change detected
2026-05-07 17:23:44,541 [INFO] 1 change detected
2026-05-07 17:23:44,945 [INFO] 1 change detected
2026-05-07 17:23:45,362 [INFO] 1 change detected
2026-05-07 17:23:45,726 [INFO] 1 change detected
2026-05-07 17:23:46,141 [INFO] 1 change detected
2026-05-07 17:23:46,546 [INFO] 1 change detected
2026-05-07 17:23:46,956 [INFO] 1 change detected
2026-05-07 17:23:47,320 [INFO] 1 change detected
2026-05-07 17:23:47,730 [INFO] 1 change detected
2026-05-07 17:23:48,138 [INFO] 1 change detected
2026-05-07 17:23:48,546 [INFO] 1 change detected
2026-05-07 17:23:48,951 [INFO] 1 change detected
2026-05-07 17:23:49,353 [INFO] 1 change detected
2026-05-07 17:23:49,755 [INFO] 1 change detected
2026-05-07 17:23:50,166 [INFO] 1 change detected
2026-05-07 17:23:50,521 [INFO] 1 change detected
2026-05-07 17:23:50,932 [INFO] 1 change detected
2026-05-07 17:23:51,342 [INFO] 1 change detected
2026-05-07 17:23:51,744 [INFO] 1 change detected
2026-05-07 17:23:52,156 [INFO] 1 change detected
2026-05-07 17:23:52,566 [INFO] 1 change detected
2026-05-07 17:23:52,981 [INFO] 1 change detected
2026-05-07 17:23:53,383 [INFO] 1 change detected
2026-05-07 17:23:53,741 [INFO] 1 change detected
2026-05-07 17:23:54,148 [INFO] 1 change detected
2026-05-07 17:23:54,561 [INFO] 1 change detected
2026-05-07 17:23:54,918 [INFO] 1 change detected
2026-05-07 17:23:55,331 [INFO] 1 change detected
2026-05-07 17:23:55,733 [INFO] 1 change detected
2026-05-07 17:23:56,136 [INFO] 1 change detected
2026-05-07 17:23:56,541 [INFO] 1 change detected
2026-05-07 17:23:56,946 [INFO] 1 change detected
2026-05-07 17:23:57,351 [INFO] 1 change detected
2026-05-07 17:23:57,716 [INFO] 1 change detected
2026-05-07 17:23:58,124 [INFO] 1 change detected
2026-05-07 17:23:58,527 [INFO] 1 change detected
2026-05-07 17:23:58,935 [INFO] 1 change detected
2026-05-07 17:23:59,346 [INFO] 1 change detected
2026-05-07 17:23:59,706 [INFO] 1 change detected
2026-05-07 17:24:00,117 [INFO] 1 change detected
2026-05-07 17:24:00,476 [INFO] 1 change detected
2026-05-07 17:24:00,893 [INFO] 1 change detected
2026-05-07 17:24:01,304 [INFO] 1 change detected
2026-05-07 17:24:01,716 [INFO] 1 change detected
2026-05-07 17:24:02,131 [INFO] 1 change detected
2026-05-07 17:24:02,537 [INFO] 1 change detected
2026-05-07 17:24:02,943 [INFO] 1 change detected
2026-05-07 17:24:03,306 [INFO] 1 change detected
2026-05-07 17:24:03,718 [INFO] 1 change detected
2026-05-07 17:24:04,126 [INFO] 1 change detected
2026-05-07 17:24:04,539 [INFO] 1 change detected
2026-05-07 17:24:04,950 [INFO] 1 change detected
2026-05-07 17:24:05,311 [INFO] 1 change detected
2026-05-07 17:24:05,714 [INFO] 1 change detected
2026-05-07 17:24:06,123 [INFO] 1 change detected
2026-05-07 17:24:06,527 [INFO] 1 change detected
2026-05-07 17:24:06,937 [INFO] 1 change detected
2026-05-07 17:24:07,353 [INFO] 1 change detected
2026-05-07 17:24:07,706 [INFO] 1 change detected
2026-05-07 17:24:08,122 [INFO] 1 change detected
2026-05-07 17:24:08,487 [INFO] 1 change detected
2026-05-07 17:24:08,903 [INFO] 1 change detected
2026-05-07 17:24:09,317 [INFO] 1 change detected
2026-05-07 17:24:09,729 [INFO] 1 change detected
2026-05-07 17:24:10,090 [INFO] 1 change detected
2026-05-07 17:24:10,503 [INFO] 1 change detected
2026-05-07 17:24:10,917 [INFO] 1 change detected
2026-05-07 17:24:11,327 [INFO] 1 change detected
2026-05-07 17:24:11,685 [INFO] 1 change detected
2026-05-07 17:24:12,137 [INFO] 1 change detected
2026-05-07 17:24:12,503 [INFO] 1 change detected
2026-05-07 17:24:12,910 [INFO] 1 change detected
2026-05-07 17:24:13,317 [INFO] 1 change detected
2026-05-07 17:24:13,723 [INFO] 1 change detected
2026-05-07 17:24:14,076 [INFO] 1 change detected
2026-05-07 17:24:14,492 [INFO] 1 change detected
2026-05-07 17:24:14,900 [INFO] 1 change detected
2026-05-07 17:24:15,363 [INFO] 6 changes detected
2026-05-07 17:24:15,720 [INFO] 1 change detected
2026-05-07 17:24:16,076 [INFO] 1 change detected
2026-05-07 17:24:16,490 [INFO] 1 change detected
2026-05-07 17:24:16,900 [INFO] 1 change detected
2026-05-07 17:24:17,302 [INFO] 1 change detected
2026-05-07 17:24:17,666 [INFO] 1 change detected
2026-05-07 17:24:18,076 [INFO] 1 change detected
2026-05-07 17:24:18,489 [INFO] 1 change detected
2026-05-07 17:24:18,892 [INFO] 1 change detected
2026-05-07 17:24:19,303 [INFO] 1 change detected
2026-05-07 17:24:19,661 [INFO] 1 change detected
2026-05-07 17:24:20,066 [INFO] 1 change detected
2026-05-07 17:24:20,477 [INFO] 1 change detected
2026-05-07 17:24:20,879 [INFO] 1 change detected
2026-05-07 17:24:21,280 [INFO] 1 change detected
2026-05-07 17:24:21,688 [INFO] 1 change detected
2026-05-07 17:24:22,101 [INFO] 1 change detected
2026-05-07 17:24:22,506 [INFO] 6 changes detected
2026-05-07 17:24:22,860 [INFO] 1 change detected
2026-05-07 17:24:23,276 [INFO] 1 change detected
2026-05-07 17:24:23,690 [INFO] 1 change detected
2026-05-07 17:24:24,056 [INFO] 1 change detected
2026-05-07 17:24:24,473 [INFO] 1 change detected
2026-05-07 17:24:24,836 [INFO] 1 change detected
2026-05-07 17:24:25,253 [INFO] 1 change detected
2026-05-07 17:24:25,656 [INFO] 1 change detected
2026-05-07 17:24:26,019 [INFO] 1 change detected
2026-05-07 17:24:26,429 [INFO] 1 change detected
2026-05-07 17:24:26,794 [INFO] 1 change detected
2026-05-07 17:24:27,200 [INFO] 1 change detected
2026-05-07 17:24:27,614 [INFO] 1 change detected
2026-05-07 17:24:28,026 [INFO] 1 change detected
2026-05-07 17:24:28,378 [INFO] 1 change detected
2026-05-07 17:24:28,794 [INFO] 1 change detected
2026-05-07 17:24:29,200 [INFO] 1 change detected
2026-05-07 17:24:29,606 [INFO] 1 change detected
2026-05-07 17:24:29,966 [INFO] 1 change detected
2026-05-07 17:24:30,368 [INFO] 1 change detected
2026-05-07 17:24:30,778 [INFO] 1 change detected
2026-05-07 17:24:31,181 [INFO] 1 change detected
2026-05-07 17:24:31,592 [INFO] 1 change detected
2026-05-07 17:24:31,995 [INFO] 1 change detected
2026-05-07 17:24:32,406 [INFO] 1 change detected
2026-05-07 17:24:32,757 [INFO] 1 change detected
2026-05-07 17:24:33,162 [INFO] 1 change detected
2026-05-07 17:24:33,571 [INFO] 1 change detected
2026-05-07 17:24:33,984 [INFO] 1 change detected
2026-05-07 17:24:34,396 [INFO] 1 change detected
2026-05-07 17:24:34,751 [INFO] 1 change detected
2026-05-07 17:24:35,156 [INFO] 1 change detected
2026-05-07 17:24:35,568 [INFO] 1 change detected
2026-05-07 17:24:35,976 [INFO] 1 change detected
2026-05-07 17:24:36,387 [INFO] 1 change detected
2026-05-07 17:24:36,789 [INFO] 1 change detected
2026-05-07 17:24:37,200 [INFO] 1 change detected
2026-05-07 17:24:37,606 [INFO] 1 change detected
2026-05-07 17:24:38,008 [INFO] 1 change detected
2026-05-07 17:24:38,361 [INFO] 1 change detected
2026-05-07 17:24:38,725 [INFO] 1 change detected
2026-05-07 17:24:39,088 [INFO] 1 change detected
2026-05-07 17:24:39,452 [INFO] 1 change detected
2026-05-07 17:24:39,806 [INFO] 1 change detected
2026-05-07 17:24:40,168 [INFO] 1 change detected
2026-05-07 17:24:40,578 [INFO] 1 change detected
2026-05-07 17:24:40,987 [INFO] 1 change detected
2026-05-07 17:24:41,391 [INFO] 1 change detected
2026-05-07 17:24:41,800 [INFO] 1 change detected
2026-05-07 17:24:42,206 [INFO] 1 change detected
2026-05-07 17:24:42,614 [INFO] 1 change detected
2026-05-07 17:24:43,025 [INFO] 1 change detected
2026-05-07 17:24:43,394 [INFO] 1 change detected
2026-05-07 17:24:43,797 [INFO] 1 change detected
2026-05-07 17:24:44,206 [INFO] 1 change detected
2026-05-07 17:24:44,619 [INFO] 1 change detected
2026-05-07 17:24:44,976 [INFO] 1 change detected
2026-05-07 17:24:45,382 [INFO] 1 change detected
2026-05-07 17:24:45,786 [INFO] 1 change detected
2026-05-07 17:24:46,196 [INFO] 1 change detected
2026-05-07 17:24:46,556 [INFO] 1 change detected
2026-05-07 17:24:46,962 [INFO] 1 change detected
2026-05-07 17:24:47,376 [INFO] 1 change detected
2026-05-07 17:24:47,786 [INFO] 1 change detected
2026-05-07 17:24:48,197 [INFO] 1 change detected
2026-05-07 17:24:48,606 [INFO] 1 change detected
2026-05-07 17:24:48,972 [INFO] 1 change detected
2026-05-07 17:24:49,379 [INFO] 1 change detected
2026-05-07 17:24:49,785 [INFO] 1 change detected
2026-05-07 17:24:50,197 [INFO] 1 change detected
2026-05-07 17:24:50,563 [INFO] 1 change detected
2026-05-07 17:24:50,972 [INFO] 1 change detected
2026-05-07 17:24:51,377 [INFO] 1 change detected
2026-05-07 17:24:51,779 [INFO] 1 change detected
2026-05-07 17:24:52,188 [INFO] 1 change detected
2026-05-07 17:24:52,592 [INFO] 1 change detected
2026-05-07 17:24:52,997 [INFO] 1 change detected
2026-05-07 17:24:53,364 [INFO] 1 change detected
2026-05-07 17:24:53,817 [INFO] 1 change detected
2026-05-07 17:24:54,172 [INFO] 1 change detected
2026-05-07 17:24:54,586 [INFO] 1 change detected
2026-05-07 17:24:54,994 [INFO] 1 change detected
2026-05-07 17:24:55,403 [INFO] 1 change detected
2026-05-07 17:24:55,818 [INFO] 1 change detected
2026-05-07 17:24:56,226 [INFO] 1 change detected
2026-05-07 17:24:56,584 [INFO] 1 change detected
2026-05-07 17:24:56,997 [INFO] 1 change detected
2026-05-07 17:24:57,406 [INFO] 1 change detected
2026-05-07 17:24:57,769 [INFO] 1 change detected
2026-05-07 17:24:58,177 [INFO] 1 change detected
2026-05-07 17:24:58,592 [INFO] 1 change detected
2026-05-07 17:24:58,955 [INFO] 1 change detected
2026-05-07 17:24:59,369 [INFO] 1 change detected
2026-05-07 17:24:59,775 [INFO] 1 change detected
2026-05-07 17:25:00,184 [INFO] 1 change detected
2026-05-07 17:25:00,597 [INFO] 1 change detected
2026-05-07 17:25:01,002 [INFO] 1 change detected
2026-05-07 17:25:01,366 [INFO] 1 change detected
2026-05-07 17:25:01,781 [INFO] 1 change detected
2026-05-07 17:25:02,187 [INFO] 1 change detected
2026-05-07 17:25:02,588 [INFO] 1 change detected
2026-05-07 17:25:02,996 [INFO] 1 change detected
2026-05-07 17:25:03,406 [INFO] 1 change detected
2026-05-07 17:25:03,762 [INFO] 1 change detected
2026-05-07 17:25:04,173 [INFO] 1 change detected
2026-05-07 17:25:04,587 [INFO] 1 change detected
2026-05-07 17:25:04,997 [INFO] 1 change detected
2026-05-07 17:25:05,360 [INFO] 1 change detected
2026-05-07 17:25:05,764 [INFO] 1 change detected
2026-05-07 17:25:06,177 [INFO] 1 change detected
2026-05-07 17:25:06,584 [INFO] 1 change detected
2026-05-07 17:25:06,627 [INFO] 视频已保存: task=dad56c74-feb5-4219-858c-2aafc2e485bf size=32 bytes
2026-05-07 17:25:06,659 [INFO] Whisper 请求开始: task=dad56c74-feb5-4219-858c-2aafc2e485bf
2026-05-07 17:25:06,945 [INFO] 8 changes detected
2026-05-07 17:25:07,309 [INFO] 1 change detected
2026-05-07 17:25:07,670 [INFO] 1 change detected
2026-05-07 17:25:08,028 [INFO] 1 change detected
2026-05-07 17:25:08,379 [INFO] 1 change detected
2026-05-07 17:25:08,735 [INFO] 1 change detected
2026-05-07 17:25:09,100 [INFO] 1 change detected
2026-05-07 17:25:09,513 [INFO] 1 change detected
2026-05-07 17:25:09,925 [INFO] 1 change detected
2026-05-07 17:25:10,065 [INFO] 视频已保存: task=caf9438c-c931-471c-a3e8-a26d0c26b81f size=32 bytes
2026-05-07 17:25:10,087 [INFO] Whisper 请求开始: task=caf9438c-c931-471c-a3e8-a26d0c26b81f
2026-05-07 17:25:10,283 [INFO] 3 changes detected
2026-05-07 17:25:10,641 [INFO] 1 change detected
2026-05-07 17:25:10,927 [INFO] HTTP Request: POST https://api.aihubmix.com/v1/audio/transcriptions "HTTP/1.1 400 Bad Request"
2026-05-07 17:25:10,929 [ERROR] Whisper 失败: task=dad56c74-feb5-4219-858c-2aafc2e485bf error=Traceback (most recent call last):
  File "D:\code\claude-code-file\main.py", line 354, in process_whisper
    raise RuntimeError(
        f"Whisper API 返回 {resp.status_code}: {resp.text[:300]}"
    )
RuntimeError: Whisper API 返回 400: {"error":{"message":" (tid: 2026050709251081957889201588636)","type":"upstream_error","param":"400","code":"bad_response_status_code"}}

2026-05-07 17:25:11,043 [INFO] 2 changes detected
2026-05-07 17:25:11,395 [INFO] 1 change detected
2026-05-07 17:25:11,751 [INFO] 1 change detected
2026-05-07 17:25:12,164 [INFO] 1 change detected
2026-05-07 17:25:12,572 [INFO] 1 change detected
2026-05-07 17:25:12,915 [INFO] HTTP Request: POST https://api.aihubmix.com/v1/audio/transcriptions "HTTP/1.1 400 Bad Request"
2026-05-07 17:25:12,916 [ERROR] Whisper 失败: task=caf9438c-c931-471c-a3e8-a26d0c26b81f error=Traceback (most recent call last):
  File "D:\code\claude-code-file\main.py", line 354, in process_whisper
    raise RuntimeError(
        f"Whisper API 返回 {resp.status_code}: {resp.text[:300]}"
    )
RuntimeError: Whisper API 返回 400: {"error":{"message":" (tid: 2026050709251285451634613683847)","type":"upstream_error","param":"400","code":"bad_response_status_code"}}

2026-05-07 17:25:13,025 [INFO] 6 changes detected
2026-05-07 17:25:13,436 [INFO] 2 changes detected
2026-05-07 17:25:13,800 [INFO] 1 change detected
2026-05-07 17:25:14,207 [INFO] 1 change detected
2026-05-07 17:25:14,623 [INFO] 1 change detected
2026-05-07 17:25:15,029 [INFO] 1 change detected
2026-05-07 17:25:15,435 [INFO] 1 change detected
2026-05-07 17:25:15,843 [INFO] 1 change detected
2026-05-07 17:25:16,200 [INFO] 1 change detected
2026-05-07 17:25:16,602 [INFO] 1 change detected
2026-05-07 17:25:17,016 [INFO] 1 change detected
2026-05-07 17:25:17,422 [INFO] 1 change detected
2026-05-07 17:25:17,784 [INFO] 1 change detected
2026-05-07 17:25:18,190 [INFO] 1 change detected
2026-05-07 17:25:18,600 [INFO] 1 change detected
2026-05-07 17:25:19,014 [INFO] 1 change detected
2026-05-07 17:25:19,366 [INFO] 1 change detected
2026-05-07 17:25:19,776 [INFO] 1 change detected
2026-05-07 17:25:20,181 [INFO] 8 changes detected
2026-05-07 17:25:20,591 [INFO] 1 change detected
2026-05-07 17:25:20,956 [INFO] 1 change detected
2026-05-07 17:25:21,367 [INFO] 1 change detected
2026-05-07 17:25:21,721 [INFO] 1 change detected
2026-05-07 17:25:22,136 [INFO] 1 change detected
2026-05-07 17:25:22,547 [INFO] 1 change detected
2026-05-07 17:25:22,956 [INFO] 1 change detected
2026-05-07 17:25:23,318 [INFO] 1 change detected
2026-05-07 17:25:23,728 [INFO] 1 change detected
2026-05-07 17:25:24,136 [INFO] 1 change detected
2026-05-07 17:25:24,546 [INFO] 1 change detected
2026-05-07 17:25:24,949 [INFO] 1 change detected
2026-05-07 17:25:25,357 [INFO] 1 change detected
2026-05-07 17:25:25,721 [INFO] 6 changes detected
2026-05-07 17:25:26,077 [INFO] 1 change detected
2026-05-07 17:25:26,431 [INFO] 1 change detected
2026-05-07 17:25:26,797 [INFO] 1 change detected
2026-05-07 17:25:27,206 [INFO] 1 change detected
2026-05-07 17:25:27,608 [INFO] 1 change detected
2026-05-07 17:25:27,960 [INFO] 1 change detected
2026-05-07 17:25:28,372 [INFO] 1 change detected
2026-05-07 17:25:28,784 [INFO] 1 change detected
2026-05-07 17:25:29,187 [INFO] 1 change detected
2026-05-07 17:25:29,599 [INFO] 1 change detected
2026-05-07 17:25:30,002 [INFO] 1 change detected
2026-05-07 17:25:30,365 [INFO] 1 change detected
2026-05-07 17:25:30,780 [INFO] 1 change detected
2026-05-07 17:25:31,131 [INFO] 1 change detected
2026-05-07 17:25:31,537 [INFO] 1 change detected
2026-05-07 17:25:31,941 [INFO] 1 change detected
2026-05-07 17:25:32,356 [INFO] 1 change detected
2026-05-07 17:25:32,768 [INFO] 1 change detected
2026-05-07 17:25:33,128 [INFO] 1 change detected
2026-05-07 17:25:33,542 [INFO] 1 change detected
2026-05-07 17:25:33,951 [INFO] 1 change detected
2026-05-07 17:25:34,361 [INFO] 1 change detected
2026-05-07 17:25:34,767 [INFO] 1 change detected
2026-05-07 17:25:35,125 [INFO] 1 change detected
2026-05-07 17:25:35,533 [INFO] 1 change detected
2026-05-07 17:25:35,940 [INFO] 1 change detected
2026-05-07 17:25:36,352 [INFO] 1 change detected
2026-05-07 17:25:36,766 [INFO] 1 change detected
2026-05-07 17:25:37,178 [INFO] 1 change detected
2026-05-07 17:25:37,539 [INFO] 1 change detected
2026-05-07 17:25:37,943 [INFO] 1 change detected
2026-05-07 17:25:38,348 [INFO] 1 change detected
2026-05-07 17:25:38,752 [INFO] 1 change detected
2026-05-07 17:25:39,156 [INFO] 1 change detected
2026-05-07 17:25:39,571 [INFO] 1 change detected
2026-05-07 17:25:39,932 [INFO] 1 change detected
2026-05-07 17:25:40,341 [INFO] 1 change detected
2026-05-07 17:25:40,756 [INFO] 1 change detected
2026-05-07 17:25:41,112 [INFO] 1 change detected
2026-05-07 17:25:41,516 [INFO] 1 change detected
2026-05-07 17:25:41,924 [INFO] 1 change detected
2026-05-07 17:25:42,326 [INFO] 1 change detected
2026-05-07 17:25:42,738 [INFO] 1 change detected
2026-05-07 17:25:43,150 [INFO] 5 changes detected
2026-05-07 17:26:08,932 [INFO] 数据库初始化完成
2026-05-07 17:26:09,000 [INFO] 13 changes detected
2026-05-07 17:26:09,404 [INFO] 2 changes detected
2026-05-07 17:26:09,813 [INFO] 1 change detected
2026-05-07 17:26:10,216 [INFO] 1 change detected
2026-05-07 17:26:10,578 [INFO] 1 change detected
2026-05-07 17:26:10,988 [INFO] 1 change detected
2026-05-07 17:26:11,402 [INFO] 1 change detected
2026-05-07 17:26:11,811 [INFO] 1 change detected
2026-05-07 17:26:12,218 [INFO] 1 change detected
2026-05-07 17:26:12,624 [INFO] 1 change detected
2026-05-07 17:26:12,991 [INFO] 1 change detected
2026-05-07 17:26:13,396 [INFO] 1 change detected
2026-05-07 17:26:13,807 [INFO] 1 change detected
2026-05-07 17:26:14,215 [INFO] 1 change detected
2026-05-07 17:26:14,578 [INFO] 1 change detected
2026-05-07 17:26:14,986 [INFO] 1 change detected
2026-05-07 17:26:15,395 [INFO] 1 change detected
2026-05-07 17:26:15,807 [INFO] 1 change detected
2026-05-07 17:26:16,215 [INFO] 1 change detected
2026-05-07 17:26:16,624 [INFO] 1 change detected
2026-05-07 17:26:16,985 [INFO] 1 change detected
2026-05-07 17:26:17,396 [INFO] 1 change detected
2026-05-07 17:26:17,810 [INFO] 1 change detected
2026-05-07 17:26:18,174 [INFO] 1 change detected
2026-05-07 17:26:18,587 [INFO] 1 change detected
2026-05-07 17:26:18,993 [INFO] 1 change detected
2026-05-07 17:26:19,406 [INFO] 1 change detected
2026-05-07 17:26:19,815 [INFO] 1 change detected
2026-05-07 17:26:20,221 [INFO] 1 change detected
2026-05-07 17:26:20,576 [INFO] 1 change detected
2026-05-07 17:26:20,984 [INFO] 1 change detected
2026-05-07 17:26:21,387 [INFO] 1 change detected
2026-05-07 17:26:21,801 [INFO] 1 change detected
2026-05-07 17:26:22,204 [INFO] 1 change detected
2026-05-07 17:26:22,617 [INFO] 1 change detected
2026-05-07 17:26:23,033 [INFO] 1 change detected
2026-05-07 17:26:23,389 [INFO] 1 change detected
2026-05-07 17:26:23,794 [INFO] 1 change detected
2026-05-07 17:26:24,203 [INFO] 1 change detected
2026-05-07 17:26:24,605 [INFO] 1 change detected
2026-05-07 17:26:24,966 [INFO] 1 change detected
2026-05-07 17:26:25,377 [INFO] 1 change detected
2026-05-07 17:26:25,787 [INFO] 1 change detected
2026-05-07 17:26:26,199 [INFO] 1 change detected
2026-05-07 17:26:26,608 [INFO] 1 change detected
2026-05-07 17:26:26,962 [INFO] 1 change detected
2026-05-07 17:26:27,377 [INFO] 1 change detected
2026-05-07 17:26:27,781 [INFO] 1 change detected
2026-05-07 17:26:28,183 [INFO] 1 change detected
2026-05-07 17:26:28,591 [INFO] 1 change detected
2026-05-07 17:26:28,996 [INFO] 1 change detected
2026-05-07 17:26:29,398 [INFO] 1 change detected
2026-05-07 17:26:29,752 [INFO] 1 change detected
2026-05-07 17:26:30,161 [INFO] 1 change detected
2026-05-07 17:26:30,567 [INFO] 1 change detected
2026-05-07 17:26:30,971 [INFO] 1 change detected
2026-05-07 17:26:31,382 [INFO] 1 change detected
2026-05-07 17:26:31,797 [INFO] 1 change detected
2026-05-07 17:26:32,154 [INFO] 1 change detected
2026-05-07 17:26:32,563 [INFO] 1 change detected
2026-05-07 17:26:32,974 [INFO] 1 change detected
2026-05-07 17:26:33,385 [INFO] 1 change detected
2026-05-07 17:26:33,793 [INFO] 1 change detected
2026-05-07 17:26:34,152 [INFO] 1 change detected
2026-05-07 17:26:34,556 [INFO] 1 change detected
2026-05-07 17:26:34,957 [INFO] 1 change detected
2026-05-07 17:26:35,366 [INFO] 1 change detected
2026-05-07 17:26:35,777 [INFO] 1 change detected
2026-05-07 17:26:36,136 [INFO] 1 change detected
2026-05-07 17:26:36,544 [INFO] 1 change detected
2026-05-07 17:26:36,906 [INFO] 1 change detected
2026-05-07 17:26:37,325 [INFO] 1 change detected
2026-05-07 17:26:37,733 [INFO] 1 change detected
2026-05-07 17:26:38,089 [INFO] 1 change detected
2026-05-07 17:26:38,495 [INFO] 1 change detected
2026-05-07 17:26:38,905 [INFO] 1 change detected
2026-05-07 17:26:39,269 [INFO] 1 change detected
2026-05-07 17:26:39,677 [INFO] 1 change detected
2026-05-07 17:26:40,084 [INFO] 1 change detected
2026-05-07 17:26:40,436 [INFO] 1 change detected
2026-05-07 17:26:40,844 [INFO] 1 change detected
2026-05-07 17:26:41,246 [INFO] 1 change detected
2026-05-07 17:26:41,656 [INFO] 1 change detected
2026-05-07 17:26:42,013 [INFO] 5 changes detected
2026-05-07 17:26:42,366 [INFO] 1 change detected
2026-05-07 17:26:42,725 [INFO] 1 change detected
2026-05-07 17:26:43,085 [INFO] 1 change detected
2026-05-07 17:26:43,486 [INFO] 1 change detected
2026-05-07 17:26:43,846 [INFO] 1 change detected
2026-05-07 17:26:44,257 [INFO] 1 change detected
2026-05-07 17:26:44,662 [INFO] 1 change detected
2026-05-07 17:26:45,076 [INFO] 1 change detected
2026-05-07 17:26:45,479 [INFO] 1 change detected
2026-05-07 17:26:45,841 [INFO] 1 change detected
2026-05-07 17:26:46,244 [INFO] 1 change detected
2026-05-07 17:26:46,652 [INFO] 1 change detected
2026-05-07 17:26:47,057 [INFO] 1 change detected
2026-05-07 17:26:47,471 [INFO] 1 change detected
2026-05-07 17:26:47,876 [INFO] 1 change detected
2026-05-07 17:26:48,236 [INFO] 1 change detected
2026-05-07 17:26:48,638 [INFO] 1 change detected
2026-05-07 17:26:49,051 [INFO] 1 change detected
2026-05-07 17:26:49,411 [INFO] 1 change detected
2026-05-07 17:26:49,816 [INFO] 1 change detected
2026-05-07 17:26:50,224 [INFO] 1 change detected
2026-05-07 17:26:50,632 [INFO] 1 change detected
2026-05-07 17:26:51,047 [INFO] 1 change detected
2026-05-07 17:26:51,405 [INFO] 1 change detected
2026-05-07 17:26:51,822 [INFO] 1 change detected
2026-05-07 17:26:52,236 [INFO] 1 change detected
2026-05-07 17:26:52,647 [INFO] 1 change detected
2026-05-07 17:26:53,006 [INFO] 1 change detected
2026-05-07 17:26:53,415 [INFO] 1 change detected
2026-05-07 17:26:53,824 [INFO] 1 change detected
2026-05-07 17:26:54,227 [INFO] 1 change detected
2026-05-07 17:26:54,592 [INFO] 1 change detected
2026-05-07 17:26:54,997 [INFO] 1 change detected
2026-05-07 17:26:55,398 [INFO] 1 change detected
2026-05-07 17:26:55,806 [INFO] 1 change detected
2026-05-07 17:26:56,212 [INFO] 1 change detected
2026-05-07 17:26:56,623 [INFO] 1 change detected
2026-05-07 17:26:56,978 [INFO] 1 change detected
2026-05-07 17:26:57,392 [INFO] 1 change detected
2026-05-07 17:26:57,757 [INFO] 1 change detected
2026-05-07 17:26:58,166 [INFO] 1 change detected
2026-05-07 17:26:58,578 [INFO] 1 change detected
2026-05-07 17:26:58,985 [INFO] 1 change detected
2026-05-07 17:26:59,391 [INFO] 1 change detected
2026-05-07 17:26:59,751 [INFO] 1 change detected
2026-05-07 17:27:00,163 [INFO] 1 change detected
2026-05-07 17:27:00,567 [INFO] 1 change detected
2026-05-07 17:27:00,969 [INFO] 1 change detected
2026-05-07 17:27:01,378 [INFO] 1 change detected
2026-05-07 17:27:01,789 [INFO] 1 change detected
2026-05-07 17:27:02,194 [INFO] 1 change detected
2026-05-07 17:27:02,550 [INFO] 1 change detected
2026-05-07 17:27:02,954 [INFO] 1 change detected
2026-05-07 17:27:03,357 [INFO] 1 change detected
2026-05-07 17:27:03,760 [INFO] 1 change detected
2026-05-07 17:27:04,169 [INFO] 1 change detected
2026-05-07 17:27:04,585 [INFO] 1 change detected
2026-05-07 17:27:04,993 [INFO] 1 change detected
2026-05-07 17:27:05,354 [INFO] 1 change detected
2026-05-07 17:27:05,767 [INFO] 1 change detected
2026-05-07 17:27:06,170 [INFO] 1 change detected
2026-05-07 17:27:06,583 [INFO] 1 change detected
2026-05-07 17:27:06,937 [INFO] 1 change detected
2026-05-07 17:27:07,347 [INFO] 1 change detected
2026-05-07 17:27:07,748 [INFO] 1 change detected
2026-05-07 17:27:08,163 [INFO] 1 change detected
2026-05-07 17:27:08,577 [INFO] 1 change detected
2026-05-07 17:27:08,989 [INFO] 1 change detected
2026-05-07 17:27:09,396 [INFO] 1 change detected
2026-05-07 17:27:09,799 [INFO] 1 change detected
2026-05-07 17:27:10,212 [INFO] 1 change detected
2026-05-07 17:27:10,615 [INFO] 1 change detected
2026-05-07 17:27:11,026 [INFO] 1 change detected
2026-05-07 17:27:11,433 [INFO] 1 change detected
2026-05-07 17:27:11,797 [INFO] 1 change detected
2026-05-07 17:27:12,213 [INFO] 1 change detected
2026-05-07 17:27:12,620 [INFO] 1 change detected
2026-05-07 17:27:13,030 [INFO] 1 change detected
2026-05-07 17:27:13,488 [INFO] 1 change detected
2026-05-07 17:27:13,846 [INFO] 1 change detected
2026-05-07 17:27:14,261 [INFO] 1 change detected
2026-05-07 17:27:14,673 [INFO] 1 change detected
2026-05-07 17:27:15,083 [INFO] 1 change detected
2026-05-07 17:27:15,444 [INFO] 1 change detected
2026-05-07 17:27:15,853 [INFO] 1 change detected
2026-05-07 17:27:16,257 [INFO] 1 change detected
2026-05-07 17:27:16,671 [INFO] 1 change detected
2026-05-07 17:27:17,085 [INFO] 1 change detected
2026-05-07 17:27:17,451 [INFO] 1 change detected
2026-05-07 17:27:17,867 [INFO] 1 change detected
2026-05-07 17:27:18,284 [INFO] 1 change detected
2026-05-07 17:27:18,645 [INFO] 1 change detected
2026-05-07 17:27:19,055 [INFO] 1 change detected
2026-05-07 17:27:19,469 [INFO] 1 change detected
2026-05-07 17:27:19,821 [INFO] 1 change detected
2026-05-07 17:27:20,222 [INFO] 1 change detected
2026-05-07 17:27:20,626 [INFO] 1 change detected
2026-05-07 17:27:21,034 [INFO] 1 change detected
2026-05-07 17:27:21,436 [INFO] 1 change detected
2026-05-07 17:27:21,850 [INFO] 1 change detected
2026-05-07 17:27:22,262 [INFO] 1 change detected
2026-05-07 17:27:22,615 [INFO] 1 change detected
2026-05-07 17:27:23,026 [INFO] 1 change detected
2026-05-07 17:27:23,447 [INFO] 1 change detected
2026-05-07 17:27:23,810 [INFO] 1 change detected
2026-05-07 17:27:24,224 [INFO] 1 change detected
2026-05-07 17:27:24,641 [INFO] 1 change detected
2026-05-07 17:27:25,056 [INFO] 1 change detected
2026-05-07 17:27:25,417 [INFO] 1 change detected
2026-05-07 17:27:25,825 [INFO] 1 change detected
2026-05-07 17:27:26,240 [INFO] 1 change detected
2026-05-07 17:27:26,601 [INFO] 1 change detected
2026-05-07 17:27:27,010 [INFO] 1 change detected
2026-05-07 17:27:27,414 [INFO] 1 change detected
2026-05-07 17:27:27,829 [INFO] 1 change detected
2026-05-07 17:27:28,241 [INFO] 1 change detected
2026-05-07 17:27:28,652 [INFO] 1 change detected
2026-05-07 17:27:29,007 [INFO] 1 change detected
2026-05-07 17:27:29,416 [INFO] 1 change detected
2026-05-07 17:27:29,823 [INFO] 1 change detected
2026-05-07 17:27:30,226 [INFO] 1 change detected
2026-05-07 17:27:30,629 [INFO] 1 change detected
2026-05-07 17:27:30,990 [INFO] 1 change detected
2026-05-07 17:27:31,403 [INFO] 1 change detected
2026-05-07 17:27:31,813 [INFO] 1 change detected
2026-05-07 17:27:32,176 [INFO] 1 change detected
2026-05-07 17:27:32,586 [INFO] 1 change detected
2026-05-07 17:27:32,951 [INFO] 1 change detected
2026-05-07 17:27:33,356 [INFO] 1 change detected
2026-05-07 17:27:33,765 [INFO] 1 change detected
2026-05-07 17:27:34,125 [INFO] 1 change detected
2026-05-07 17:27:34,536 [INFO] 1 change detected
2026-05-07 17:27:34,944 [INFO] 1 change detected
2026-05-07 17:27:35,354 [INFO] 1 change detected
2026-05-07 17:27:35,713 [INFO] 1 change detected
2026-05-07 17:27:36,119 [INFO] 1 change detected
2026-05-07 17:27:36,528 [INFO] 1 change detected
2026-05-07 17:27:36,935 [INFO] 1 change detected
2026-05-07 17:27:37,291 [INFO] 1 change detected
2026-05-07 17:27:37,707 [INFO] 1 change detected
2026-05-07 17:27:38,116 [INFO] 1 change detected
2026-05-07 17:27:38,523 [INFO] 1 change detected
2026-05-07 17:27:38,887 [INFO] 1 change detected
2026-05-07 17:27:39,290 [INFO] 1 change detected
2026-05-07 17:27:39,695 [INFO] 1 change detected
2026-05-07 17:27:40,106 [INFO] 1 change detected
2026-05-07 17:27:40,509 [INFO] 1 change detected
2026-05-07 17:27:40,919 [INFO] 1 change detected
2026-05-07 17:27:41,322 [INFO] 1 change detected
2026-05-07 17:27:41,680 [INFO] 1 change detected
2026-05-07 17:27:42,092 [INFO] 1 change detected
2026-05-07 17:27:42,506 [INFO] 1 change detected
2026-05-07 17:27:42,918 [INFO] 1 change detected
2026-05-07 17:27:43,323 [INFO] 1 change detected
2026-05-07 17:27:43,676 [INFO] 1 change detected
2026-05-07 17:27:44,134 [INFO] 1 change detected
2026-05-07 17:27:44,492 [INFO] 1 change detected
2026-05-07 17:27:44,897 [INFO] 1 change detected
2026-05-07 17:27:45,312 [INFO] 1 change detected
2026-05-07 17:27:45,722 [INFO] 1 change detected
2026-05-07 17:27:46,075 [INFO] 1 change detected
2026-05-07 17:27:46,491 [INFO] 1 change detected
2026-05-07 17:27:46,900 [INFO] 1 change detected
2026-05-07 17:27:47,304 [INFO] 1 change detected
2026-05-07 17:27:47,663 [INFO] 1 change detected
2026-05-07 17:27:48,075 [INFO] 1 change detected
2026-05-07 17:27:48,479 [INFO] 1 change detected
2026-05-07 17:27:48,894 [INFO] 1 change detected
2026-05-07 17:27:49,302 [INFO] 1 change detected
2026-05-07 17:27:49,711 [INFO] 1 change detected
2026-05-07 17:27:50,065 [INFO] 1 change detected
2026-05-07 17:27:50,474 [INFO] 1 change detected
2026-05-07 17:27:50,877 [INFO] 1 change detected
2026-05-07 17:27:51,280 [INFO] 1 change detected
2026-05-07 17:27:51,694 [INFO] 1 change detected
2026-05-07 17:27:52,106 [INFO] 1 change detected
2026-05-07 17:27:52,471 [INFO] 1 change detected
2026-05-07 17:27:52,930 [INFO] 1 change detected
2026-05-07 17:27:53,291 [INFO] 1 change detected
2026-05-07 17:27:53,703 [INFO] 1 change detected
2026-05-07 17:27:53,791 [INFO] Mock 发送验证码: phone=1
2026-05-07 17:27:54,067 [INFO] 1 change detected
2026-05-07 17:27:54,469 [INFO] 1 change detected
2026-05-07 17:27:54,879 [INFO] 1 change detected
2026-05-07 17:27:55,283 [INFO] 1 change detected
2026-05-07 17:27:55,691 [INFO] 1 change detected
2026-05-07 17:27:56,096 [INFO] 1 change detected
2026-05-07 17:27:56,503 [INFO] 1 change detected
2026-05-07 17:27:56,913 [INFO] 1 change detected
2026-05-07 17:27:57,319 [INFO] 1 change detected
2026-05-07 17:27:57,734 [INFO] 1 change detected
2026-05-07 17:27:58,146 [INFO] 1 change detected
2026-05-07 17:27:58,506 [INFO] 1 change detected
2026-05-07 17:27:58,813 [INFO] 新用户注册: id=1 phone=1
2026-05-07 17:27:58,916 [INFO] 7 changes detected
2026-05-07 17:27:59,318 [INFO] 1 change detected
2026-05-07 17:27:59,730 [INFO] 1 change detected
2026-05-07 17:28:00,140 [INFO] 1 change detected
2026-05-07 17:28:00,552 [INFO] 1 change detected
2026-05-07 17:28:00,913 [INFO] 1 change detected
2026-05-07 17:28:01,325 [INFO] 1 change detected
2026-05-07 17:28:01,741 [INFO] 1 change detected
2026-05-07 17:28:02,153 [INFO] 1 change detected
2026-05-07 17:28:02,511 [INFO] 1 change detected
2026-05-07 17:28:02,912 [INFO] 1 change detected
2026-05-07 17:28:03,316 [INFO] 1 change detected
2026-05-07 17:28:03,724 [INFO] 1 change detected
2026-05-07 17:28:04,128 [INFO] 1 change detected
2026-05-07 17:28:04,536 [INFO] 1 change detected
2026-05-07 17:28:04,901 [INFO] 1 change detected
2026-05-07 17:28:05,303 [INFO] 1 change detected
2026-05-07 17:28:05,707 [INFO] 1 change detected
2026-05-07 17:28:06,159 [INFO] 1 change detected
2026-05-07 17:28:06,560 [INFO] 1 change detected
2026-05-07 17:28:06,924 [INFO] 1 change detected
2026-05-07 17:28:07,335 [INFO] 1 change detected
2026-05-07 17:28:07,748 [INFO] 1 change detected
2026-05-07 17:28:08,161 [INFO] 1 change detected
2026-05-07 17:28:08,572 [INFO] 1 change detected
2026-05-07 17:28:08,980 [INFO] 1 change detected
2026-05-07 17:28:09,334 [INFO] 1 change detected
2026-05-07 17:28:09,744 [INFO] 1 change detected
2026-05-07 17:28:10,156 [INFO] 1 change detected
2026-05-07 17:28:10,558 [INFO] 1 change detected
2026-05-07 17:28:10,960 [INFO] 1 change detected
2026-05-07 17:28:11,366 [INFO] 1 change detected
2026-05-07 17:28:11,724 [INFO] 1 change detected
2026-05-07 17:28:12,129 [INFO] 1 change detected
2026-05-07 17:28:12,541 [INFO] 1 change detected
2026-05-07 17:28:12,953 [INFO] 1 change detected
2026-05-07 17:28:13,356 [INFO] 1 change detected
2026-05-07 17:28:13,720 [INFO] 1 change detected
2026-05-07 17:28:14,131 [INFO] 1 change detected
2026-05-07 17:28:14,544 [INFO] 1 change detected
2026-05-07 17:28:14,952 [INFO] 1 change detected
2026-05-07 17:28:15,356 [INFO] 1 change detected
2026-05-07 17:28:15,715 [INFO] 1 change detected
2026-05-07 17:28:16,117 [INFO] 1 change detected
2026-05-07 17:28:16,518 [INFO] 1 change detected
2026-05-07 17:28:16,919 [INFO] 1 change detected
2026-05-07 17:28:17,328 [INFO] 1 change detected
2026-05-07 17:28:17,730 [INFO] 1 change detected
2026-05-07 17:28:18,146 [INFO] 1 change detected
2026-05-07 17:28:18,509 [INFO] 1 change detected
2026-05-07 17:28:18,919 [INFO] 1 change detected
2026-05-07 17:28:19,325 [INFO] 1 change detected
2026-05-07 17:28:19,732 [INFO] 1 change detected
2026-05-07 17:28:20,136 [INFO] 1 change detected
2026-05-07 17:28:20,551 [INFO] 1 change detected
2026-05-07 17:28:20,956 [INFO] 1 change detected
2026-05-07 17:28:21,318 [INFO] 1 change detected
2026-05-07 17:28:21,726 [INFO] 1 change detected
2026-05-07 17:28:22,130 [INFO] 1 change detected
2026-05-07 17:28:22,541 [INFO] 1 change detected
2026-05-07 17:28:22,952 [INFO] 1 change detected
2026-05-07 17:28:23,354 [INFO] 1 change detected
2026-05-07 17:28:23,757 [INFO] 1 change detected
2026-05-07 17:28:24,159 [INFO] 1 change detected
2026-05-07 17:28:24,518 [INFO] 1 change detected
2026-05-07 17:28:24,925 [INFO] 1 change detected
2026-05-07 17:28:25,340 [INFO] 1 change detected
2026-05-07 17:28:25,702 [INFO] 1 change detected
2026-05-07 17:28:26,109 [INFO] 1 change detected
2026-05-07 17:28:26,524 [INFO] 1 change detected
2026-05-07 17:28:26,930 [INFO] 1 change detected
2026-05-07 17:28:27,285 [INFO] 1 change detected
2026-05-07 17:28:27,696 [INFO] 1 change detected
2026-05-07 17:28:28,102 [INFO] 1 change detected
2026-05-07 17:28:28,507 [INFO] 1 change detected
2026-05-07 17:28:28,921 [INFO] 1 change detected
2026-05-07 17:28:29,279 [INFO] 1 change detected
2026-05-07 17:28:29,731 [INFO] 1 change detected
2026-05-07 17:28:30,142 [INFO] 1 change detected
2026-05-07 17:28:30,559 [INFO] 1 change detected
2026-05-07 17:28:30,926 [INFO] 1 change detected
2026-05-07 17:28:31,342 [INFO] 1 change detected
2026-05-07 17:28:31,744 [INFO] 1 change detected
2026-05-07 17:28:32,158 [INFO] 1 change detected
2026-05-07 17:28:32,560 [INFO] 1 change detected
2026-05-07 17:28:32,968 [INFO] 1 change detected
2026-05-07 17:28:33,371 [INFO] 1 change detected
2026-05-07 17:28:33,736 [INFO] 1 change detected
2026-05-07 17:28:34,145 [INFO] 1 change detected
2026-05-07 17:28:34,549 [INFO] 1 change detected
2026-05-07 17:28:34,952 [INFO] 1 change detected
2026-05-07 17:28:35,356 [INFO] 1 change detected
2026-05-07 17:28:35,758 [INFO] 1 change detected
2026-05-07 17:28:36,168 [INFO] 1 change detected
2026-05-07 17:28:36,576 [INFO] 1 change detected
2026-05-07 17:28:36,936 [INFO] 1 change detected
2026-05-07 17:28:37,348 [INFO] 1 change detected
2026-05-07 17:28:37,753 [INFO] 1 change detected
2026-05-07 17:28:38,169 [INFO] 1 change detected
2026-05-07 17:28:38,585 [INFO] 1 change detected
2026-05-07 17:28:38,938 [INFO] 1 change detected
2026-05-07 17:28:39,344 [INFO] 1 change detected
2026-05-07 17:28:39,760 [INFO] 1 change detected
2026-05-07 17:28:40,126 [INFO] 1 change detected
2026-05-07 17:28:40,533 [INFO] 1 change detected
2026-05-07 17:28:40,939 [INFO] 1 change detected
2026-05-07 17:28:41,353 [INFO] 1 change detected
2026-05-07 17:28:41,756 [INFO] 1 change detected
2026-05-07 17:28:42,175 [INFO] 1 change detected
2026-05-07 17:28:42,576 [INFO] 1 change detected
2026-05-07 17:28:42,988 [INFO] 1 change detected
2026-05-07 17:28:43,354 [INFO] 1 change detected
2026-05-07 17:28:43,758 [INFO] 1 change detected
2026-05-07 17:28:44,162 [INFO] 1 change detected
2026-05-07 17:28:44,563 [INFO] 1 change detected
2026-05-07 17:28:44,980 [INFO] 1 change detected
2026-05-07 17:28:45,381 [INFO] 1 change detected
2026-05-07 17:28:45,786 [INFO] 1 change detected
2026-05-07 17:28:46,201 [INFO] 1 change detected
2026-05-07 17:28:46,566 [INFO] 1 change detected
2026-05-07 17:28:46,973 [INFO] 1 change detected
2026-05-07 17:28:47,382 [INFO] 1 change detected
2026-05-07 17:28:47,784 [INFO] 1 change detected
2026-05-07 17:28:48,201 [INFO] 1 change detected
2026-05-07 17:28:48,616 [INFO] 1 change detected
2026-05-07 17:28:49,019 [INFO] 1 change detected
2026-05-07 17:28:49,437 [INFO] 1 change detected
2026-05-07 17:28:49,839 [INFO] 1 change detected
2026-05-07 17:28:50,255 [INFO] 1 change detected
2026-05-07 17:28:50,620 [INFO] 1 change detected
2026-05-07 17:28:51,026 [INFO] 1 change detected
2026-05-07 17:28:51,431 [INFO] 1 change detected
2026-05-07 17:28:51,841 [INFO] 1 change detected
2026-05-07 17:28:52,255 [INFO] 1 change detected
2026-05-07 17:28:52,661 [INFO] 1 change detected
2026-05-07 17:28:53,063 [INFO] 1 change detected
2026-05-07 17:28:53,469 [INFO] 1 change detected
2026-05-07 17:28:53,830 [INFO] 1 change detected
2026-05-07 17:28:54,232 [INFO] 1 change detected
2026-05-07 17:28:54,646 [INFO] 1 change detected
2026-05-07 17:28:55,051 [INFO] 1 change detected
2026-05-07 17:28:55,463 [INFO] 1 change detected
2026-05-07 17:28:55,824 [INFO] 1 change detected
2026-05-07 17:28:56,228 [INFO] 1 change detected
2026-05-07 17:28:56,631 [INFO] 1 change detected
2026-05-07 17:28:57,038 [INFO] 1 change detected
2026-05-07 17:28:57,440 [INFO] 1 change detected
2026-05-07 17:28:57,857 [INFO] 1 change detected
2026-05-07 17:28:58,218 [INFO] 1 change detected
2026-05-07 17:28:58,630 [INFO] 1 change detected
2026-05-07 17:28:59,036 [INFO] 1 change detected
2026-05-07 17:28:59,441 [INFO] 1 change detected
2026-05-07 17:28:59,797 [INFO] 1 change detected
2026-05-07 17:29:00,207 [INFO] 1 change detected
2026-05-07 17:29:00,622 [INFO] 1 change detected
2026-05-07 17:29:01,026 [INFO] 1 change detected
2026-05-07 17:29:01,440 [INFO] 1 change detected
2026-05-07 17:29:01,846 [INFO] 1 change detected
2026-05-07 17:29:02,252 [INFO] 1 change detected
2026-05-07 17:29:02,606 [INFO] 1 change detected
2026-05-07 17:29:03,012 [INFO] 1 change detected
2026-05-07 17:29:03,423 [INFO] 1 change detected
2026-05-07 17:29:03,829 [INFO] 1 change detected
2026-05-07 17:29:04,195 [INFO] 1 change detected
2026-05-07 17:29:04,602 [INFO] 1 change detected
2026-05-07 17:29:05,019 [INFO] 1 change detected
2026-05-07 17:29:05,379 [INFO] 1 change detected
2026-05-07 17:29:05,791 [INFO] 1 change detected
2026-05-07 17:29:06,193 [INFO] 1 change detected
2026-05-07 17:29:06,606 [INFO] 1 change detected
2026-05-07 17:29:07,008 [INFO] 1 change detected
2026-05-07 17:29:07,416 [INFO] 1 change detected
2026-05-07 17:29:07,831 [INFO] 1 change detected
2026-05-07 17:29:08,236 [INFO] 1 change detected
2026-05-07 17:29:08,596 [INFO] 1 change detected
2026-05-07 17:29:09,008 [INFO] 1 change detected
2026-05-07 17:29:09,417 [INFO] 1 change detected
2026-05-07 17:29:09,779 [INFO] 1 change detected
2026-05-07 17:29:10,182 [INFO] 1 change detected
2026-05-07 17:29:10,586 [INFO] 1 change detected
2026-05-07 17:29:10,999 [INFO] 1 change detected
2026-05-07 17:29:11,410 [INFO] 1 change detected
2026-05-07 17:29:11,765 [INFO] 1 change detected
2026-05-07 17:29:12,169 [INFO] 1 change detected
2026-05-07 17:29:12,581 [INFO] 1 change detected
2026-05-07 17:29:12,983 [INFO] 1 change detected
2026-05-07 17:29:13,394 [INFO] 1 change detected
2026-05-07 17:29:13,755 [INFO] 1 change detected
2026-05-07 17:29:14,169 [INFO] 1 change detected
2026-05-07 17:29:14,525 [INFO] 1 change detected
2026-05-07 17:29:14,930 [INFO] 1 change detected
2026-05-07 17:29:15,343 [INFO] 1 change detected
2026-05-07 17:29:15,751 [INFO] 1 change detected
2026-05-07 17:29:16,104 [INFO] 1 change detected
2026-05-07 17:29:16,510 [INFO] 1 change detected
2026-05-07 17:29:16,919 [INFO] 1 change detected
2026-05-07 17:29:17,331 [INFO] 1 change detected
2026-05-07 17:29:17,693 [INFO] 1 change detected
2026-05-07 17:29:18,100 [INFO] 1 change detected
2026-05-07 17:29:18,506 [INFO] 1 change detected
2026-05-07 17:29:18,868 [INFO] 1 change detected
2026-05-07 17:29:19,280 [INFO] 1 change detected
2026-05-07 17:29:19,696 [INFO] 1 change detected
2026-05-07 17:29:20,107 [INFO] 1 change detected
2026-05-07 17:29:20,469 [INFO] 1 change detected
2026-05-07 17:29:20,872 [INFO] 1 change detected
2026-05-07 17:29:21,274 [INFO] 1 change detected
2026-05-07 17:29:21,680 [INFO] 1 change detected
2026-05-07 17:29:22,084 [INFO] 1 change detected
2026-05-07 17:29:22,496 [INFO] 1 change detected
2026-05-07 17:29:22,898 [INFO] 1 change detected
2026-05-07 17:29:23,315 [INFO] 1 change detected
2026-05-07 17:29:23,681 [INFO] 1 change detected
2026-05-07 17:29:24,086 [INFO] 1 change detected
2026-05-07 17:29:24,501 [INFO] 1 change detected
2026-05-07 17:29:24,908 [INFO] 1 change detected
2026-05-07 17:29:25,310 [INFO] 1 change detected
2026-05-07 17:29:25,717 [INFO] 1 change detected
2026-05-07 17:29:26,126 [INFO] 1 change detected
2026-05-07 17:29:26,530 [INFO] 1 change detected
2026-05-07 17:29:26,889 [INFO] 1 change detected
2026-05-07 17:29:27,296 [INFO] 1 change detected
2026-05-07 17:29:27,711 [INFO] 1 change detected
2026-05-07 17:29:28,119 [INFO] 1 change detected
2026-05-07 17:29:28,525 [INFO] 1 change detected
2026-05-07 17:29:28,928 [INFO] 1 change detected
2026-05-07 17:29:29,292 [INFO] 1 change detected
2026-05-07 17:29:29,706 [INFO] 1 change detected
2026-05-07 17:29:30,117 [INFO] 1 change detected
2026-05-07 17:29:30,477 [INFO] 1 change detected
2026-05-07 17:29:30,883 [INFO] 1 change detected
2026-05-07 17:29:31,286 [INFO] 1 change detected
2026-05-07 17:29:31,691 [INFO] 1 change detected
2026-05-07 17:29:32,093 [INFO] 1 change detected
2026-05-07 17:29:32,505 [INFO] 1 change detected
2026-05-07 17:29:32,865 [INFO] 1 change detected
2026-05-07 17:29:33,269 [INFO] 1 change detected
2026-05-07 17:29:33,681 [INFO] 1 change detected
2026-05-07 17:29:34,086 [INFO] 1 change detected
2026-05-07 17:29:34,450 [INFO] 1 change detected
2026-05-07 17:29:34,859 [INFO] 1 change detected
2026-05-07 17:29:35,269 [INFO] 1 change detected
2026-05-07 17:29:35,684 [INFO] 1 change detected
2026-05-07 17:29:36,089 [INFO] 1 change detected
2026-05-07 17:29:36,495 [INFO] 1 change detected
2026-05-07 17:29:36,853 [INFO] 1 change detected
2026-05-07 17:29:37,262 [INFO] 1 change detected
2026-05-07 17:29:37,666 [INFO] 1 change detected
2026-05-07 17:29:38,072 [INFO] 1 change detected
2026-05-07 17:29:38,477 [INFO] 1 change detected
2026-05-07 17:29:38,882 [INFO] 1 change detected
2026-05-07 17:29:39,297 [INFO] 1 change detected
2026-05-07 17:29:39,699 [INFO] 1 change detected
2026-05-07 17:29:40,104 [INFO] 1 change detected
2026-05-07 17:29:40,510 [INFO] 1 change detected
2026-05-07 17:29:40,864 [INFO] 1 change detected
2026-05-07 17:29:41,275 [INFO] 1 change detected
2026-05-07 17:29:41,681 [INFO] 1 change detected
2026-05-07 17:29:42,082 [INFO] 1 change detected
2026-05-07 17:29:42,485 [INFO] 1 change detected
2026-05-07 17:29:42,847 [INFO] 1 change detected
2026-05-07 17:29:43,251 [INFO] 1 change detected
2026-05-07 17:29:43,656 [INFO] 1 change detected
2026-05-07 17:29:44,074 [INFO] 1 change detected
2026-05-07 17:29:44,438 [INFO] 1 change detected
2026-05-07 17:29:44,850 [INFO] 1 change detected
2026-05-07 17:29:45,251 [INFO] 1 change detected
2026-05-07 17:29:45,659 [INFO] 1 change detected
2026-05-07 17:29:46,076 [INFO] 1 change detected
2026-05-07 17:29:46,482 [INFO] 1 change detected
2026-05-07 17:29:46,848 [INFO] 1 change detected
2026-05-07 17:29:47,257 [INFO] 1 change detected
2026-05-07 17:29:47,665 [INFO] 1 change detected
2026-05-07 17:29:48,029 [INFO] 1 change detected
2026-05-07 17:29:48,436 [INFO] 1 change detected
2026-05-07 17:29:48,841 [INFO] 1 change detected
2026-05-07 17:29:49,260 [INFO] 1 change detected
2026-05-07 17:29:49,624 [INFO] 1 change detected
2026-05-07 17:29:50,030 [INFO] 1 change detected
2026-05-07 17:29:50,436 [INFO] 1 change detected
2026-05-07 17:29:50,852 [INFO] 1 change detected
2026-05-07 17:29:51,257 [INFO] 1 change detected
2026-05-07 17:29:51,663 [INFO] 1 change detected
2026-05-07 17:29:52,077 [INFO] 1 change detected
2026-05-07 17:29:52,435 [INFO] 1 change detected
2026-05-07 17:29:52,848 [INFO] 1 change detected
2026-05-07 17:29:53,259 [INFO] 1 change detected
2026-05-07 17:29:53,668 [INFO] 1 change detected
2026-05-07 17:29:54,075 [INFO] 1 change detected
2026-05-07 17:29:54,485 [INFO] 1 change detected
2026-05-07 17:29:54,847 [INFO] 1 change detected
2026-05-07 17:29:55,258 [INFO] 1 change detected
2026-05-07 17:29:55,672 [INFO] 1 change detected
2026-05-07 17:29:56,034 [INFO] 1 change detected
2026-05-07 17:29:56,440 [INFO] 1 change detected
2026-05-07 17:29:56,856 [INFO] 1 change detected
2026-05-07 17:29:57,271 [INFO] 1 change detected
2026-05-07 17:29:57,636 [INFO] 1 change detected
2026-05-07 17:29:58,043 [INFO] 1 change detected
2026-05-07 17:29:58,454 [INFO] 1 change detected
2026-05-07 17:29:58,867 [INFO] 1 change detected
2026-05-07 17:29:59,232 [INFO] 1 change detected
2026-05-07 17:29:59,638 [INFO] 1 change detected
2026-05-07 17:30:00,048 [INFO] 1 change detected
2026-05-07 17:30:00,451 [INFO] 1 change detected
2026-05-07 17:30:00,864 [INFO] 1 change detected
2026-05-07 17:30:01,270 [INFO] 1 change detected
2026-05-07 17:30:01,675 [INFO] 1 change detected
2026-05-07 17:30:02,080 [INFO] 1 change detected
2026-05-07 17:30:02,442 [INFO] 1 change detected
2026-05-07 17:30:02,854 [INFO] 1 change detected
2026-05-07 17:30:03,210 [INFO] 1 change detected
2026-05-07 17:30:03,619 [INFO] 1 change detected
2026-05-07 17:30:04,030 [INFO] 1 change detected
2026-05-07 17:30:04,441 [INFO] 1 change detected
2026-05-07 17:30:04,845 [INFO] 1 change detected
2026-05-07 17:30:05,208 [INFO] 1 change detected
2026-05-07 17:30:05,613 [INFO] 1 change detected
2026-05-07 17:30:06,025 [INFO] 1 change detected
2026-05-07 17:30:06,430 [INFO] 1 change detected
2026-05-07 17:30:06,837 [INFO] 1 change detected
2026-05-07 17:30:07,195 [INFO] 1 change detected
2026-05-07 17:30:07,608 [INFO] 1 change detected
2026-05-07 17:30:07,969 [INFO] 1 change detected
2026-05-07 17:30:08,380 [INFO] 1 change detected
2026-05-07 17:30:08,785 [INFO] 1 change detected
2026-05-07 17:30:09,141 [INFO] 1 change detected
2026-05-07 17:30:09,553 [INFO] 1 change detected
2026-05-07 17:30:09,913 [INFO] 1 change detected
2026-05-07 17:30:10,314 [INFO] 1 change detected
2026-05-07 17:30:10,724 [INFO] 1 change detected
2026-05-07 17:30:11,080 [INFO] 1 change detected
2026-05-07 17:30:11,484 [INFO] 1 change detected
2026-05-07 17:30:11,896 [INFO] 1 change detected
2026-05-07 17:30:12,303 [INFO] 1 change detected
2026-05-07 17:30:12,669 [INFO] 1 change detected
2026-05-07 17:30:13,081 [INFO] 1 change detected
2026-05-07 17:30:13,496 [INFO] 1 change detected
2026-05-07 17:30:13,907 [INFO] 1 change detected
2026-05-07 17:30:14,315 [INFO] 1 change detected
2026-05-07 17:30:14,676 [INFO] 1 change detected
2026-05-07 17:30:15,080 [INFO] 1 change detected
2026-05-07 17:30:15,486 [INFO] 1 change detected
2026-05-07 17:30:15,897 [INFO] 1 change detected
2026-05-07 17:30:16,302 [INFO] 1 change detected
2026-05-07 17:30:16,657 [INFO] 1 change detected
2026-05-07 17:30:17,069 [INFO] 1 change detected
2026-05-07 17:30:17,479 [INFO] 1 change detected
2026-05-07 17:30:17,891 [INFO] 1 change detected
2026-05-07 17:30:18,246 [INFO] 1 change detected
2026-05-07 17:30:18,649 [INFO] 1 change detected
2026-05-07 17:30:19,052 [INFO] 1 change detected
2026-05-07 17:30:19,415 [INFO] 1 change detected
2026-05-07 17:30:19,819 [INFO] 1 change detected
2026-05-07 17:30:20,224 [INFO] 1 change detected
2026-05-07 17:30:20,632 [INFO] 1 change detected
2026-05-07 17:30:21,039 [INFO] 1 change detected
2026-05-07 17:30:21,444 [INFO] 1 change detected
2026-05-07 17:30:21,810 [INFO] 1 change detected
2026-05-07 17:30:22,214 [INFO] 1 change detected
2026-05-07 17:30:22,629 [INFO] 1 change detected
2026-05-07 17:30:23,036 [INFO] 1 change detected
2026-05-07 17:30:23,447 [INFO] 1 change detected
2026-05-07 17:30:23,859 [INFO] 1 change detected
2026-05-07 17:30:24,218 [INFO] 1 change detected
2026-05-07 17:30:24,632 [INFO] 1 change detected
2026-05-07 17:30:24,991 [INFO] 1 change detected
2026-05-07 17:30:25,396 [INFO] 1 change detected
2026-05-07 17:30:25,808 [INFO] 1 change detected
2026-05-07 17:30:26,214 [INFO] 1 change detected
2026-05-07 17:30:26,616 [INFO] 1 change detected
2026-05-07 17:30:27,019 [INFO] 1 change detected
2026-05-07 17:30:27,374 [INFO] 1 change detected
2026-05-07 17:30:27,790 [INFO] 1 change detected
2026-05-07 17:30:28,197 [INFO] 1 change detected
2026-05-07 17:30:28,603 [INFO] 1 change detected
2026-05-07 17:30:28,963 [INFO] 1 change detected
2026-05-07 17:30:29,375 [INFO] 1 change detected
2026-05-07 17:30:29,780 [INFO] 1 change detected
2026-05-07 17:30:30,182 [INFO] 1 change detected
2026-05-07 17:30:30,593 [INFO] 1 change detected
2026-05-07 17:30:30,957 [INFO] 1 change detected
2026-05-07 17:30:31,369 [INFO] 1 change detected
2026-05-07 17:30:31,781 [INFO] 1 change detected
2026-05-07 17:30:32,186 [INFO] 1 change detected
2026-05-07 17:30:32,598 [INFO] 1 change detected
2026-05-07 17:30:33,008 [INFO] 1 change detected
2026-05-07 17:30:33,369 [INFO] 1 change detected
2026-05-07 17:30:33,775 [INFO] 1 change detected
2026-05-07 17:30:34,186 [INFO] 1 change detected
2026-05-07 17:30:34,599 [INFO] 1 change detected
2026-05-07 17:30:35,003 [INFO] 1 change detected
2026-05-07 17:30:35,407 [INFO] 1 change detected
2026-05-07 17:30:35,811 [INFO] 1 change detected
2026-05-07 17:30:36,169 [INFO] 1 change detected
2026-05-07 17:30:36,575 [INFO] 1 change detected
2026-05-07 17:30:36,981 [INFO] 1 change detected
2026-05-07 17:30:37,396 [INFO] 1 change detected
2026-05-07 17:30:37,757 [INFO] 1 change detected
2026-05-07 17:30:38,164 [INFO] 1 change detected
2026-05-07 17:30:38,581 [INFO] 1 change detected
2026-05-07 17:30:38,986 [INFO] 1 change detected
2026-05-07 17:30:39,341 [INFO] 1 change detected
2026-05-07 17:30:39,749 [INFO] 1 change detected
2026-05-07 17:30:40,163 [INFO] 1 change detected
2026-05-07 17:30:40,570 [INFO] 1 change detected
2026-05-07 17:30:40,930 [INFO] 1 change detected
2026-05-07 17:30:41,339 [INFO] 1 change detected
2026-05-07 17:30:41,747 [INFO] 1 change detected
2026-05-07 17:30:42,158 [INFO] 1 change detected
2026-05-07 17:30:42,563 [INFO] 1 change detected
2026-05-07 17:30:42,919 [INFO] 1 change detected
2026-05-07 17:30:43,380 [INFO] 1 change detected
2026-05-07 17:30:43,742 [INFO] 1 change detected
2026-05-07 17:30:44,152 [INFO] 1 change detected
2026-05-07 17:30:44,558 [INFO] 1 change detected
2026-05-07 17:30:44,914 [INFO] 1 change detected
2026-05-07 17:30:45,325 [INFO] 1 change detected
2026-05-07 17:30:45,736 [INFO] 1 change detected
2026-05-07 17:30:46,142 [INFO] 1 change detected
2026-05-07 17:30:46,507 [INFO] 1 change detected
2026-05-07 17:30:46,915 [INFO] 1 change detected
2026-05-07 17:30:47,325 [INFO] 1 change detected
2026-05-07 17:30:47,680 [INFO] 1 change detected
2026-05-07 17:30:48,087 [INFO] 1 change detected
2026-05-07 17:30:48,496 [INFO] 1 change detected
2026-05-07 17:30:48,907 [INFO] 1 change detected
2026-05-07 17:30:49,319 [INFO] 1 change detected
2026-05-07 17:30:49,736 [INFO] 1 change detected
2026-05-07 17:30:50,151 [INFO] 1 change detected
2026-05-07 17:30:50,564 [INFO] 1 change detected
2026-05-07 17:30:50,917 [INFO] 1 change detected
2026-05-07 17:30:51,319 [INFO] 1 change detected
2026-05-07 17:30:51,731 [INFO] 1 change detected
2026-05-07 17:30:52,143 [INFO] 1 change detected
2026-05-07 17:30:52,503 [INFO] 1 change detected
2026-05-07 17:30:52,914 [INFO] 1 change detected
2026-05-07 17:30:53,325 [INFO] 1 change detected
2026-05-07 17:30:53,741 [INFO] 1 change detected
2026-05-07 17:30:54,146 [INFO] 1 change detected
2026-05-07 17:30:54,508 [INFO] 1 change detected
2026-05-07 17:30:54,920 [INFO] 1 change detected
2026-05-07 17:30:55,324 [INFO] 1 change detected
2026-05-07 17:30:55,735 [INFO] 1 change detected
2026-05-07 17:30:56,142 [INFO] 1 change detected
2026-05-07 17:30:56,502 [INFO] 1 change detected
2026-05-07 17:30:56,908 [INFO] 1 change detected
2026-05-07 17:30:57,318 [INFO] 1 change detected
2026-05-07 17:30:57,731 [INFO] 1 change detected
2026-05-07 17:30:58,136 [INFO] 1 change detected
2026-05-07 17:30:58,542 [INFO] 1 change detected
2026-05-07 17:30:58,907 [INFO] 1 change detected
2026-05-07 17:30:59,319 [INFO] 1 change detected
2026-05-07 17:30:59,736 [INFO] 1 change detected
2026-05-07 17:31:00,143 [INFO] 1 change detected
2026-05-07 17:31:00,503 [INFO] 1 change detected
2026-05-07 17:31:00,909 [INFO] 1 change detected
2026-05-07 17:31:01,314 [INFO] 1 change detected
2026-05-07 17:31:01,725 [INFO] 1 change detected
2026-05-07 17:31:02,088 [INFO] 1 change detected
2026-05-07 17:31:02,492 [INFO] 1 change detected
2026-05-07 17:31:02,899 [INFO] 1 change detected
2026-05-07 17:31:03,302 [INFO] 1 change detected
2026-05-07 17:31:03,704 [INFO] 1 change detected
2026-05-07 17:31:04,113 [INFO] 1 change detected
2026-05-07 17:31:04,471 [INFO] 1 change detected
2026-05-07 17:31:04,881 [INFO] 1 change detected
2026-05-07 17:31:05,286 [INFO] 1 change detected
2026-05-07 17:31:05,702 [INFO] 1 change detected
2026-05-07 17:31:06,113 [INFO] 1 change detected
2026-05-07 17:31:06,471 [INFO] 1 change detected
2026-05-07 17:31:06,881 [INFO] 1 change detected
2026-05-07 17:31:07,291 [INFO] 1 change detected
2026-05-07 17:31:07,646 [INFO] 1 change detected
2026-05-07 17:31:08,053 [INFO] 1 change detected
2026-05-07 17:31:08,455 [INFO] 1 change detected
2026-05-07 17:31:08,866 [INFO] 1 change detected
2026-05-07 17:31:09,268 [INFO] 1 change detected
2026-05-07 17:31:09,676 [INFO] 1 change detected
2026-05-07 17:31:10,091 [INFO] 1 change detected
2026-05-07 17:31:10,455 [INFO] 1 change detected
2026-05-07 17:31:10,863 [INFO] 1 change detected
2026-05-07 17:31:11,268 [INFO] 1 change detected
2026-05-07 17:31:11,682 [INFO] 1 change detected
2026-05-07 17:31:12,085 [INFO] 1 change detected
2026-05-07 17:31:12,487 [INFO] 1 change detected
2026-05-07 17:31:12,891 [INFO] 1 change detected
2026-05-07 17:31:13,297 [INFO] 1 change detected
2026-05-07 17:31:13,663 [INFO] 1 change detected
2026-05-07 17:31:14,079 [INFO] 1 change detected
2026-05-07 17:31:14,487 [INFO] 1 change detected
2026-05-07 17:31:14,889 [INFO] 1 change detected
2026-05-07 17:31:15,297 [INFO] 1 change detected
2026-05-07 17:31:15,704 [INFO] 1 change detected
2026-05-07 17:31:16,116 [INFO] 1 change detected
2026-05-07 17:31:16,530 [INFO] 1 change detected
2026-05-07 17:31:16,887 [INFO] 1 change detected
2026-05-07 17:31:17,297 [INFO] 1 change detected
2026-05-07 17:31:17,708 [INFO] 1 change detected
2026-05-07 17:31:18,114 [INFO] 1 change detected
2026-05-07 17:31:18,516 [INFO] 1 change detected
2026-05-07 17:31:18,925 [INFO] 1 change detected
2026-05-07 17:31:19,331 [INFO] 1 change detected
2026-05-07 17:31:19,740 [INFO] 1 change detected
2026-05-07 17:31:20,155 [INFO] 1 change detected
2026-05-07 17:31:20,557 [INFO] 1 change detected
2026-05-07 17:31:20,919 [INFO] 1 change detected
2026-05-07 17:31:21,325 [INFO] 1 change detected
2026-05-07 17:31:21,727 [INFO] 1 change detected
2026-05-07 17:31:22,139 [INFO] 1 change detected
2026-05-07 17:31:22,547 [INFO] 1 change detected
2026-05-07 17:31:22,904 [INFO] 1 change detected
2026-05-07 17:31:23,307 [INFO] 1 change detected
2026-05-07 17:31:23,712 [INFO] 1 change detected
2026-05-07 17:31:24,116 [INFO] 1 change detected
2026-05-07 17:31:24,522 [INFO] 1 change detected
2026-05-07 17:31:24,926 [INFO] 1 change detected
2026-05-07 17:31:25,337 [INFO] 1 change detected
2026-05-07 17:31:25,746 [INFO] 1 change detected
2026-05-07 17:31:26,105 [INFO] 1 change detected
2026-05-07 17:31:26,516 [INFO] 1 change detected
2026-05-07 17:31:26,923 [INFO] 1 change detected
2026-05-07 17:31:27,287 [INFO] 1 change detected
2026-05-07 17:31:27,704 [INFO] 1 change detected
2026-05-07 17:31:28,117 [INFO] 1 change detected
2026-05-07 17:31:28,522 [INFO] 1 change detected
2026-05-07 17:31:28,926 [INFO] 1 change detected
2026-05-07 17:31:29,332 [INFO] 1 change detected
2026-05-07 17:31:29,736 [INFO] 1 change detected
2026-05-07 17:31:30,146 [INFO] 1 change detected
2026-05-07 17:31:30,552 [INFO] 1 change detected
2026-05-07 17:31:30,915 [INFO] 1 change detected
2026-05-07 17:31:31,320 [INFO] 1 change detected
2026-05-07 17:31:31,781 [INFO] 1 change detected
2026-05-07 17:31:32,140 [INFO] 1 change detected
2026-05-07 17:31:32,544 [INFO] 1 change detected
2026-05-07 17:31:32,946 [INFO] 1 change detected
2026-05-07 17:31:33,357 [INFO] 1 change detected
2026-05-07 17:31:33,764 [INFO] 1 change detected
2026-05-07 17:31:34,167 [INFO] 1 change detected
2026-05-07 17:31:34,577 [INFO] 1 change detected
2026-05-07 17:31:34,988 [INFO] 1 change detected
2026-05-07 17:31:35,397 [INFO] 1 change detected
2026-05-07 17:31:35,811 [INFO] 1 change detected
2026-05-07 17:31:36,212 [INFO] 1 change detected
2026-05-07 17:31:36,614 [INFO] 1 change detected
2026-05-07 17:31:37,023 [INFO] 1 change detected
2026-05-07 17:31:37,431 [INFO] 1 change detected
2026-05-07 17:31:37,792 [INFO] 1 change detected
2026-05-07 17:31:38,196 [INFO] 1 change detected
2026-05-07 17:31:38,601 [INFO] 1 change detected
2026-05-07 17:31:39,015 [INFO] 1 change detected
2026-05-07 17:31:39,420 [INFO] 1 change detected
2026-05-07 17:31:39,780 [INFO] 1 change detected
2026-05-07 17:31:40,183 [INFO] 1 change detected
2026-05-07 17:31:40,593 [INFO] 1 change detected
2026-05-07 17:31:41,003 [INFO] 1 change detected
2026-05-07 17:31:41,406 [INFO] 1 change detected
2026-05-07 17:31:41,809 [INFO] 1 change detected
2026-05-07 17:31:42,224 [INFO] 1 change detected
2026-05-07 17:31:42,576 [INFO] 1 change detected
2026-05-07 17:31:42,988 [INFO] 1 change detected
2026-05-07 17:31:43,399 [INFO] 1 change detected
2026-05-07 17:31:43,803 [INFO] 1 change detected
2026-05-07 17:31:44,156 [INFO] 1 change detected
2026-05-07 17:31:44,561 [INFO] 1 change detected
2026-05-07 17:31:44,972 [INFO] 1 change detected
2026-05-07 17:31:45,379 [INFO] 1 change detected
2026-05-07 17:31:45,791 [INFO] 1 change detected
2026-05-07 17:31:46,196 [INFO] 1 change detected
2026-05-07 17:31:46,604 [INFO] 1 change detected
2026-05-07 17:31:46,965 [INFO] 1 change detected
2026-05-07 17:31:47,383 [INFO] 1 change detected
2026-05-07 17:31:47,788 [INFO] 1 change detected
2026-05-07 17:31:48,157 [INFO] 1 change detected
2026-05-07 17:31:48,569 [INFO] 1 change detected
2026-05-07 17:31:48,985 [INFO] 1 change detected
2026-05-07 17:31:49,404 [INFO] 1 change detected
2026-05-07 17:31:49,764 [INFO] 1 change detected
2026-05-07 17:31:50,172 [INFO] 1 change detected
2026-05-07 17:31:50,576 [INFO] 1 change detected
2026-05-07 17:31:50,980 [INFO] 1 change detected
2026-05-07 17:31:51,336 [INFO] 1 change detected
2026-05-07 17:31:51,746 [INFO] 1 change detected
2026-05-07 17:31:52,158 [INFO] 1 change detected
2026-05-07 17:31:52,570 [INFO] 1 change detected
2026-05-07 17:31:52,973 [INFO] 1 change detected
2026-05-07 17:31:53,380 [INFO] 1 change detected
2026-05-07 17:31:53,744 [INFO] 1 change detected
2026-05-07 17:31:54,157 [INFO] 1 change detected
2026-05-07 17:31:54,558 [INFO] 1 change detected
2026-05-07 17:31:54,973 [INFO] 1 change detected
2026-05-07 17:31:55,384 [INFO] 1 change detected
2026-05-07 17:31:55,747 [INFO] 1 change detected
2026-05-07 17:31:56,153 [INFO] 1 change detected
2026-05-07 17:31:56,566 [INFO] 1 change detected
2026-05-07 17:31:56,971 [INFO] 1 change detected
2026-05-07 17:31:57,383 [INFO] 1 change detected
2026-05-07 17:31:57,791 [INFO] 1 change detected
2026-05-07 17:31:58,198 [INFO] 1 change detected
2026-05-07 17:31:58,610 [INFO] 1 change detected
2026-05-07 17:31:59,025 [INFO] 1 change detected
2026-05-07 17:31:59,379 [INFO] 1 change detected
2026-05-07 17:31:59,792 [INFO] 1 change detected
2026-05-07 17:32:00,206 [INFO] 1 change detected
2026-05-07 17:32:00,614 [INFO] 1 change detected
2026-05-07 17:32:01,020 [INFO] 1 change detected
2026-05-07 17:32:01,427 [INFO] 1 change detected
2026-05-07 17:32:01,834 [INFO] 1 change detected
2026-05-07 17:32:02,190 [INFO] 1 change detected
2026-05-07 17:32:02,592 [INFO] 1 change detected
2026-05-07 17:32:03,002 [INFO] 1 change detected
2026-05-07 17:32:03,404 [INFO] 1 change detected
2026-05-07 17:32:03,819 [INFO] 1 change detected
2026-05-07 17:32:04,235 [INFO] 1 change detected
2026-05-07 17:32:04,642 [INFO] 1 change detected
2026-05-07 17:32:05,059 [INFO] 1 change detected
2026-05-07 17:32:05,463 [INFO] 1 change detected
2026-05-07 17:32:05,825 [INFO] 1 change detected
2026-05-07 17:32:06,235 [INFO] 1 change detected
2026-05-07 17:32:06,641 [INFO] 1 change detected
2026-05-07 17:32:07,053 [INFO] 1 change detected
2026-05-07 17:32:07,419 [INFO] 1 change detected
2026-05-07 17:32:07,830 [INFO] 1 change detected
2026-05-07 17:32:08,241 [INFO] 1 change detected
2026-05-07 17:32:08,595 [INFO] 1 change detected
2026-05-07 17:32:09,003 [INFO] 1 change detected
2026-05-07 17:32:09,415 [INFO] 1 change detected
2026-05-07 17:32:09,773 [INFO] 1 change detected
2026-05-07 17:32:10,185 [INFO] 1 change detected
2026-05-07 17:32:10,596 [INFO] 1 change detected
2026-05-07 17:32:11,001 [INFO] 1 change detected
2026-05-07 17:32:11,409 [INFO] 1 change detected
2026-05-07 17:32:11,814 [INFO] 1 change detected
2026-05-07 17:32:12,218 [INFO] 1 change detected
2026-05-07 17:32:12,581 [INFO] 1 change detected
2026-05-07 17:32:12,992 [INFO] 1 change detected
2026-05-07 17:32:13,351 [INFO] 1 change detected
2026-05-07 17:32:13,803 [INFO] 1 change detected
2026-05-07 17:32:14,206 [INFO] 1 change detected
2026-05-07 17:32:14,558 [INFO] 1 change detected
2026-05-07 17:32:14,969 [INFO] 1 change detected
2026-05-07 17:32:15,380 [INFO] 1 change detected
2026-05-07 17:32:15,786 [INFO] 1 change detected
2026-05-07 17:32:16,192 [INFO] 1 change detected
2026-05-07 17:32:16,605 [INFO] 1 change detected
2026-05-07 17:32:17,014 [INFO] 1 change detected
2026-05-07 17:32:17,373 [INFO] 1 change detected
2026-05-07 17:32:17,781 [INFO] 1 change detected
2026-05-07 17:32:18,185 [INFO] 1 change detected
2026-05-07 17:32:18,588 [INFO] 1 change detected
2026-05-07 17:32:18,998 [INFO] 1 change detected
2026-05-07 17:32:19,409 [INFO] 1 change detected
2026-05-07 17:32:19,763 [INFO] 1 change detected
2026-05-07 17:32:20,165 [INFO] 1 change detected
2026-05-07 17:32:20,576 [INFO] 1 change detected
2026-05-07 17:32:20,988 [INFO] 1 change detected
2026-05-07 17:32:21,347 [INFO] 1 change detected
2026-05-07 17:32:21,760 [INFO] 1 change detected
2026-05-07 17:32:22,166 [INFO] 1 change detected
2026-05-07 17:32:22,572 [INFO] 1 change detected
2026-05-07 17:32:22,936 [INFO] 1 change detected
2026-05-07 17:32:23,351 [INFO] 1 change detected
2026-05-07 17:32:23,753 [INFO] 1 change detected
2026-05-07 17:32:24,157 [INFO] 1 change detected
2026-05-07 17:32:24,526 [INFO] 1 change detected
2026-05-07 17:32:24,932 [INFO] 1 change detected
2026-05-07 17:32:25,346 [INFO] 1 change detected
2026-05-07 17:32:25,753 [INFO] 1 change detected
2026-05-07 17:32:26,114 [INFO] 1 change detected
2026-05-07 17:32:26,532 [INFO] 1 change detected
2026-05-07 17:32:26,945 [INFO] 1 change detected
2026-05-07 17:32:27,347 [INFO] 1 change detected
2026-05-07 17:32:27,754 [INFO] 1 change detected
2026-05-07 17:32:28,114 [INFO] 1 change detected
2026-05-07 17:32:28,525 [INFO] 1 change detected
2026-05-07 17:32:28,931 [INFO] 1 change detected
2026-05-07 17:32:29,341 [INFO] 1 change detected
2026-05-07 17:32:29,693 [INFO] 1 change detected
2026-05-07 17:32:30,147 [INFO] 1 change detected
2026-05-07 17:32:30,499 [INFO] 1 change detected
2026-05-07 17:32:30,914 [INFO] 1 change detected
2026-05-07 17:32:31,327 [INFO] 1 change detected
2026-05-07 17:32:31,731 [INFO] 1 change detected
2026-05-07 17:32:32,092 [INFO] 1 change detected
2026-05-07 17:32:32,495 [INFO] 1 change detected
2026-05-07 17:32:32,908 [INFO] 1 change detected
2026-05-07 17:32:33,270 [INFO] 1 change detected
2026-05-07 17:32:33,723 [INFO] 1 change detected
2026-05-07 17:32:34,088 [INFO] 1 change detected
2026-05-07 17:32:34,492 [INFO] 1 change detected
2026-05-07 17:32:34,906 [INFO] 1 change detected
2026-05-07 17:32:35,322 [INFO] 1 change detected
2026-05-07 17:32:35,726 [INFO] 1 change detected
2026-05-07 17:32:36,131 [INFO] 1 change detected
2026-05-07 17:32:36,537 [INFO] 1 change detected
2026-05-07 17:32:36,946 [INFO] 1 change detected
2026-05-07 17:32:37,359 [INFO] 1 change detected
2026-05-07 17:32:37,711 [INFO] 1 change detected
2026-05-07 17:32:38,115 [INFO] 1 change detected
2026-05-07 17:32:38,519 [INFO] 1 change detected
2026-05-07 17:32:38,931 [INFO] 1 change detected
2026-05-07 17:32:39,347 [INFO] 1 change detected
2026-05-07 17:32:39,752 [INFO] 1 change detected
2026-05-07 17:32:40,153 [INFO] 1 change detected
2026-05-07 17:32:40,519 [INFO] 1 change detected
2026-05-07 17:32:40,926 [INFO] 1 change detected
2026-05-07 17:32:41,291 [INFO] 1 change detected
2026-05-07 17:32:41,702 [INFO] 1 change detected
2026-05-07 17:32:42,114 [INFO] 1 change detected
2026-05-07 17:32:42,524 [INFO] 1 change detected
2026-05-07 17:32:42,886 [INFO] 1 change detected
2026-05-07 17:32:43,301 [INFO] 1 change detected
2026-05-07 17:32:43,713 [INFO] 1 change detected
2026-05-07 17:32:44,075 [INFO] 1 change detected
2026-05-07 17:32:44,486 [INFO] 1 change detected
2026-05-07 17:32:44,903 [INFO] 1 change detected
2026-05-07 17:32:45,265 [INFO] 1 change detected
2026-05-07 17:32:45,669 [INFO] 1 change detected
2026-05-07 17:32:46,082 [INFO] 1 change detected
2026-05-07 17:32:46,491 [INFO] 1 change detected
2026-05-07 17:32:46,895 [INFO] 1 change detected
2026-05-07 17:32:47,253 [INFO] 1 change detected
2026-05-07 17:32:47,664 [INFO] 1 change detected
2026-05-07 17:32:48,074 [INFO] 1 change detected
2026-05-07 17:32:48,480 [INFO] 1 change detected
2026-05-07 17:32:48,892 [INFO] 1 change detected
2026-05-07 17:32:49,247 [INFO] 1 change detected
2026-05-07 17:32:49,657 [INFO] 1 change detected
2026-05-07 17:32:50,059 [INFO] 1 change detected
2026-05-07 17:32:50,467 [INFO] 1 change detected
2026-05-07 17:32:50,870 [INFO] 1 change detected
2026-05-07 17:32:51,274 [INFO] 1 change detected
2026-05-07 17:32:51,636 [INFO] 1 change detected
2026-05-07 17:32:52,042 [INFO] 1 change detected
2026-05-07 17:32:52,452 [INFO] 1 change detected
2026-05-07 17:32:52,859 [INFO] 1 change detected
2026-05-07 17:32:53,270 [INFO] 1 change detected
2026-05-07 17:32:53,626 [INFO] 1 change detected
2026-05-07 17:32:54,035 [INFO] 1 change detected
2026-05-07 17:32:54,442 [INFO] 1 change detected
2026-05-07 17:32:54,855 [INFO] 1 change detected
2026-05-07 17:32:55,258 [INFO] 1 change detected
2026-05-07 17:32:55,614 [INFO] 1 change detected
2026-05-07 17:32:56,015 [INFO] 1 change detected
2026-05-07 17:32:56,426 [INFO] 1 change detected
2026-05-07 17:32:56,836 [INFO] 1 change detected
2026-05-07 17:32:57,251 [INFO] 1 change detected
2026-05-07 17:32:57,605 [INFO] 1 change detected
2026-05-07 17:32:58,019 [INFO] 1 change detected
2026-05-07 17:32:58,431 [INFO] 1 change detected
2026-05-07 17:32:58,786 [INFO] 1 change detected
2026-05-07 17:32:59,191 [INFO] 1 change detected
2026-05-07 17:32:59,595 [INFO] 1 change detected
2026-05-07 17:33:00,006 [INFO] 1 change detected
2026-05-07 17:33:00,418 [INFO] 1 change detected
2026-05-07 17:33:00,780 [INFO] 1 change detected
2026-05-07 17:33:01,191 [INFO] 1 change detected
2026-05-07 17:33:01,597 [INFO] 1 change detected
2026-05-07 17:33:02,004 [INFO] 1 change detected
2026-05-07 17:33:02,409 [INFO] 1 change detected
2026-05-07 17:33:02,823 [INFO] 1 change detected
2026-05-07 17:33:03,236 [INFO] 1 change detected
2026-05-07 17:33:03,644 [INFO] 1 change detected
2026-05-07 17:33:04,007 [INFO] 1 change detected
2026-05-07 17:33:04,420 [INFO] 1 change detected
2026-05-07 17:33:04,830 [INFO] 1 change detected
2026-05-07 17:33:05,237 [INFO] 1 change detected
2026-05-07 17:33:05,646 [INFO] 1 change detected
2026-05-07 17:33:06,055 [INFO] 1 change detected
2026-05-07 17:33:06,464 [INFO] 1 change detected
2026-05-07 17:33:06,867 [INFO] 1 change detected
2026-05-07 17:33:07,271 [INFO] 1 change detected
2026-05-07 17:33:07,678 [INFO] 1 change detected
2026-05-07 17:33:08,040 [INFO] 1 change detected
2026-05-07 17:33:08,454 [INFO] 1 change detected
2026-05-07 17:33:08,864 [INFO] 1 change detected
2026-05-07 17:33:09,267 [INFO] 1 change detected
2026-05-07 17:33:09,630 [INFO] 1 change detected
2026-05-07 17:33:10,036 [INFO] 1 change detected
2026-05-07 17:33:10,446 [INFO] 1 change detected
2026-05-07 17:33:10,854 [INFO] 1 change detected
2026-05-07 17:33:11,215 [INFO] 1 change detected
2026-05-07 17:33:11,620 [INFO] 1 change detected
2026-05-07 17:33:12,031 [INFO] 1 change detected
2026-05-07 17:33:12,436 [INFO] 1 change detected
2026-05-07 17:33:12,800 [INFO] 1 change detected
2026-05-07 17:33:13,213 [INFO] 1 change detected
2026-05-07 17:33:13,621 [INFO] 1 change detected
2026-05-07 17:33:14,024 [INFO] 1 change detected
2026-05-07 17:33:14,430 [INFO] 1 change detected
2026-05-07 17:33:14,787 [INFO] 1 change detected
2026-05-07 17:33:15,191 [INFO] 1 change detected
2026-05-07 17:33:15,603 [INFO] 1 change detected
2026-05-07 17:33:16,010 [INFO] 1 change detected
2026-05-07 17:33:16,364 [INFO] 1 change detected
2026-05-07 17:33:16,775 [INFO] 1 change detected
2026-05-07 17:33:17,187 [INFO] 1 change detected
2026-05-07 17:33:17,596 [INFO] 1 change detected
2026-05-07 17:33:18,007 [INFO] 1 change detected
2026-05-07 17:33:18,359 [INFO] 1 change detected
2026-05-07 17:33:18,764 [INFO] 1 change detected
2026-05-07 17:33:19,166 [INFO] 1 change detected
2026-05-07 17:33:19,573 [INFO] 1 change detected
2026-05-07 17:33:19,986 [INFO] 1 change detected
2026-05-07 17:33:20,393 [INFO] 1 change detected
2026-05-07 17:33:20,746 [INFO] 1 change detected
2026-05-07 17:33:21,152 [INFO] 1 change detected
2026-05-07 17:33:21,560 [INFO] 1 change detected
2026-05-07 17:33:21,970 [INFO] 1 change detected
2026-05-07 17:33:22,331 [INFO] 1 change detected
2026-05-07 17:33:22,744 [INFO] 1 change detected
2026-05-07 17:33:23,156 [INFO] 1 change detected
2026-05-07 17:33:23,559 [INFO] 1 change detected
2026-05-07 17:33:23,914 [INFO] 1 change detected
2026-05-07 17:33:24,330 [INFO] 1 change detected
2026-05-07 17:33:24,743 [INFO] 1 change detected
2026-05-07 17:33:25,153 [INFO] 1 change detected
2026-05-07 17:33:25,506 [INFO] 1 change detected
2026-05-07 17:33:25,920 [INFO] 1 change detected
2026-05-07 17:33:26,332 [INFO] 1 change detected
2026-05-07 17:33:26,741 [INFO] 1 change detected
2026-05-07 17:33:27,099 [INFO] 1 change detected
2026-05-07 17:33:27,515 [INFO] 1 change detected
2026-05-07 17:33:27,919 [INFO] 1 change detected
2026-05-07 17:33:28,276 [INFO] 1 change detected
2026-05-07 17:33:28,691 [INFO] 1 change detected
2026-05-07 17:33:29,096 [INFO] 1 change detected
2026-05-07 17:33:29,509 [INFO] 1 change detected
2026-05-07 17:33:29,916 [INFO] 1 change detected
2026-05-07 17:33:30,326 [INFO] 1 change detected
2026-05-07 17:33:30,681 [INFO] 1 change detected
2026-05-07 17:33:31,087 [INFO] 1 change detected
2026-05-07 17:33:31,497 [INFO] 1 change detected
2026-05-07 17:33:31,906 [INFO] 1 change detected
2026-05-07 17:33:32,258 [INFO] 1 change detected
2026-05-07 17:33:32,669 [INFO] 1 change detected
2026-05-07 17:33:33,074 [INFO] 1 change detected
2026-05-07 17:33:33,486 [INFO] 1 change detected
2026-05-07 17:33:33,891 [INFO] 1 change detected
2026-05-07 17:33:34,296 [INFO] 1 change detected
2026-05-07 17:33:34,656 [INFO] 1 change detected
2026-05-07 17:33:35,058 [INFO] 1 change detected
2026-05-07 17:33:35,466 [INFO] 1 change detected
2026-05-07 17:33:35,872 [INFO] 1 change detected
2026-05-07 17:33:36,282 [INFO] 1 change detected
2026-05-07 17:33:36,688 [INFO] 1 change detected
2026-05-07 17:33:37,043 [INFO] 1 change detected
2026-05-07 17:33:37,447 [INFO] 1 change detected
2026-05-07 17:33:37,852 [INFO] 1 change detected
2026-05-07 17:33:38,259 [INFO] 1 change detected
2026-05-07 17:33:38,671 [INFO] 1 change detected
2026-05-07 17:33:39,026 [INFO] 1 change detected
2026-05-07 17:33:39,436 [INFO] 1 change detected
2026-05-07 17:33:39,840 [INFO] 1 change detected
2026-05-07 17:33:40,247 [INFO] 1 change detected
2026-05-07 17:33:40,653 [INFO] 1 change detected
2026-05-07 17:33:41,067 [INFO] 1 change detected
2026-05-07 17:33:41,424 [INFO] 1 change detected
2026-05-07 17:33:41,829 [INFO] 1 change detected
2026-05-07 17:33:42,237 [INFO] 1 change detected
2026-05-07 17:33:42,641 [INFO] 1 change detected
2026-05-07 17:33:43,048 [INFO] 1 change detected
2026-05-07 17:33:43,456 [INFO] 1 change detected
2026-05-07 17:33:43,818 [INFO] 1 change detected
2026-05-07 17:33:44,223 [INFO] 1 change detected
2026-05-07 17:33:44,633 [INFO] 1 change detected
2026-05-07 17:33:45,042 [INFO] 1 change detected
2026-05-07 17:33:45,405 [INFO] 1 change detected
2026-05-07 17:33:45,814 [INFO] 1 change detected
2026-05-07 17:33:46,229 [INFO] 1 change detected
2026-05-07 17:33:46,636 [INFO] 1 change detected
2026-05-07 17:33:46,992 [INFO] 1 change detected
2026-05-07 17:33:47,449 [INFO] 1 change detected
2026-05-07 17:33:47,809 [INFO] 1 change detected
2026-05-07 17:33:48,220 [INFO] 1 change detected
2026-05-07 17:33:48,625 [INFO] 1 change detected
2026-05-07 17:33:49,037 [INFO] 1 change detected
2026-05-07 17:33:49,446 [INFO] 1 change detected
2026-05-07 17:33:49,853 [INFO] 1 change detected
2026-05-07 17:33:50,255 [INFO] 1 change detected
2026-05-07 17:33:50,614 [INFO] 1 change detected
2026-05-07 17:33:51,024 [INFO] 1 change detected
2026-05-07 17:33:51,434 [INFO] 1 change detected
2026-05-07 17:33:51,842 [INFO] 1 change detected
2026-05-07 17:33:52,256 [INFO] 1 change detected
2026-05-07 17:33:52,615 [INFO] 1 change detected
2026-05-07 17:33:53,026 [INFO] 1 change detected
2026-05-07 17:33:53,430 [INFO] 1 change detected
2026-05-07 17:33:53,842 [INFO] 1 change detected
2026-05-07 17:33:54,254 [INFO] 1 change detected
2026-05-07 17:33:54,656 [INFO] 1 change detected
2026-05-07 17:33:55,061 [INFO] 1 change detected
2026-05-07 17:33:55,418 [INFO] 1 change detected
2026-05-07 17:33:55,820 [INFO] 1 change detected
2026-05-07 17:33:56,225 [INFO] 1 change detected
2026-05-07 17:33:56,630 [INFO] 1 change detected
2026-05-07 17:33:57,039 [INFO] 1 change detected
2026-05-07 17:33:57,443 [INFO] 1 change detected
2026-05-07 17:33:57,854 [INFO] 1 change detected
2026-05-07 17:33:58,256 [INFO] 1 change detected
2026-05-07 17:33:58,611 [INFO] 1 change detected
2026-05-07 17:33:59,020 [INFO] 1 change detected
2026-05-07 17:33:59,424 [INFO] 1 change detected
2026-05-07 17:33:59,831 [INFO] 1 change detected
2026-05-07 17:34:00,243 [INFO] 1 change detected
2026-05-07 17:34:00,647 [INFO] 1 change detected
2026-05-07 17:34:01,006 [INFO] 1 change detected
2026-05-07 17:34:01,409 [INFO] 1 change detected
2026-05-07 17:34:01,820 [INFO] 1 change detected
2026-05-07 17:34:02,232 [INFO] 1 change detected
2026-05-07 17:34:02,593 [INFO] 1 change detected
2026-05-07 17:34:03,006 [INFO] 1 change detected
2026-05-07 17:34:03,420 [INFO] 1 change detected
2026-05-07 17:34:03,836 [INFO] 1 change detected
2026-05-07 17:34:04,244 [INFO] 1 change detected
2026-05-07 17:34:04,659 [INFO] 1 change detected
2026-05-07 17:34:05,070 [INFO] 1 change detected
2026-05-07 17:34:05,481 [INFO] 1 change detected
2026-05-07 17:34:05,842 [INFO] 1 change detected
2026-05-07 17:34:06,259 [INFO] 1 change detected
2026-05-07 17:34:06,664 [INFO] 1 change detected
2026-05-07 17:34:07,071 [INFO] 1 change detected
2026-05-07 17:34:07,485 [INFO] 1 change detected
2026-05-07 17:34:07,892 [INFO] 1 change detected
2026-05-07 17:34:08,246 [INFO] 1 change detected
2026-05-07 17:34:08,659 [INFO] 1 change detected
2026-05-07 17:34:09,071 [INFO] 1 change detected
2026-05-07 17:34:09,474 [INFO] 1 change detected
2026-05-07 17:34:09,881 [INFO] 1 change detected
2026-05-07 17:34:10,290 [INFO] 1 change detected
2026-05-07 17:34:10,692 [INFO] 1 change detected
2026-05-07 17:34:11,102 [INFO] 1 change detected
2026-05-07 17:34:11,506 [INFO] 1 change detected
2026-05-07 17:34:11,869 [INFO] 1 change detected
2026-05-07 17:34:12,282 [INFO] 1 change detected
2026-05-07 17:34:12,686 [INFO] 1 change detected
2026-05-07 17:34:13,098 [INFO] 1 change detected
2026-05-07 17:34:13,464 [INFO] 1 change detected
2026-05-07 17:34:13,881 [INFO] 1 change detected
2026-05-07 17:34:14,293 [INFO] 1 change detected
2026-05-07 17:34:14,646 [INFO] 1 change detected
2026-05-07 17:34:15,055 [INFO] 1 change detected
2026-05-07 17:34:15,465 [INFO] 1 change detected
2026-05-07 17:34:15,877 [INFO] 1 change detected
2026-05-07 17:34:16,291 [INFO] 1 change detected
2026-05-07 17:34:16,696 [INFO] 1 change detected
2026-05-07 17:34:17,059 [INFO] 1 change detected
2026-05-07 17:34:17,465 [INFO] 1 change detected
2026-05-07 17:34:17,877 [INFO] 1 change detected
2026-05-07 17:34:18,286 [INFO] 1 change detected
2026-05-07 17:34:18,645 [INFO] 1 change detected
2026-05-07 17:34:19,055 [INFO] 1 change detected
2026-05-07 17:34:19,459 [INFO] 1 change detected
2026-05-07 17:34:19,872 [INFO] 1 change detected
2026-05-07 17:34:20,275 [INFO] 1 change detected
2026-05-07 17:34:20,687 [INFO] 1 change detected
2026-05-07 17:34:21,041 [INFO] 1 change detected
2026-05-07 17:34:21,446 [INFO] 1 change detected
2026-05-07 17:34:21,848 [INFO] 1 change detected
2026-05-07 17:34:22,256 [INFO] 1 change detected
2026-05-07 17:34:22,667 [INFO] 1 change detected
2026-05-07 17:34:23,023 [INFO] 1 change detected
2026-05-07 17:34:23,436 [INFO] 1 change detected
2026-05-07 17:34:23,846 [INFO] 1 change detected
2026-05-07 17:34:24,262 [INFO] 1 change detected
2026-05-07 17:34:24,667 [INFO] 1 change detected
2026-05-07 17:34:25,024 [INFO] 1 change detected
2026-05-07 17:34:25,476 [INFO] 1 change detected
2026-05-07 17:34:25,882 [INFO] 1 change detected
2026-05-07 17:34:26,246 [INFO] 1 change detected
2026-05-07 17:34:26,664 [INFO] 1 change detected
2026-05-07 17:34:27,069 [INFO] 1 change detected
2026-05-07 17:34:27,483 [INFO] 1 change detected
2026-05-07 17:34:27,846 [INFO] 1 change detected
2026-05-07 17:34:28,251 [INFO] 1 change detected
2026-05-07 17:34:28,659 [INFO] 1 change detected
2026-05-07 17:34:29,070 [INFO] 1 change detected
2026-05-07 17:34:29,476 [INFO] 1 change detected
2026-05-07 17:34:29,882 [INFO] 1 change detected
2026-05-07 17:34:30,288 [INFO] 1 change detected
2026-05-07 17:34:30,697 [INFO] 1 change detected
2026-05-07 17:34:31,063 [INFO] 1 change detected
2026-05-07 17:34:31,476 [INFO] 1 change detected
2026-05-07 17:34:31,884 [INFO] 1 change detected
2026-05-07 17:34:32,244 [INFO] 1 change detected
2026-05-07 17:34:32,651 [INFO] 1 change detected
2026-05-07 17:34:33,054 [INFO] 1 change detected
2026-05-07 17:34:33,414 [INFO] 1 change detected
2026-05-07 17:34:33,822 [INFO] 1 change detected
2026-05-07 17:34:34,233 [INFO] 1 change detected
2026-05-07 17:34:34,642 [INFO] 1 change detected
2026-05-07 17:34:35,006 [INFO] 1 change detected
2026-05-07 17:34:35,419 [INFO] 1 change detected
2026-05-07 17:34:35,827 [INFO] 1 change detected
2026-05-07 17:34:36,231 [INFO] 1 change detected
2026-05-07 17:34:36,590 [INFO] 1 change detected
2026-05-07 17:34:36,998 [INFO] 1 change detected
2026-05-07 17:34:37,409 [INFO] 1 change detected
2026-05-07 17:34:37,815 [INFO] 1 change detected
2026-05-07 17:34:38,229 [INFO] 1 change detected
2026-05-07 17:34:38,635 [INFO] 1 change detected
2026-05-07 17:34:38,996 [INFO] 1 change detected
2026-05-07 17:34:39,449 [INFO] 1 change detected
2026-05-07 17:34:39,806 [INFO] 1 change detected
2026-05-07 17:34:40,209 [INFO] 1 change detected
2026-05-07 17:34:40,621 [INFO] 1 change detected
2026-05-07 17:34:41,032 [INFO] 1 change detected
2026-05-07 17:34:41,437 [INFO] 1 change detected
2026-05-07 17:34:41,797 [INFO] 1 change detected
2026-05-07 17:34:42,212 [INFO] 1 change detected
2026-05-07 17:34:42,617 [INFO] 1 change detected
2026-05-07 17:34:42,974 [INFO] 1 change detected
2026-05-07 17:34:43,386 [INFO] 1 change detected
2026-05-07 17:34:43,789 [INFO] 1 change detected
2026-05-07 17:34:44,190 [INFO] 1 change detected
2026-05-07 17:34:44,594 [INFO] 1 change detected
2026-05-07 17:34:44,959 [INFO] 1 change detected
2026-05-07 17:34:45,365 [INFO] 1 change detected
2026-05-07 17:34:45,782 [INFO] 1 change detected
2026-05-07 17:34:46,186 [INFO] 1 change detected
2026-05-07 17:34:46,547 [INFO] 1 change detected
2026-05-07 17:34:46,953 [INFO] 1 change detected
2026-05-07 17:34:47,359 [INFO] 1 change detected
2026-05-07 17:34:47,770 [INFO] 1 change detected
2026-05-07 17:34:48,179 [INFO] 1 change detected
2026-05-07 17:34:48,545 [INFO] 1 change detected
2026-05-07 17:34:48,948 [INFO] 1 change detected
2026-05-07 17:34:49,358 [INFO] 1 change detected
2026-05-07 17:34:49,770 [INFO] 1 change detected
2026-05-07 17:34:50,176 [INFO] 1 change detected
2026-05-07 17:34:50,541 [INFO] 1 change detected
2026-05-07 17:34:50,946 [INFO] 1 change detected
2026-05-07 17:34:51,348 [INFO] 1 change detected
2026-05-07 17:34:51,753 [INFO] 1 change detected
2026-05-07 17:34:52,165 [INFO] 1 change detected
2026-05-07 17:34:52,580 [INFO] 1 change detected
2026-05-07 17:34:52,941 [INFO] 1 change detected
2026-05-07 17:34:53,354 [INFO] 1 change detected
2026-05-07 17:34:53,763 [INFO] 1 change detected
2026-05-07 17:34:54,169 [INFO] 1 change detected
2026-05-07 17:34:54,570 [INFO] 1 change detected
2026-05-07 17:34:54,929 [INFO] 1 change detected
2026-05-07 17:34:55,337 [INFO] 1 change detected
2026-05-07 17:34:55,748 [INFO] 1 change detected
2026-05-07 17:34:56,160 [INFO] 1 change detected
2026-05-07 17:34:56,572 [INFO] 1 change detected
2026-05-07 17:34:56,982 [INFO] 1 change detected
2026-05-07 17:34:57,392 [INFO] 1 change detected
2026-05-07 17:34:57,753 [INFO] 1 change detected
2026-05-07 17:34:58,160 [INFO] 1 change detected
2026-05-07 17:34:58,566 [INFO] 1 change detected
2026-05-07 17:34:58,924 [INFO] 1 change detected
2026-05-07 17:34:59,342 [INFO] 1 change detected
2026-05-07 17:34:59,746 [INFO] 1 change detected
2026-05-07 17:35:00,109 [INFO] 1 change detected
2026-05-07 17:35:00,516 [INFO] 1 change detected
2026-05-07 17:35:00,933 [INFO] 1 change detected
2026-05-07 17:35:01,295 [INFO] 1 change detected
2026-05-07 17:35:01,703 [INFO] 1 change detected
2026-05-07 17:35:02,115 [INFO] 1 change detected
2026-05-07 17:35:02,521 [INFO] 1 change detected
2026-05-07 17:35:02,924 [INFO] 1 change detected
2026-05-07 17:35:03,287 [INFO] 1 change detected
2026-05-07 17:35:03,696 [INFO] 1 change detected
2026-05-07 17:35:04,106 [INFO] 1 change detected
2026-05-07 17:35:04,521 [INFO] 1 change detected
2026-05-07 17:35:04,886 [INFO] 1 change detected
2026-05-07 17:35:05,297 [INFO] 1 change detected
2026-05-07 17:35:05,701 [INFO] 1 change detected
2026-05-07 17:35:06,108 [INFO] 1 change detected
2026-05-07 17:35:06,525 [INFO] 1 change detected
2026-05-07 17:35:06,887 [INFO] 1 change detected
2026-05-07 17:35:07,304 [INFO] 1 change detected
2026-05-07 17:35:07,715 [INFO] 1 change detected
2026-05-07 17:35:08,080 [INFO] 1 change detected
2026-05-07 17:35:08,492 [INFO] 1 change detected
2026-05-07 17:35:08,901 [INFO] 1 change detected
2026-05-07 17:35:09,310 [INFO] 1 change detected
2026-05-07 17:35:09,717 [INFO] 1 change detected
2026-05-07 17:35:10,073 [INFO] 1 change detected
2026-05-07 17:35:10,486 [INFO] 1 change detected
2026-05-07 17:35:10,890 [INFO] 1 change detected
2026-05-07 17:35:11,301 [INFO] 1 change detected
2026-05-07 17:35:11,704 [INFO] 1 change detected
2026-05-07 17:35:12,056 [INFO] 1 change detected
2026-05-07 17:35:12,469 [INFO] 1 change detected
2026-05-07 17:35:12,882 [INFO] 1 change detected
2026-05-07 17:35:13,296 [INFO] 1 change detected
2026-05-07 17:35:13,655 [INFO] 1 change detected
2026-05-07 17:35:14,058 [INFO] 1 change detected
2026-05-07 17:35:14,469 [INFO] 1 change detected
2026-05-07 17:35:14,876 [INFO] 1 change detected
2026-05-07 17:35:15,286 [INFO] 1 change detected
2026-05-07 17:35:15,693 [INFO] 1 change detected
2026-05-07 17:35:16,046 [INFO] 1 change detected
2026-05-07 17:35:16,448 [INFO] 1 change detected
2026-05-07 17:35:16,857 [INFO] 1 change detected
2026-05-07 17:35:17,266 [INFO] 1 change detected
2026-05-07 17:35:17,676 [INFO] 1 change detected
2026-05-07 17:35:18,031 [INFO] 1 change detected
2026-05-07 17:35:18,438 [INFO] 1 change detected
2026-05-07 17:35:18,846 [INFO] 1 change detected
2026-05-07 17:35:19,260 [INFO] 1 change detected
2026-05-07 17:35:19,671 [INFO] 1 change detected
2026-05-07 17:35:20,036 [INFO] 1 change detected
2026-05-07 17:35:20,442 [INFO] 1 change detected
2026-05-07 17:35:20,853 [INFO] 1 change detected
2026-05-07 17:35:21,264 [INFO] 1 change detected
2026-05-07 17:35:21,624 [INFO] 1 change detected
2026-05-07 17:35:22,031 [INFO] 1 change detected
2026-05-07 17:35:22,449 [INFO] 1 change detected
2026-05-07 17:35:22,809 [INFO] 1 change detected
2026-05-07 17:35:23,220 [INFO] 1 change detected
2026-05-07 17:35:23,626 [INFO] 1 change detected
2026-05-07 17:35:23,987 [INFO] 1 change detected
2026-05-07 17:35:24,404 [INFO] 1 change detected
2026-05-07 17:35:24,813 [INFO] 1 change detected
2026-05-07 17:35:25,220 [INFO] 1 change detected
2026-05-07 17:35:25,636 [INFO] 1 change detected
2026-05-07 17:35:26,047 [INFO] 1 change detected
2026-05-07 17:35:26,401 [INFO] 1 change detected
2026-05-07 17:35:26,815 [INFO] 1 change detected
2026-05-07 17:35:27,220 [INFO] 1 change detected
2026-05-07 17:35:27,581 [INFO] 1 change detected
2026-05-07 17:35:27,991 [INFO] 1 change detected
2026-05-07 17:35:28,353 [INFO] 1 change detected
2026-05-07 17:35:28,766 [INFO] 1 change detected
2026-05-07 17:35:29,181 [INFO] 1 change detected
2026-05-07 17:35:29,542 [INFO] 1 change detected
2026-05-07 17:35:29,954 [INFO] 1 change detected
2026-05-07 17:35:30,364 [INFO] 1 change detected
2026-05-07 17:35:30,725 [INFO] 1 change detected
2026-05-07 17:35:31,131 [INFO] 1 change detected
2026-05-07 17:35:31,533 [INFO] 1 change detected
2026-05-07 17:35:31,938 [INFO] 1 change detected
2026-05-07 17:35:32,343 [INFO] 1 change detected
2026-05-07 17:35:32,745 [INFO] 1 change detected
2026-05-07 17:35:33,102 [INFO] 1 change detected
2026-05-07 17:35:33,504 [INFO] 1 change detected
2026-05-07 17:35:33,909 [INFO] 1 change detected
2026-05-07 17:35:34,321 [INFO] 1 change detected
2026-05-07 17:35:34,731 [INFO] 1 change detected
2026-05-07 17:35:35,090 [INFO] 1 change detected
2026-05-07 17:35:35,492 [INFO] 1 change detected
2026-05-07 17:35:35,903 [INFO] 1 change detected
2026-05-07 17:35:36,307 [INFO] 1 change detected
2026-05-07 17:35:36,665 [INFO] 1 change detected
2026-05-07 17:35:37,080 [INFO] 1 change detected
2026-05-07 17:35:37,487 [INFO] 1 change detected
2026-05-07 17:35:37,898 [INFO] 1 change detected
2026-05-07 17:35:38,304 [INFO] 1 change detected
2026-05-07 17:35:38,662 [INFO] 1 change detected
2026-05-07 17:35:39,070 [INFO] 1 change detected
2026-05-07 17:35:39,483 [INFO] 1 change detected
2026-05-07 17:35:39,888 [INFO] 1 change detected
2026-05-07 17:35:40,295 [INFO] 1 change detected
2026-05-07 17:35:40,700 [INFO] 1 change detected
2026-05-07 17:35:41,103 [INFO] 1 change detected
2026-05-07 17:35:41,458 [INFO] 1 change detected
2026-05-07 17:35:41,865 [INFO] 1 change detected
2026-05-07 17:35:42,287 [INFO] 1 change detected
2026-05-07 17:35:42,646 [INFO] 1 change detected
2026-05-07 17:35:43,055 [INFO] 1 change detected
2026-05-07 17:35:43,472 [INFO] 1 change detected
2026-05-07 17:35:43,880 [INFO] 1 change detected
2026-05-07 17:35:44,241 [INFO] 1 change detected
2026-05-07 17:35:44,646 [INFO] 1 change detected
2026-05-07 17:35:45,054 [INFO] 1 change detected
2026-05-07 17:35:45,414 [INFO] 1 change detected
2026-05-07 17:35:45,819 [INFO] 1 change detected
2026-05-07 17:35:46,225 [INFO] 1 change detected
2026-05-07 17:35:46,635 [INFO] 1 change detected
2026-05-07 17:35:46,997 [INFO] 1 change detected
2026-05-07 17:35:47,409 [INFO] 1 change detected
2026-05-07 17:35:47,821 [INFO] 1 change detected
2026-05-07 17:35:48,224 [INFO] 1 change detected
2026-05-07 17:35:48,626 [INFO] 1 change detected
2026-05-07 17:35:49,035 [INFO] 1 change detected
2026-05-07 17:35:49,437 [INFO] 1 change detected
2026-05-07 17:35:49,839 [INFO] 1 change detected
2026-05-07 17:35:50,245 [INFO] 1 change detected
2026-05-07 17:35:50,652 [INFO] 1 change detected
2026-05-07 17:35:51,055 [INFO] 1 change detected
2026-05-07 17:35:51,410 [INFO] 1 change detected
2026-05-07 17:35:51,823 [INFO] 1 change detected
2026-05-07 17:35:52,225 [INFO] 1 change detected
2026-05-07 17:35:52,631 [INFO] 1 change detected
2026-05-07 17:35:53,034 [INFO] 1 change detected
2026-05-07 17:35:53,438 [INFO] 1 change detected
2026-05-07 17:35:53,843 [INFO] 1 change detected
2026-05-07 17:35:54,249 [INFO] 1 change detected
2026-05-07 17:35:54,653 [INFO] 1 change detected
2026-05-07 17:35:55,058 [INFO] 1 change detected
2026-05-07 17:35:55,475 [INFO] 1 change detected
2026-05-07 17:35:55,881 [INFO] 1 change detected
2026-05-07 17:35:56,242 [INFO] 1 change detected
2026-05-07 17:35:56,655 [INFO] 1 change detected
2026-05-07 17:35:57,064 [INFO] 1 change detected
2026-05-07 17:35:57,469 [INFO] 1 change detected
2026-05-07 17:35:57,871 [INFO] 1 change detected
2026-05-07 17:35:58,229 [INFO] 1 change detected
2026-05-07 17:35:58,640 [INFO] 1 change detected
2026-05-07 17:35:59,047 [INFO] 1 change detected
2026-05-07 17:35:59,458 [INFO] 1 change detected
2026-05-07 17:35:59,859 [INFO] 1 change detected
2026-05-07 17:36:00,265 [INFO] 1 change detected
2026-05-07 17:36:00,676 [INFO] 1 change detected
2026-05-07 17:36:01,086 [INFO] 1 change detected
2026-05-07 17:36:01,440 [INFO] 1 change detected
2026-05-07 17:36:01,848 [INFO] 1 change detected
2026-05-07 17:36:02,261 [INFO] 1 change detected
2026-05-07 17:36:02,670 [INFO] 1 change detected
2026-05-07 17:36:03,071 [INFO] 1 change detected
2026-05-07 17:36:03,432 [INFO] 1 change detected
2026-05-07 17:36:03,846 [INFO] 1 change detected
2026-05-07 17:36:04,254 [INFO] 1 change detected
2026-05-07 17:36:04,656 [INFO] 1 change detected
2026-05-07 17:36:05,072 [INFO] 1 change detected
2026-05-07 17:36:05,435 [INFO] 1 change detected
2026-05-07 17:36:05,894 [INFO] 1 change detected
2026-05-07 17:36:06,256 [INFO] 1 change detected
2026-05-07 17:36:06,671 [INFO] 1 change detected
2026-05-07 17:36:07,085 [INFO] 1 change detected
2026-05-07 17:36:07,489 [INFO] 1 change detected
2026-05-07 17:36:07,847 [INFO] 1 change detected
2026-05-07 17:36:08,248 [INFO] 1 change detected
2026-05-07 17:36:08,653 [INFO] 1 change detected
2026-05-07 17:36:09,066 [INFO] 1 change detected
2026-05-07 17:36:09,475 [INFO] 1 change detected
2026-05-07 17:36:09,886 [INFO] 1 change detected
2026-05-07 17:36:10,243 [INFO] 1 change detected
2026-05-07 17:36:10,646 [INFO] 1 change detected
2026-05-07 17:36:11,048 [INFO] 1 change detected
2026-05-07 17:36:11,466 [INFO] 1 change detected
2026-05-07 17:36:11,871 [INFO] 1 change detected
2026-05-07 17:36:12,230 [INFO] 1 change detected
2026-05-07 17:36:12,641 [INFO] 1 change detected
2026-05-07 17:36:13,043 [INFO] 1 change detected
2026-05-07 17:36:13,446 [INFO] 1 change detected
2026-05-07 17:36:13,859 [INFO] 1 change detected
2026-05-07 17:36:14,263 [INFO] 1 change detected
2026-05-07 17:36:14,620 [INFO] 1 change detected
2026-05-07 17:36:15,033 [INFO] 1 change detected
2026-05-07 17:36:15,395 [INFO] 1 change detected
2026-05-07 17:36:15,804 [INFO] 1 change detected
2026-05-07 17:36:16,219 [INFO] 1 change detected
2026-05-07 17:36:16,621 [INFO] 1 change detected
2026-05-07 17:36:17,026 [INFO] 1 change detected
2026-05-07 17:36:17,427 [INFO] 1 change detected
2026-05-07 17:36:17,830 [INFO] 1 change detected
2026-05-07 17:36:18,241 [INFO] 1 change detected
2026-05-07 17:36:18,654 [INFO] 1 change detected
2026-05-07 17:36:19,006 [INFO] 1 change detected
2026-05-07 17:36:19,415 [INFO] 1 change detected
2026-05-07 17:36:19,779 [INFO] 1 change detected
2026-05-07 17:36:20,181 [INFO] 1 change detected
2026-05-07 17:36:20,589 [INFO] 1 change detected
2026-05-07 17:36:21,006 [INFO] 1 change detected
2026-05-07 17:36:21,368 [INFO] 1 change detected
2026-05-07 17:36:21,778 [INFO] 1 change detected
2026-05-07 17:36:22,194 [INFO] 1 change detected
2026-05-07 17:36:22,603 [INFO] 1 change detected
2026-05-07 17:36:23,014 [INFO] 1 change detected
2026-05-07 17:36:23,376 [INFO] 1 change detected
2026-05-07 17:36:23,779 [INFO] 1 change detected
2026-05-07 17:36:24,181 [INFO] 1 change detected
2026-05-07 17:36:24,591 [INFO] 1 change detected
2026-05-07 17:36:25,007 [INFO] 1 change detected
2026-05-07 17:36:25,414 [INFO] 1 change detected
2026-05-07 17:36:25,814 [INFO] 1 change detected
2026-05-07 17:36:26,220 [INFO] 1 change detected
2026-05-07 17:36:26,586 [INFO] 1 change detected
2026-05-07 17:36:26,993 [INFO] 1 change detected
2026-05-07 17:36:27,404 [INFO] 1 change detected
2026-05-07 17:36:27,806 [INFO] 1 change detected
2026-05-07 17:36:28,209 [INFO] 1 change detected
2026-05-07 17:36:28,624 [INFO] 1 change detected
2026-05-07 17:36:29,034 [INFO] 1 change detected
2026-05-07 17:36:29,392 [INFO] 1 change detected
2026-05-07 17:36:29,806 [INFO] 1 change detected
2026-05-07 17:36:30,216 [INFO] 1 change detected
2026-05-07 17:36:30,622 [INFO] 1 change detected
2026-05-07 17:36:30,985 [INFO] 1 change detected
2026-05-07 17:36:31,387 [INFO] 1 change detected
2026-05-07 17:36:31,793 [INFO] 1 change detected
2026-05-07 17:36:32,203 [INFO] 1 change detected
2026-05-07 17:36:32,606 [INFO] 1 change detected
2026-05-07 17:36:33,010 [INFO] 1 change detected
2026-05-07 17:36:33,424 [INFO] 1 change detected
2026-05-07 17:36:33,831 [INFO] 1 change detected
2026-05-07 17:36:34,240 [INFO] 1 change detected
2026-05-07 17:36:34,642 [INFO] 1 change detected
2026-05-07 17:36:35,047 [INFO] 1 change detected
2026-05-07 17:36:35,406 [INFO] 1 change detected
2026-05-07 17:36:35,821 [INFO] 1 change detected
2026-05-07 17:36:36,232 [INFO] 1 change detected
2026-05-07 17:36:36,637 [INFO] 1 change detected
2026-05-07 17:36:37,042 [INFO] 1 change detected
2026-05-07 17:36:37,406 [INFO] 1 change detected
2026-05-07 17:36:37,825 [INFO] 1 change detected
2026-05-07 17:36:38,237 [INFO] 1 change detected
2026-05-07 17:36:38,592 [INFO] 1 change detected
2026-05-07 17:36:38,998 [INFO] 1 change detected
2026-05-07 17:36:39,414 [INFO] 1 change detected
2026-05-07 17:36:39,815 [INFO] 1 change detected
2026-05-07 17:36:40,230 [INFO] 1 change detected
2026-05-07 17:36:40,593 [INFO] 1 change detected
2026-05-07 17:36:40,996 [INFO] 1 change detected
2026-05-07 17:36:41,404 [INFO] 1 change detected
2026-05-07 17:36:41,806 [INFO] 1 change detected
2026-05-07 17:36:42,210 [INFO] 1 change detected
2026-05-07 17:36:42,626 [INFO] 1 change detected
2026-05-07 17:36:42,994 [INFO] 1 change detected
2026-05-07 17:36:43,398 [INFO] 1 change detected
2026-05-07 17:36:43,815 [INFO] 1 change detected
2026-05-07 17:36:44,219 [INFO] 1 change detected
2026-05-07 17:36:44,625 [INFO] 1 change detected
2026-05-07 17:36:44,987 [INFO] 1 change detected
2026-05-07 17:36:45,395 [INFO] 1 change detected
2026-05-07 17:36:45,804 [INFO] 1 change detected
2026-05-07 17:36:46,206 [INFO] 1 change detected
2026-05-07 17:36:46,613 [INFO] 1 change detected
2026-05-07 17:36:47,025 [INFO] 1 change detected
2026-05-07 17:36:47,390 [INFO] 1 change detected
2026-05-07 17:36:47,793 [INFO] 1 change detected
2026-05-07 17:36:48,202 [INFO] 1 change detected
2026-05-07 17:36:48,558 [INFO] 1 change detected
2026-05-07 17:36:48,966 [INFO] 1 change detected
2026-05-07 17:36:49,374 [INFO] 1 change detected
2026-05-07 17:36:49,776 [INFO] 1 change detected
2026-05-07 17:36:50,183 [INFO] 1 change detected
2026-05-07 17:36:50,588 [INFO] 1 change detected
2026-05-07 17:36:51,001 [INFO] 1 change detected
2026-05-07 17:36:51,410 [INFO] 1 change detected
2026-05-07 17:36:51,774 [INFO] 1 change detected
2026-05-07 17:36:52,182 [INFO] 1 change detected
2026-05-07 17:36:52,587 [INFO] 1 change detected
2026-05-07 17:36:53,002 [INFO] 1 change detected
2026-05-07 17:36:53,405 [INFO] 1 change detected
2026-05-07 17:36:53,819 [INFO] 1 change detected
2026-05-07 17:36:54,225 [INFO] 1 change detected
2026-05-07 17:36:54,581 [INFO] 1 change detected
2026-05-07 17:36:54,982 [INFO] 1 change detected
2026-05-07 17:36:55,386 [INFO] 1 change detected
2026-05-07 17:36:55,793 [INFO] 1 change detected
2026-05-07 17:36:56,199 [INFO] 1 change detected
2026-05-07 17:36:56,609 [INFO] 1 change detected
2026-05-07 17:36:57,015 [INFO] 1 change detected
2026-05-07 17:36:57,376 [INFO] 1 change detected
2026-05-07 17:36:57,791 [INFO] 1 change detected
2026-05-07 17:36:58,198 [INFO] 1 change detected
2026-05-07 17:36:58,604 [INFO] 1 change detected
2026-05-07 17:36:59,008 [INFO] 1 change detected
2026-05-07 17:36:59,364 [INFO] 1 change detected
2026-05-07 17:36:59,776 [INFO] 1 change detected
2026-05-07 17:37:00,181 [INFO] 1 change detected
2026-05-07 17:37:00,586 [INFO] 1 change detected
2026-05-07 17:37:00,999 [INFO] 1 change detected
2026-05-07 17:37:01,404 [INFO] 1 change detected
2026-05-07 17:37:01,806 [INFO] 1 change detected
2026-05-07 17:37:02,175 [INFO] 1 change detected
2026-05-07 17:37:02,586 [INFO] 1 change detected
2026-05-07 17:37:02,998 [INFO] 1 change detected
2026-05-07 17:37:03,403 [INFO] 1 change detected
2026-05-07 17:37:03,769 [INFO] 1 change detected
2026-05-07 17:37:04,182 [INFO] 1 change detected
2026-05-07 17:37:04,586 [INFO] 1 change detected
2026-05-07 17:37:04,942 [INFO] 1 change detected
2026-05-07 17:37:05,354 [INFO] 1 change detected
2026-05-07 17:37:05,759 [INFO] 1 change detected
2026-05-07 17:37:06,173 [INFO] 1 change detected
2026-05-07 17:37:06,586 [INFO] 1 change detected
2026-05-07 17:37:06,945 [INFO] 1 change detected
2026-05-07 17:37:07,348 [INFO] 1 change detected
2026-05-07 17:37:07,753 [INFO] 1 change detected
2026-05-07 17:37:08,165 [INFO] 1 change detected
2026-05-07 17:37:08,575 [INFO] 1 change detected
2026-05-07 17:37:08,926 [INFO] 1 change detected
2026-05-07 17:37:09,331 [INFO] 1 change detected
2026-05-07 17:37:09,742 [INFO] 1 change detected
2026-05-07 17:37:10,154 [INFO] 1 change detected
2026-05-07 17:37:10,558 [INFO] 1 change detected
2026-05-07 17:37:10,920 [INFO] 1 change detected
2026-05-07 17:37:11,332 [INFO] 1 change detected
2026-05-07 17:37:11,748 [INFO] 1 change detected
2026-05-07 17:37:12,113 [INFO] 1 change detected
2026-05-07 17:37:12,530 [INFO] 1 change detected
2026-05-07 17:37:12,890 [INFO] 1 change detected
2026-05-07 17:37:13,293 [INFO] 1 change detected
2026-05-07 17:37:13,696 [INFO] 1 change detected
2026-05-07 17:37:14,098 [INFO] 1 change detected
2026-05-07 17:37:14,516 [INFO] 1 change detected
2026-05-07 17:37:14,920 [INFO] 1 change detected
2026-05-07 17:37:15,285 [INFO] 1 change detected
2026-05-07 17:37:15,698 [INFO] 1 change detected
2026-05-07 17:37:16,103 [INFO] 1 change detected
2026-05-07 17:37:16,455 [INFO] 1 change detected
2026-05-07 17:37:16,909 [INFO] 1 change detected
2026-05-07 17:37:17,267 [INFO] 1 change detected
2026-05-07 17:37:17,680 [INFO] 1 change detected
2026-05-07 17:37:18,085 [INFO] 1 change detected
2026-05-07 17:37:18,499 [INFO] 1 change detected
2026-05-07 17:37:18,909 [INFO] 1 change detected
2026-05-07 17:37:19,271 [INFO] 1 change detected
2026-05-07 17:37:19,686 [INFO] 1 change detected
2026-05-07 17:37:20,093 [INFO] 1 change detected
2026-05-07 17:37:20,498 [INFO] 1 change detected
2026-05-07 17:37:20,865 [INFO] 1 change detected
2026-05-07 17:37:21,276 [INFO] 1 change detected
2026-05-07 17:37:21,687 [INFO] 1 change detected
2026-05-07 17:37:22,099 [INFO] 1 change detected
2026-05-07 17:37:22,504 [INFO] 1 change detected
2026-05-07 17:37:22,909 [INFO] 1 change detected
2026-05-07 17:37:23,271 [INFO] 1 change detected
2026-05-07 17:37:23,686 [INFO] 1 change detected
2026-05-07 17:37:24,093 [INFO] 1 change detected
2026-05-07 17:37:24,510 [INFO] 1 change detected
2026-05-07 17:37:24,916 [INFO] 1 change detected
2026-05-07 17:37:25,321 [INFO] 1 change detected
2026-05-07 17:37:25,680 [INFO] 1 change detected
2026-05-07 17:37:26,093 [INFO] 1 change detected
2026-05-07 17:37:26,504 [INFO] 1 change detected
2026-05-07 17:37:26,916 [INFO] 1 change detected
2026-05-07 17:37:27,275 [INFO] 1 change detected
2026-05-07 17:37:27,687 [INFO] 1 change detected
2026-05-07 17:37:28,093 [INFO] 1 change detected
2026-05-07 17:37:28,506 [INFO] 1 change detected
2026-05-07 17:37:28,866 [INFO] 1 change detected
2026-05-07 17:37:29,282 [INFO] 1 change detected
2026-05-07 17:37:29,696 [INFO] 1 change detected
2026-05-07 17:37:30,109 [INFO] 1 change detected
2026-05-07 17:37:30,516 [INFO] 1 change detected
2026-05-07 17:37:30,870 [INFO] 1 change detected
2026-05-07 17:37:31,274 [INFO] 1 change detected
2026-05-07 17:37:31,681 [INFO] 1 change detected
2026-05-07 17:37:32,088 [INFO] 1 change detected
2026-05-07 17:37:32,492 [INFO] 1 change detected
2026-05-07 17:37:32,904 [INFO] 1 change detected
2026-05-07 17:37:33,264 [INFO] 1 change detected
2026-05-07 17:37:33,666 [INFO] 1 change detected
2026-05-07 17:37:34,071 [INFO] 1 change detected
2026-05-07 17:37:34,432 [INFO] 1 change detected
2026-05-07 17:37:34,846 [INFO] 1 change detected
2026-05-07 17:37:35,256 [INFO] 1 change detected
2026-05-07 17:37:35,613 [INFO] 1 change detected
2026-05-07 17:37:36,016 [INFO] 1 change detected
2026-05-07 17:37:36,476 [INFO] 1 change detected
2026-05-07 17:37:36,837 [INFO] 1 change detected
2026-05-07 17:37:37,252 [INFO] 1 change detected
2026-05-07 17:37:37,659 [INFO] 1 change detected
2026-05-07 17:37:38,071 [INFO] 1 change detected
2026-05-07 17:37:38,435 [INFO] 1 change detected
2026-05-07 17:37:38,842 [INFO] 1 change detected
2026-05-07 17:37:39,253 [INFO] 1 change detected
2026-05-07 17:37:39,664 [INFO] 1 change detected
2026-05-07 17:37:40,070 [INFO] 1 change detected
2026-05-07 17:37:40,430 [INFO] 1 change detected
2026-05-07 17:37:40,836 [INFO] 1 change detected
2026-05-07 17:37:41,249 [INFO] 1 change detected
2026-05-07 17:37:41,665 [INFO] 1 change detected
2026-05-07 17:37:42,025 [INFO] 1 change detected
2026-05-07 17:37:42,437 [INFO] 1 change detected
2026-05-07 17:37:42,843 [INFO] 1 change detected
2026-05-07 17:37:43,246 [INFO] 1 change detected
2026-05-07 17:37:43,653 [INFO] 1 change detected
2026-05-07 17:37:44,065 [INFO] 1 change detected
2026-05-07 17:37:44,471 [INFO] 1 change detected
2026-05-07 17:37:44,824 [INFO] 1 change detected
2026-05-07 17:37:45,231 [INFO] 1 change detected
2026-05-07 17:37:45,636 [INFO] 1 change detected
2026-05-07 17:37:46,043 [INFO] 1 change detected
2026-05-07 17:37:46,447 [INFO] 1 change detected
2026-05-07 17:37:46,864 [INFO] 1 change detected
2026-05-07 17:37:47,231 [INFO] 1 change detected
2026-05-07 17:37:47,643 [INFO] 1 change detected
2026-05-07 17:37:48,054 [INFO] 1 change detected
2026-05-07 17:37:48,419 [INFO] 1 change detected
2026-05-07 17:37:48,825 [INFO] 1 change detected
2026-05-07 17:37:49,235 [INFO] 1 change detected
2026-05-07 17:37:49,644 [INFO] 1 change detected
2026-05-07 17:37:50,048 [INFO] 1 change detected
2026-05-07 17:37:50,414 [INFO] 1 change detected
2026-05-07 17:37:50,828 [INFO] 1 change detected
2026-05-07 17:37:51,232 [INFO] 1 change detected
2026-05-07 17:37:51,637 [INFO] 1 change detected
2026-05-07 17:37:52,053 [INFO] 1 change detected
2026-05-07 17:37:52,461 [INFO] 1 change detected
2026-05-07 17:37:52,824 [INFO] 1 change detected
2026-05-07 17:37:53,237 [INFO] 1 change detected
2026-05-07 17:37:53,654 [INFO] 1 change detected
2026-05-07 17:37:54,060 [INFO] 1 change detected
2026-05-07 17:37:54,470 [INFO] 1 change detected
2026-05-07 17:37:54,835 [INFO] 1 change detected
2026-05-07 17:37:55,237 [INFO] 1 change detected
2026-05-07 17:37:55,649 [INFO] 1 change detected
2026-05-07 17:37:56,005 [INFO] 1 change detected
2026-05-07 17:37:56,418 [INFO] 1 change detected
2026-05-07 17:37:56,825 [INFO] 1 change detected
2026-05-07 17:37:57,232 [INFO] 1 change detected
2026-05-07 17:37:57,637 [INFO] 1 change detected
2026-05-07 17:37:58,043 [INFO] 1 change detected
2026-05-07 17:37:58,402 [INFO] 1 change detected
2026-05-07 17:37:58,813 [INFO] 1 change detected
2026-05-07 17:37:59,217 [INFO] 1 change detected
2026-05-07 17:37:59,624 [INFO] 1 change detected
2026-05-07 17:37:59,983 [INFO] 1 change detected
2026-05-07 17:38:00,394 [INFO] 1 change detected
2026-05-07 17:38:00,802 [INFO] 1 change detected
2026-05-07 17:38:01,208 [INFO] 1 change detected
2026-05-07 17:38:01,611 [INFO] 1 change detected
2026-05-07 17:38:02,018 [INFO] 1 change detected
2026-05-07 17:38:02,426 [INFO] 1 change detected
2026-05-07 17:38:02,830 [INFO] 1 change detected
2026-05-07 17:38:03,235 [INFO] 1 change detected
2026-05-07 17:38:03,642 [INFO] 1 change detected
2026-05-07 17:38:04,047 [INFO] 1 change detected
2026-05-07 17:38:04,405 [INFO] 1 change detected
2026-05-07 17:38:04,818 [INFO] 1 change detected
2026-05-07 17:38:05,224 [INFO] 1 change detected
2026-05-07 17:38:05,631 [INFO] 1 change detected
2026-05-07 17:38:06,037 [INFO] 1 change detected
2026-05-07 17:38:06,441 [INFO] 1 change detected
2026-05-07 17:38:06,849 [INFO] 1 change detected
2026-05-07 17:38:07,208 [INFO] 1 change detected
2026-05-07 17:38:07,614 [INFO] 1 change detected
2026-05-07 17:38:08,029 [INFO] 1 change detected
2026-05-07 17:38:08,436 [INFO] 1 change detected
2026-05-07 17:38:08,848 [INFO] 1 change detected
2026-05-07 17:38:09,209 [INFO] 1 change detected
2026-05-07 17:38:09,621 [INFO] 1 change detected
2026-05-07 17:38:10,024 [INFO] 1 change detected
2026-05-07 17:38:10,436 [INFO] 1 change detected
2026-05-07 17:38:10,801 [INFO] 1 change detected
2026-05-07 17:38:11,209 [INFO] 1 change detected
2026-05-07 17:38:11,614 [INFO] 1 change detected
2026-05-07 17:38:12,025 [INFO] 1 change detected
2026-05-07 17:38:12,440 [INFO] 1 change detected
2026-05-07 17:38:12,795 [INFO] 1 change detected
2026-05-07 17:38:13,206 [INFO] 1 change detected
2026-05-07 17:38:13,613 [INFO] 1 change detected
2026-05-07 17:38:14,020 [INFO] 1 change detected
2026-05-07 17:38:14,425 [INFO] 1 change detected
2026-05-07 17:38:14,834 [INFO] 1 change detected
2026-05-07 17:38:15,193 [INFO] 1 change detected
2026-05-07 17:38:15,608 [INFO] 1 change detected
2026-05-07 17:38:16,017 [INFO] 1 change detected
2026-05-07 17:38:16,379 [INFO] 1 change detected
2026-05-07 17:38:16,790 [INFO] 1 change detected
2026-05-07 17:38:17,198 [INFO] 1 change detected
2026-05-07 17:38:17,605 [INFO] 1 change detected
2026-05-07 17:38:18,017 [INFO] 1 change detected
2026-05-07 17:38:18,421 [INFO] 1 change detected
2026-05-07 17:38:18,823 [INFO] 1 change detected
2026-05-07 17:38:19,235 [INFO] 1 change detected
2026-05-07 17:38:19,646 [INFO] 1 change detected
2026-05-07 17:38:20,006 [INFO] 1 change detected
2026-05-07 17:38:20,416 [INFO] 1 change detected
2026-05-07 17:38:20,832 [INFO] 1 change detected
2026-05-07 17:38:21,240 [INFO] 1 change detected
2026-05-07 17:38:21,649 [INFO] 1 change detected
2026-05-07 17:38:22,053 [INFO] 1 change detected
2026-05-07 17:38:22,458 [INFO] 1 change detected
2026-05-07 17:38:22,864 [INFO] 1 change detected
2026-05-07 17:38:23,270 [INFO] 1 change detected
2026-05-07 17:38:23,676 [INFO] 1 change detected
2026-05-07 17:38:24,030 [INFO] 1 change detected
2026-05-07 17:38:24,438 [INFO] 1 change detected
2026-05-07 17:38:24,846 [INFO] 1 change detected
2026-05-07 17:38:25,252 [INFO] 1 change detected
2026-05-07 17:38:25,656 [INFO] 1 change detected
2026-05-07 17:38:26,060 [INFO] 1 change detected
2026-05-07 17:38:26,467 [INFO] 1 change detected
2026-05-07 17:38:26,873 [INFO] 1 change detected
2026-05-07 17:38:27,279 [INFO] 1 change detected
2026-05-07 17:38:27,638 [INFO] 1 change detected
2026-05-07 17:38:28,048 [INFO] 1 change detected
2026-05-07 17:38:28,456 [INFO] 1 change detected
2026-05-07 17:38:28,867 [INFO] 1 change detected
2026-05-07 17:38:29,274 [INFO] 1 change detected
2026-05-07 17:38:29,678 [INFO] 1 change detected
2026-05-07 17:38:30,082 [INFO] 1 change detected
2026-05-07 17:38:30,438 [INFO] 1 change detected
2026-05-07 17:38:30,850 [INFO] 1 change detected
2026-05-07 17:38:31,257 [INFO] 1 change detected
2026-05-07 17:38:31,668 [INFO] 1 change detected
2026-05-07 17:38:32,076 [INFO] 1 change detected
2026-05-07 17:38:32,483 [INFO] 1 change detected
2026-05-07 17:38:32,842 [INFO] 1 change detected
2026-05-07 17:38:33,252 [INFO] 1 change detected
2026-05-07 17:38:33,659 [INFO] 1 change detected
2026-05-07 17:38:34,067 [INFO] 1 change detected
2026-05-07 17:38:34,476 [INFO] 1 change detected
2026-05-07 17:38:34,881 [INFO] 1 change detected
2026-05-07 17:38:35,285 [INFO] 1 change detected
2026-05-07 17:38:35,691 [INFO] 1 change detected
2026-05-07 17:38:36,096 [INFO] 1 change detected
2026-05-07 17:38:36,503 [INFO] 1 change detected
2026-05-07 17:38:36,859 [INFO] 1 change detected
2026-05-07 17:38:37,268 [INFO] 1 change detected
2026-05-07 17:38:37,673 [INFO] 1 change detected
2026-05-07 17:38:38,085 [INFO] 1 change detected
2026-05-07 17:38:38,491 [INFO] 1 change detected
2026-05-07 17:38:38,901 [INFO] 1 change detected
2026-05-07 17:38:39,259 [INFO] 1 change detected
2026-05-07 17:38:39,670 [INFO] 1 change detected
2026-05-07 17:38:40,077 [INFO] 1 change detected
2026-05-07 17:38:40,434 [INFO] 1 change detected
2026-05-07 17:38:40,845 [INFO] 1 change detected
2026-05-07 17:38:41,250 [INFO] 1 change detected
2026-05-07 17:38:41,654 [INFO] 1 change detected
2026-05-07 17:38:42,059 [INFO] 1 change detected
2026-05-07 17:38:42,466 [INFO] 1 change detected
2026-05-07 17:38:42,872 [INFO] 1 change detected
2026-05-07 17:38:43,278 [INFO] 1 change detected
2026-05-07 17:38:43,685 [INFO] 1 change detected
2026-05-07 17:38:44,093 [INFO] 1 change detected
2026-05-07 17:38:44,502 [INFO] 1 change detected
2026-05-07 17:38:44,910 [INFO] 1 change detected
2026-05-07 17:38:45,265 [INFO] 1 change detected
2026-05-07 17:38:45,679 [INFO] 1 change detected
2026-05-07 17:38:46,084 [INFO] 1 change detected
2026-05-07 17:38:46,494 [INFO] 1 change detected
2026-05-07 17:38:46,901 [INFO] 1 change detected
2026-05-07 17:38:47,259 [INFO] 1 change detected
2026-05-07 17:38:47,671 [INFO] 1 change detected
2026-05-07 17:38:48,075 [INFO] 1 change detected
2026-05-07 17:38:48,482 [INFO] 1 change detected
2026-05-07 17:38:48,888 [INFO] 1 change detected
2026-05-07 17:38:49,299 [INFO] 1 change detected
2026-05-07 17:38:49,658 [INFO] 1 change detected
2026-05-07 17:38:50,067 [INFO] 1 change detected
2026-05-07 17:38:50,476 [INFO] 1 change detected
2026-05-07 17:38:50,882 [INFO] 1 change detected
2026-05-07 17:38:51,291 [INFO] 1 change detected
2026-05-07 17:38:51,650 [INFO] 1 change detected
2026-05-07 17:38:52,062 [INFO] 1 change detected
2026-05-07 17:38:52,470 [INFO] 1 change detected
2026-05-07 17:38:52,829 [INFO] 1 change detected
2026-05-07 17:38:53,240 [INFO] 1 change detected
2026-05-07 17:38:53,648 [INFO] 1 change detected
2026-05-07 17:38:54,056 [INFO] 1 change detected
2026-05-07 17:38:54,464 [INFO] 1 change detected
2026-05-07 17:38:54,819 [INFO] 1 change detected
2026-05-07 17:38:55,231 [INFO] 1 change detected
2026-05-07 17:38:55,639 [INFO] 1 change detected
2026-05-07 17:38:56,044 [INFO] 1 change detected
2026-05-07 17:38:56,450 [INFO] 1 change detected
2026-05-07 17:38:56,807 [INFO] 1 change detected
2026-05-07 17:38:57,218 [INFO] 1 change detected
2026-05-07 17:38:57,626 [INFO] 1 change detected
2026-05-07 17:38:58,034 [INFO] 1 change detected
2026-05-07 17:38:58,394 [INFO] 1 change detected
2026-05-07 17:38:58,804 [INFO] 1 change detected
2026-05-07 17:38:59,209 [INFO] 1 change detected
2026-05-07 17:38:59,615 [INFO] 1 change detected
2026-05-07 17:39:00,018 [INFO] 1 change detected
2026-05-07 17:39:00,425 [INFO] 1 change detected
2026-05-07 17:39:00,832 [INFO] 1 change detected
2026-05-07 17:39:01,237 [INFO] 1 change detected
2026-05-07 17:39:01,644 [INFO] 1 change detected
2026-05-07 17:39:02,052 [INFO] 1 change detected
2026-05-07 17:39:02,458 [INFO] 1 change detected
2026-05-07 17:39:02,866 [INFO] 1 change detected
2026-05-07 17:39:03,225 [INFO] 1 change detected
2026-05-07 17:39:03,639 [INFO] 1 change detected
2026-05-07 17:39:04,046 [INFO] 1 change detected
2026-05-07 17:39:04,404 [INFO] 1 change detected
2026-05-07 17:39:04,814 [INFO] 1 change detected
2026-05-07 17:39:05,221 [INFO] 1 change detected
2026-05-07 17:39:05,627 [INFO] 1 change detected
2026-05-07 17:39:05,984 [INFO] 1 change detected
2026-05-07 17:39:06,394 [INFO] 1 change detected
2026-05-07 17:39:06,799 [INFO] 1 change detected
2026-05-07 17:39:07,209 [INFO] 1 change detected
2026-05-07 17:39:07,567 [INFO] 1 change detected
2026-05-07 17:39:07,974 [INFO] 1 change detected
2026-05-07 17:39:08,378 [INFO] 1 change detected
2026-05-07 17:39:08,788 [INFO] 1 change detected
2026-05-07 17:39:09,147 [INFO] 1 change detected
2026-05-07 17:39:09,558 [INFO] 1 change detected
2026-05-07 17:39:09,968 [INFO] 1 change detected
2026-05-07 17:39:10,326 [INFO] 1 change detected
2026-05-07 17:39:10,737 [INFO] 1 change detected
2026-05-07 17:39:11,144 [INFO] 1 change detected
2026-05-07 17:39:11,549 [INFO] 1 change detected
2026-05-07 17:39:11,956 [INFO] 1 change detected
2026-05-07 17:39:12,366 [INFO] 1 change detected
2026-05-07 17:39:12,723 [INFO] 1 change detected
2026-05-07 17:39:13,131 [INFO] 1 change detected
2026-05-07 17:39:13,539 [INFO] 1 change detected
2026-05-07 17:39:13,945 [INFO] 1 change detected
2026-05-07 17:39:14,303 [INFO] 1 change detected
2026-05-07 17:39:14,717 [INFO] 1 change detected
2026-05-07 17:39:15,123 [INFO] 1 change detected
2026-05-07 17:39:15,532 [INFO] 1 change detected
2026-05-07 17:39:15,934 [INFO] 1 change detected
2026-05-07 17:39:16,337 [INFO] 1 change detected
2026-05-07 17:39:16,696 [INFO] 1 change detected
2026-05-07 17:39:17,107 [INFO] 1 change detected
2026-05-07 17:39:17,515 [INFO] 1 change detected
2026-05-07 17:39:17,924 [INFO] 1 change detected
2026-05-07 17:39:18,330 [INFO] 1 change detected
2026-05-07 17:39:18,737 [INFO] 1 change detected
2026-05-07 17:39:19,144 [INFO] 1 change detected
2026-05-07 17:39:19,552 [INFO] 1 change detected
2026-05-07 17:39:19,908 [INFO] 1 change detected
2026-05-07 17:39:20,320 [INFO] 1 change detected
2026-05-07 17:39:20,729 [INFO] 1 change detected
2026-05-07 17:39:21,133 [INFO] 1 change detected
2026-05-07 17:39:21,542 [INFO] 1 change detected
2026-05-07 17:39:21,903 [INFO] 1 change detected
2026-05-07 17:39:22,314 [INFO] 1 change detected
2026-05-07 17:39:22,725 [INFO] 1 change detected
2026-05-07 17:39:23,132 [INFO] 1 change detected
2026-05-07 17:39:23,539 [INFO] 1 change detected
2026-05-07 17:39:23,944 [INFO] 1 change detected
2026-05-07 17:39:24,354 [INFO] 1 change detected
2026-05-07 17:39:24,758 [INFO] 1 change detected
2026-05-07 17:39:25,164 [INFO] 1 change detected
2026-05-07 17:39:25,522 [INFO] 1 change detected
2026-05-07 17:39:25,931 [INFO] 1 change detected
2026-05-07 17:39:26,342 [INFO] 1 change detected
2026-05-07 17:39:26,747 [INFO] 1 change detected
2026-05-07 17:39:27,149 [INFO] 1 change detected
2026-05-07 17:39:27,553 [INFO] 1 change detected
2026-05-07 17:39:27,915 [INFO] 1 change detected
2026-05-07 17:39:28,318 [INFO] 1 change detected
2026-05-07 17:39:28,730 [INFO] 1 change detected
2026-05-07 17:39:29,137 [INFO] 1 change detected
2026-05-07 17:39:29,551 [INFO] 1 change detected
2026-05-07 17:39:29,915 [INFO] 1 change detected
2026-05-07 17:39:30,320 [INFO] 1 change detected
2026-05-07 17:39:30,734 [INFO] 1 change detected
2026-05-07 17:39:31,136 [INFO] 1 change detected
2026-05-07 17:39:31,540 [INFO] 1 change detected
2026-05-07 17:39:31,946 [INFO] 1 change detected
2026-05-07 17:39:32,308 [INFO] 1 change detected
2026-05-07 17:39:32,715 [INFO] 1 change detected
2026-05-07 17:39:33,131 [INFO] 1 change detected
2026-05-07 17:39:33,535 [INFO] 1 change detected
2026-05-07 17:39:33,938 [INFO] 1 change detected
2026-05-07 17:39:34,345 [INFO] 1 change detected
2026-05-07 17:39:34,756 [INFO] 1 change detected
2026-05-07 17:39:35,161 [INFO] 1 change detected
2026-05-07 17:39:35,571 [INFO] 1 change detected
2026-05-07 17:39:35,924 [INFO] 1 change detected
2026-05-07 17:39:36,379 [INFO] 1 change detected
2026-05-07 17:39:36,735 [INFO] 1 change detected
2026-05-07 17:39:37,146 [INFO] 1 change detected
2026-05-07 17:39:37,560 [INFO] 1 change detected
2026-05-07 17:39:37,966 [INFO] 1 change detected
2026-05-07 17:39:38,380 [INFO] 1 change detected
2026-05-07 17:39:38,796 [INFO] 1 change detected
2026-05-07 17:39:39,161 [INFO] 1 change detected
2026-05-07 17:39:39,576 [INFO] 1 change detected
2026-05-07 17:39:39,991 [INFO] 1 change detected
2026-05-07 17:39:40,396 [INFO] 1 change detected
2026-05-07 17:39:40,755 [INFO] 1 change detected
2026-05-07 17:39:41,164 [INFO] 1 change detected
2026-05-07 17:39:41,566 [INFO] 1 change detected
2026-05-07 17:39:41,976 [INFO] 1 change detected
2026-05-07 17:39:42,336 [INFO] 1 change detected
2026-05-07 17:39:42,745 [INFO] 1 change detected
2026-05-07 17:39:43,151 [INFO] 1 change detected
2026-05-07 17:39:43,553 [INFO] 1 change detected
2026-05-07 17:39:43,960 [INFO] 1 change detected
2026-05-07 17:39:44,375 [INFO] 1 change detected
2026-05-07 17:39:44,734 [INFO] 1 change detected
2026-05-07 17:39:45,148 [INFO] 1 change detected
2026-05-07 17:39:45,559 [INFO] 1 change detected
2026-05-07 17:39:45,965 [INFO] 1 change detected
2026-05-07 17:39:46,329 [INFO] 1 change detected
2026-05-07 17:39:46,741 [INFO] 1 change detected
2026-05-07 17:39:47,155 [INFO] 1 change detected
2026-05-07 17:39:47,558 [INFO] 1 change detected
2026-05-07 17:39:47,910 [INFO] 1 change detected
2026-05-07 17:39:48,367 [INFO] 1 change detected
2026-05-07 17:39:48,726 [INFO] 1 change detected
2026-05-07 17:39:49,134 [INFO] 1 change detected
2026-05-07 17:39:49,537 [INFO] 1 change detected
2026-05-07 17:39:49,941 [INFO] 1 change detected
2026-05-07 17:39:50,354 [INFO] 1 change detected
2026-05-07 17:39:50,708 [INFO] 1 change detected
2026-05-07 17:39:51,118 [INFO] 1 change detected
2026-05-07 17:39:51,522 [INFO] 1 change detected
2026-05-07 17:39:51,934 [INFO] 1 change detected
2026-05-07 17:39:52,296 [INFO] 1 change detected
2026-05-07 17:39:52,707 [INFO] 1 change detected
2026-05-07 17:39:53,111 [INFO] 1 change detected
2026-05-07 17:39:53,520 [INFO] 1 change detected
2026-05-07 17:39:53,933 [INFO] 1 change detected
2026-05-07 17:39:54,336 [INFO] 1 change detected
2026-05-07 17:39:54,741 [INFO] 1 change detected
2026-05-07 17:39:55,097 [INFO] 1 change detected
2026-05-07 17:39:55,500 [INFO] 1 change detected
2026-05-07 17:39:55,906 [INFO] 1 change detected
2026-05-07 17:39:56,310 [INFO] 1 change detected
2026-05-07 17:39:56,715 [INFO] 1 change detected
2026-05-07 17:39:57,131 [INFO] 1 change detected
2026-05-07 17:39:57,536 [INFO] 1 change detected
2026-05-07 17:39:57,900 [INFO] 1 change detected
2026-05-07 17:39:58,302 [INFO] 1 change detected
2026-05-07 17:39:58,711 [INFO] 1 change detected
2026-05-07 17:39:59,075 [INFO] 1 change detected
2026-05-07 17:39:59,485 [INFO] 1 change detected
2026-05-07 17:39:59,896 [INFO] 1 change detected
2026-05-07 17:40:00,298 [INFO] 1 change detected
2026-05-07 17:40:00,701 [INFO] 1 change detected
2026-05-07 17:40:01,115 [INFO] 1 change detected
2026-05-07 17:40:01,521 [INFO] 1 change detected
2026-05-07 17:40:01,875 [INFO] 1 change detected
2026-05-07 17:40:02,329 [INFO] 1 change detected
2026-05-07 17:40:02,689 [INFO] 1 change detected
2026-05-07 17:40:03,095 [INFO] 1 change detected
2026-05-07 17:40:03,502 [INFO] 1 change detected
2026-05-07 17:40:03,855 [INFO] 1 change detected
2026-05-07 17:40:04,268 [INFO] 1 change detected
2026-05-07 17:40:04,683 [INFO] 1 change detected
2026-05-07 17:40:05,046 [INFO] 1 change detected
2026-05-07 17:40:05,460 [INFO] 1 change detected
2026-05-07 17:40:05,869 [INFO] 1 change detected
2026-05-07 17:40:06,271 [INFO] 1 change detected
2026-05-07 17:40:06,681 [INFO] 1 change detected
2026-05-07 17:40:07,045 [INFO] 1 change detected
2026-05-07 17:40:07,461 [INFO] 1 change detected
2026-05-07 17:40:07,865 [INFO] 1 change detected
2026-05-07 17:40:08,226 [INFO] 1 change detected
2026-05-07 17:40:08,639 [INFO] 1 change detected
2026-05-07 17:40:09,045 [INFO] 1 change detected
2026-05-07 17:40:09,406 [INFO] 1 change detected
2026-05-07 17:40:09,816 [INFO] 1 change detected
2026-05-07 17:40:10,229 [INFO] 1 change detected
2026-05-07 17:40:10,634 [INFO] 1 change detected
2026-05-07 17:40:10,996 [INFO] 1 change detected
2026-05-07 17:40:11,400 [INFO] 1 change detected
2026-05-07 17:40:11,801 [INFO] 1 change detected
2026-05-07 17:40:12,160 [INFO] 1 change detected
2026-05-07 17:40:12,575 [INFO] 1 change detected
2026-05-07 17:40:12,990 [INFO] 1 change detected
2026-05-07 17:40:13,391 [INFO] 1 change detected
2026-05-07 17:40:13,795 [INFO] 1 change detected
2026-05-07 17:40:14,200 [INFO] 1 change detected
2026-05-07 17:40:14,613 [INFO] 1 change detected
2026-05-07 17:40:14,966 [INFO] 1 change detected
2026-05-07 17:40:15,376 [INFO] 1 change detected
2026-05-07 17:40:15,784 [INFO] 1 change detected
2026-05-07 17:40:16,203 [INFO] 1 change detected
2026-05-07 17:40:16,613 [INFO] 1 change detected
2026-05-07 17:40:17,016 [INFO] 1 change detected
2026-05-07 17:40:17,432 [INFO] 1 change detected
2026-05-07 17:40:17,796 [INFO] 1 change detected
2026-05-07 17:40:18,201 [INFO] 1 change detected
2026-05-07 17:40:18,565 [INFO] 1 change detected
2026-05-07 17:40:18,971 [INFO] 1 change detected
2026-05-07 17:40:19,385 [INFO] 1 change detected
2026-05-07 17:40:19,786 [INFO] 1 change detected
2026-05-07 17:40:20,202 [INFO] 1 change detected
2026-05-07 17:40:20,609 [INFO] 1 change detected
2026-05-07 17:40:20,960 [INFO] 1 change detected
2026-05-07 17:40:21,371 [INFO] 1 change detected
2026-05-07 17:40:21,786 [INFO] 1 change detected
2026-05-07 17:40:22,201 [INFO] 1 change detected
2026-05-07 17:40:22,560 [INFO] 1 change detected
2026-05-07 17:40:22,964 [INFO] 1 change detected
2026-05-07 17:40:23,366 [INFO] 1 change detected
2026-05-07 17:40:23,776 [INFO] 1 change detected
2026-05-07 17:40:24,140 [INFO] 1 change detected
2026-05-07 17:40:24,544 [INFO] 1 change detected
2026-05-07 17:40:24,951 [INFO] 1 change detected
2026-05-07 17:40:25,311 [INFO] 1 change detected
2026-05-07 17:40:25,721 [INFO] 1 change detected
2026-05-07 17:40:26,131 [INFO] 1 change detected
2026-05-07 17:40:26,536 [INFO] 1 change detected
2026-05-07 17:40:26,950 [INFO] 1 change detected
2026-05-07 17:40:27,310 [INFO] 1 change detected
2026-05-07 17:40:27,725 [INFO] 1 change detected
2026-05-07 17:40:28,140 [INFO] 1 change detected
2026-05-07 17:40:28,549 [INFO] 1 change detected
2026-05-07 17:40:28,961 [INFO] 1 change detected
2026-05-07 17:40:29,364 [INFO] 1 change detected
2026-05-07 17:40:29,726 [INFO] 1 change detected
2026-05-07 17:40:30,129 [INFO] 1 change detected
2026-05-07 17:40:30,531 [INFO] 1 change detected
2026-05-07 17:40:30,936 [INFO] 1 change detected
2026-05-07 17:40:31,351 [INFO] 1 change detected
2026-05-07 17:40:31,716 [INFO] 1 change detected
2026-05-07 17:40:32,127 [INFO] 1 change detected
2026-05-07 17:40:32,534 [INFO] 1 change detected
2026-05-07 17:40:32,936 [INFO] 1 change detected
2026-05-07 17:40:33,339 [INFO] 1 change detected
2026-05-07 17:40:33,744 [INFO] 1 change detected
2026-05-07 17:40:34,106 [INFO] 1 change detected
2026-05-07 17:40:34,521 [INFO] 1 change detected
2026-05-07 17:40:34,878 [INFO] 1 change detected
2026-05-07 17:40:35,280 [INFO] 1 change detected
2026-05-07 17:40:35,681 [INFO] 1 change detected
2026-05-07 17:40:36,084 [INFO] 1 change detected
2026-05-07 17:40:36,495 [INFO] 1 change detected
2026-05-07 17:40:36,906 [INFO] 1 change detected
2026-05-07 17:40:37,316 [INFO] 1 change detected
2026-05-07 17:40:37,726 [INFO] 1 change detected
2026-05-07 17:40:38,133 [INFO] 1 change detected
2026-05-07 17:40:38,493 [INFO] 1 change detected
2026-05-07 17:40:38,904 [INFO] 1 change detected
2026-05-07 17:40:39,316 [INFO] 1 change detected
2026-05-07 17:40:39,681 [INFO] 1 change detected
2026-05-07 17:40:40,091 [INFO] 1 change detected
2026-05-07 17:40:40,505 [INFO] 1 change detected
2026-05-07 17:40:40,921 [INFO] 1 change detected
2026-05-07 17:40:41,324 [INFO] 1 change detected
2026-05-07 17:40:41,686 [INFO] 1 change detected
2026-05-07 17:40:42,098 [INFO] 1 change detected
2026-05-07 17:40:42,450 [INFO] 1 change detected
2026-05-07 17:40:42,855 [INFO] 1 change detected
2026-05-07 17:40:43,265 [INFO] 1 change detected
2026-05-07 17:40:43,671 [INFO] 1 change detected
2026-05-07 17:40:44,076 [INFO] 1 change detected
2026-05-07 17:40:44,485 [INFO] 1 change detected
2026-05-07 17:40:44,856 [INFO] 1 change detected
2026-05-07 17:40:45,258 [INFO] 1 change detected
2026-05-07 17:40:45,666 [INFO] 1 change detected
2026-05-07 17:40:46,076 [INFO] 1 change detected
2026-05-07 17:40:46,491 [INFO] 1 change detected
2026-05-07 17:40:46,855 [INFO] 1 change detected
2026-05-07 17:40:47,316 [INFO] 1 change detected
2026-05-07 17:40:47,680 [INFO] 1 change detected
2026-05-07 17:40:48,086 [INFO] 1 change detected
2026-05-07 17:40:48,496 [INFO] 1 change detected
2026-05-07 17:40:48,852 [INFO] 1 change detected
2026-05-07 17:40:49,259 [INFO] 1 change detected
2026-05-07 17:40:49,676 [INFO] 1 change detected
2026-05-07 17:40:50,084 [INFO] 1 change detected
2026-05-07 17:40:50,491 [INFO] 1 change detected
2026-05-07 17:40:50,854 [INFO] 1 change detected
2026-05-07 17:40:51,271 [INFO] 1 change detected
2026-05-07 17:40:51,686 [INFO] 1 change detected
2026-05-07 17:40:52,051 [INFO] 1 change detected
2026-05-07 17:40:52,456 [INFO] 1 change detected
2026-05-07 17:40:52,861 [INFO] 1 change detected
2026-05-07 17:40:53,272 [INFO] 1 change detected
2026-05-07 17:40:53,676 [INFO] 1 change detected
2026-05-07 17:40:54,035 [INFO] 1 change detected
2026-05-07 17:40:54,449 [INFO] 1 change detected
2026-05-07 17:40:54,811 [INFO] 1 change detected
2026-05-07 17:40:55,223 [INFO] 1 change detected
2026-05-07 17:40:55,585 [INFO] 1 change detected
2026-05-07 17:40:55,997 [INFO] 1 change detected
2026-05-07 17:40:56,410 [INFO] 1 change detected
2026-05-07 17:40:56,762 [INFO] 1 change detected
2026-05-07 17:40:57,171 [INFO] 1 change detected
2026-05-07 17:40:57,576 [INFO] 1 change detected
2026-05-07 17:40:57,981 [INFO] 1 change detected
2026-05-07 17:40:58,395 [INFO] 1 change detected
2026-05-07 17:40:58,806 [INFO] 1 change detected
2026-05-07 17:40:59,171 [INFO] 1 change detected
2026-05-07 17:40:59,581 [INFO] 1 change detected
2026-05-07 17:40:59,984 [INFO] 1 change detected
2026-05-07 17:41:00,386 [INFO] 1 change detected
2026-05-07 17:41:00,746 [INFO] 1 change detected
2026-05-07 17:41:01,155 [INFO] 1 change detected
2026-05-07 17:41:01,560 [INFO] 1 change detected
2026-05-07 17:41:01,966 [INFO] 1 change detected
2026-05-07 17:41:02,381 [INFO] 1 change detected
2026-05-07 17:41:02,790 [INFO] 1 change detected
2026-05-07 17:41:03,192 [INFO] 1 change detected
2026-05-07 17:41:03,606 [INFO] 1 change detected
2026-05-07 17:41:03,965 [INFO] 1 change detected
2026-05-07 17:41:04,375 [INFO] 1 change detected
2026-05-07 17:41:04,791 [INFO] 1 change detected
2026-05-07 17:41:05,145 [INFO] 1 change detected
2026-05-07 17:41:05,561 [INFO] 1 change detected
2026-05-07 17:41:05,925 [INFO] 1 change detected
2026-05-07 17:41:06,330 [INFO] 1 change detected
2026-05-07 17:41:06,746 [INFO] 1 change detected
2026-05-07 17:41:07,149 [INFO] 1 change detected
2026-05-07 17:41:07,561 [INFO] 1 change detected
2026-05-07 17:41:07,924 [INFO] 1 change detected
2026-05-07 17:41:08,336 [INFO] 1 change detected
2026-05-07 17:41:08,746 [INFO] 1 change detected
2026-05-07 17:41:09,155 [INFO] 1 change detected
2026-05-07 17:41:09,519 [INFO] 1 change detected
2026-05-07 17:41:09,971 [INFO] 1 change detected
2026-05-07 17:41:10,326 [INFO] 1 change detected
2026-05-07 17:41:10,735 [INFO] 1 change detected
2026-05-07 17:41:11,146 [INFO] 1 change detected
2026-05-07 17:41:11,552 [INFO] 1 change detected
2026-05-07 17:41:11,955 [INFO] 1 change detected
2026-05-07 17:41:12,357 [INFO] 1 change detected
2026-05-07 17:41:12,710 [INFO] 1 change detected
2026-05-07 17:41:13,121 [INFO] 1 change detected
2026-05-07 17:41:13,531 [INFO] 1 change detected
2026-05-07 17:41:13,895 [INFO] 1 change detected
2026-05-07 17:41:14,298 [INFO] 1 change detected
2026-05-07 17:41:14,701 [INFO] 1 change detected
2026-05-07 17:41:15,114 [INFO] 1 change detected
2026-05-07 17:41:15,517 [INFO] 1 change detected
2026-05-07 17:41:15,921 [INFO] 1 change detected
2026-05-07 17:41:16,335 [INFO] 1 change detected
2026-05-07 17:41:16,751 [INFO] 1 change detected
2026-05-07 17:41:17,165 [INFO] 1 change detected
2026-05-07 17:41:17,526 [INFO] 1 change detected
2026-05-07 17:41:17,927 [INFO] 1 change detected
2026-05-07 17:41:18,334 [INFO] 1 change detected
2026-05-07 17:41:18,736 [INFO] 1 change detected
2026-05-07 17:41:19,142 [INFO] 1 change detected
2026-05-07 17:41:19,501 [INFO] 1 change detected
2026-05-07 17:41:19,916 [INFO] 1 change detected
2026-05-07 17:41:20,323 [INFO] 1 change detected
2026-05-07 17:41:20,678 [INFO] 1 change detected
2026-05-07 17:41:21,081 [INFO] 1 change detected
2026-05-07 17:41:21,487 [INFO] 1 change detected
2026-05-07 17:41:21,893 [INFO] 1 change detected
2026-05-07 17:41:22,298 [INFO] 1 change detected
2026-05-07 17:41:22,706 [INFO] 1 change detected
2026-05-07 17:41:23,115 [INFO] 1 change detected
2026-05-07 17:41:23,481 [INFO] 1 change detected
2026-05-07 17:41:23,886 [INFO] 1 change detected
2026-05-07 17:41:24,288 [INFO] 1 change detected
2026-05-07 17:41:24,696 [INFO] 1 change detected
2026-05-07 17:41:25,054 [INFO] 1 change detected
2026-05-07 17:41:25,460 [INFO] 1 change detected
2026-05-07 17:41:25,870 [INFO] 1 change detected
2026-05-07 17:41:26,225 [INFO] 1 change detected
2026-05-07 17:41:26,639 [INFO] 1 change detected
2026-05-07 17:41:27,047 [INFO] 1 change detected
2026-05-07 17:41:27,460 [INFO] 1 change detected
2026-05-07 17:41:27,866 [INFO] 1 change detected
2026-05-07 17:41:28,272 [INFO] 1 change detected
2026-05-07 17:41:28,629 [INFO] 1 change detected
2026-05-07 17:41:29,039 [INFO] 1 change detected
2026-05-07 17:41:29,443 [INFO] 1 change detected
2026-05-07 17:41:29,847 [INFO] 1 change detected
2026-05-07 17:41:30,251 [INFO] 1 change detected
2026-05-07 17:41:30,657 [INFO] 1 change detected
2026-05-07 17:41:31,065 [INFO] 1 change detected
2026-05-07 17:41:31,473 [INFO] 1 change detected
2026-05-07 17:41:31,880 [INFO] 1 change detected
2026-05-07 17:41:32,284 [INFO] 1 change detected
2026-05-07 17:41:32,694 [INFO] 1 change detected
2026-05-07 17:41:33,101 [INFO] 1 change detected
2026-05-07 17:41:33,455 [INFO] 1 change detected
2026-05-07 17:41:33,867 [INFO] 1 change detected
2026-05-07 17:41:34,273 [INFO] 1 change detected
2026-05-07 17:41:34,681 [INFO] 1 change detected
2026-05-07 17:41:35,092 [INFO] 1 change detected
2026-05-07 17:41:35,498 [INFO] 1 change detected
2026-05-07 17:41:35,902 [INFO] 1 change detected
2026-05-07 17:41:36,309 [INFO] 1 change detected
2026-05-07 17:41:36,713 [INFO] 1 change detected
2026-05-07 17:41:37,117 [INFO] 1 change detected
2026-05-07 17:41:37,522 [INFO] 1 change detected
2026-05-07 17:41:37,926 [INFO] 1 change detected
2026-05-07 17:41:38,284 [INFO] 1 change detected
2026-05-07 17:41:38,694 [INFO] 1 change detected
2026-05-07 17:41:39,100 [INFO] 1 change detected
2026-05-07 17:41:39,507 [INFO] 1 change detected
2026-05-07 17:41:39,912 [INFO] 1 change detected
2026-05-07 17:41:40,315 [INFO] 1 change detected
2026-05-07 17:41:40,718 [INFO] 1 change detected
2026-05-07 17:41:41,125 [INFO] 1 change detected
2026-05-07 17:41:41,531 [INFO] 1 change detected
2026-05-07 17:41:41,935 [INFO] 1 change detected
2026-05-07 17:41:42,350 [INFO] 1 change detected
2026-05-07 17:41:42,751 [INFO] 1 change detected
2026-05-07 17:41:43,105 [INFO] 1 change detected
2026-05-07 17:41:43,518 [INFO] 1 change detected
2026-05-07 17:41:43,928 [INFO] 1 change detected
2026-05-07 17:41:44,340 [INFO] 1 change detected
2026-05-07 17:41:44,742 [INFO] 1 change detected
2026-05-07 17:41:45,152 [INFO] 1 change detected
2026-05-07 17:41:45,554 [INFO] 1 change detected
2026-05-07 17:41:45,955 [INFO] 1 change detected
2026-05-07 17:41:46,358 [INFO] 1 change detected
2026-05-07 17:41:46,761 [INFO] 1 change detected
2026-05-07 17:41:47,126 [INFO] 1 change detected
2026-05-07 17:41:47,533 [INFO] 1 change detected
2026-05-07 17:41:47,936 [INFO] 1 change detected
2026-05-07 17:41:48,340 [INFO] 1 change detected
2026-05-07 17:41:48,753 [INFO] 1 change detected
2026-05-07 17:41:49,156 [INFO] 1 change detected
2026-05-07 17:41:49,561 [INFO] 1 change detected
2026-05-07 17:41:49,971 [INFO] 1 change detected
2026-05-07 17:41:50,378 [INFO] 1 change detected
2026-05-07 17:41:50,779 [INFO] 1 change detected
2026-05-07 17:41:51,188 [INFO] 1 change detected
2026-05-07 17:41:51,544 [INFO] 1 change detected
2026-05-07 17:41:51,956 [INFO] 1 change detected
2026-05-07 17:41:52,367 [INFO] 1 change detected
2026-05-07 17:41:52,781 [INFO] 1 change detected
2026-05-07 17:41:53,140 [INFO] 1 change detected
2026-05-07 17:41:53,543 [INFO] 1 change detected
2026-05-07 17:41:53,951 [INFO] 1 change detected
2026-05-07 17:41:54,352 [INFO] 1 change detected
2026-05-07 17:41:54,760 [INFO] 1 change detected
2026-05-07 17:41:55,166 [INFO] 1 change detected
2026-05-07 17:41:55,575 [INFO] 1 change detected
2026-05-07 17:41:55,983 [INFO] 1 change detected
2026-05-07 17:41:56,386 [INFO] 1 change detected
2026-05-07 17:41:56,792 [INFO] 1 change detected
2026-05-07 17:41:57,196 [INFO] 1 change detected
2026-05-07 17:41:57,604 [INFO] 1 change detected
2026-05-07 17:41:57,960 [INFO] 1 change detected
2026-05-07 17:41:58,376 [INFO] 1 change detected
2026-05-07 17:41:58,788 [INFO] 1 change detected
2026-05-07 17:41:59,193 [INFO] 1 change detected
2026-05-07 17:41:59,599 [INFO] 1 change detected
2026-05-07 17:42:00,006 [INFO] 1 change detected
2026-05-07 17:42:00,366 [INFO] 1 change detected
2026-05-07 17:42:00,780 [INFO] 1 change detected
2026-05-07 17:42:01,191 [INFO] 1 change detected
2026-05-07 17:42:01,601 [INFO] 1 change detected
2026-05-07 17:42:01,956 [INFO] 1 change detected
2026-05-07 17:42:02,371 [INFO] 1 change detected
2026-05-07 17:42:02,786 [INFO] 1 change detected
2026-05-07 17:42:03,201 [INFO] 1 change detected
2026-05-07 17:42:03,656 [INFO] 1 change detected
2026-05-07 17:42:04,021 [INFO] 1 change detected
2026-05-07 17:42:04,426 [INFO] 1 change detected
2026-05-07 17:42:04,831 [INFO] 1 change detected
2026-05-07 17:42:05,238 [INFO] 1 change detected
2026-05-07 17:42:05,602 [INFO] 1 change detected
2026-05-07 17:42:06,006 [INFO] 1 change detected
2026-05-07 17:42:06,411 [INFO] 1 change detected
2026-05-07 17:42:06,826 [INFO] 1 change detected
2026-05-07 17:42:07,191 [INFO] 1 change detected
2026-05-07 17:42:07,604 [INFO] 1 change detected
2026-05-07 17:42:08,008 [INFO] 1 change detected
2026-05-07 17:42:08,411 [INFO] 1 change detected
2026-05-07 17:42:08,815 [INFO] 1 change detected
2026-05-07 17:42:09,175 [INFO] 1 change detected
2026-05-07 17:42:09,590 [INFO] 1 change detected
2026-05-07 17:42:09,996 [INFO] 1 change detected
2026-05-07 17:42:10,411 [INFO] 1 change detected
2026-05-07 17:42:10,770 [INFO] 3 changes detected
2026-05-07 17:42:11,175 [INFO] 1 change detected
2026-05-07 17:42:11,581 [INFO] 1 change detected
2026-05-07 17:42:11,991 [INFO] 1 change detected
2026-05-07 17:42:12,394 [INFO] 1 change detected
2026-05-07 17:42:12,803 [INFO] 1 change detected
2026-05-07 17:42:13,159 [INFO] 1 change detected
2026-05-07 17:42:13,566 [INFO] 1 change detected
2026-05-07 17:42:13,978 [INFO] 1 change detected
2026-05-07 17:42:14,392 [INFO] 1 change detected
2026-05-07 17:42:14,755 [INFO] 1 change detected
2026-05-07 17:42:15,171 [INFO] 1 change detected
2026-05-07 17:42:15,576 [INFO] 1 change detected
2026-05-07 17:42:15,935 [INFO] 1 change detected
2026-05-07 17:42:16,352 [INFO] 1 change detected
2026-05-07 17:42:16,758 [INFO] 1 change detected
2026-05-07 17:42:17,166 [INFO] 1 change detected
2026-05-07 17:42:17,578 [INFO] 1 change detected
2026-05-07 17:42:17,984 [INFO] 1 change detected
2026-05-07 17:42:18,386 [INFO] 1 change detected
2026-05-07 17:42:18,793 [INFO] 1 change detected
2026-05-07 17:42:19,145 [INFO] 1 change detected
2026-05-07 17:42:19,557 [INFO] 1 change detected
2026-05-07 17:42:19,961 [INFO] 1 change detected
2026-05-07 17:42:20,363 [INFO] 1 change detected
2026-05-07 17:42:20,776 [INFO] 1 change detected
2026-05-07 17:42:21,185 [INFO] 1 change detected
2026-05-07 17:42:21,591 [INFO] 1 change detected
2026-05-07 17:42:21,955 [INFO] 1 change detected
2026-05-07 17:42:22,366 [INFO] 1 change detected
2026-05-07 17:42:22,730 [INFO] 1 change detected
2026-05-07 17:42:23,141 [INFO] 1 change detected
2026-05-07 17:42:23,551 [INFO] 1 change detected
2026-05-07 17:42:23,963 [INFO] 1 change detected
2026-05-07 17:42:24,366 [INFO] 2 changes detected
2026-05-07 17:42:24,769 [INFO] 1 change detected
2026-05-07 17:42:25,176 [INFO] 1 change detected
2026-05-07 17:42:25,586 [INFO] 1 change detected
2026-05-07 17:42:25,989 [INFO] 1 change detected
2026-05-07 17:42:26,340 [INFO] 1 change detected
2026-05-07 17:42:26,743 [INFO] 1 change detected
2026-05-07 17:42:27,156 [INFO] 1 change detected
2026-05-07 17:42:27,569 [INFO] 1 change detected
2026-05-07 17:42:27,971 [INFO] 1 change detected
2026-05-07 17:42:28,375 [INFO] 1 change detected
2026-05-07 17:42:28,781 [INFO] 1 change detected
2026-05-07 17:42:29,137 [INFO] 1 change detected
2026-05-07 17:42:29,550 [INFO] 1 change detected
2026-05-07 17:42:29,963 [INFO] 1 change detected
2026-05-07 17:42:30,325 [INFO] 1 change detected
2026-05-07 17:42:30,738 [INFO] 1 change detected
2026-05-07 17:42:31,103 [INFO] 1 change detected
2026-05-07 17:42:31,511 [INFO] 1 change detected
2026-05-07 17:42:31,926 [INFO] 1 change detected
2026-05-07 17:42:32,291 [INFO] 1 change detected
2026-05-07 17:42:32,695 [INFO] 1 change detected
2026-05-07 17:42:33,106 [INFO] 1 change detected
2026-05-07 17:42:33,508 [INFO] 1 change detected
2026-05-07 17:42:33,916 [INFO] 1 change detected
2026-05-07 17:42:34,321 [INFO] 1 change detected
2026-05-07 17:42:34,722 [INFO] 1 change detected
2026-05-07 17:42:35,086 [INFO] 1 change detected
2026-05-07 17:42:35,501 [INFO] 1 change detected
2026-05-07 17:42:35,916 [INFO] 1 change detected
2026-05-07 17:42:36,271 [INFO] 1 change detected
2026-05-07 17:42:36,676 [INFO] 1 change detected
2026-05-07 17:42:37,084 [INFO] 1 change detected
2026-05-07 17:42:37,496 [INFO] 1 change detected
2026-05-07 17:42:37,855 [INFO] 1 change detected
2026-05-07 17:42:38,261 [INFO] 1 change detected
2026-05-07 17:42:38,671 [INFO] 1 change detected
2026-05-07 17:42:39,081 [INFO] 1 change detected
2026-05-07 17:42:39,484 [INFO] 1 change detected
2026-05-07 17:42:39,779 [INFO] 视频已保存: task=1fefff14-7139-41c0-85c6-be450efa5c09 size=2726170 bytes
2026-05-07 17:42:39,813 [INFO] Whisper 请求开始: task=1fefff14-7139-41c0-85c6-be450efa5c09
2026-05-07 17:42:39,894 [INFO] 9 changes detected
2026-05-07 17:42:40,305 [INFO] 1 change detected
2026-05-07 17:42:40,670 [INFO] 1 change detected
2026-05-07 17:42:41,072 [INFO] 1 change detected
2026-05-07 17:42:41,482 [INFO] 1 change detected
2026-05-07 17:42:41,888 [INFO] 1 change detected
2026-05-07 17:42:42,296 [INFO] 1 change detected
2026-05-07 17:42:42,704 [INFO] 1 change detected
2026-05-07 17:42:43,110 [INFO] 1 change detected
2026-05-07 17:42:43,475 [INFO] 1 change detected
2026-05-07 17:42:43,888 [INFO] 1 change detected
2026-05-07 17:42:44,294 [INFO] 1 change detected
2026-05-07 17:42:44,705 [INFO] 1 change detected
2026-05-07 17:42:45,121 [INFO] 1 change detected
2026-05-07 17:42:45,455 [INFO] HTTP Request: POST https://api.aihubmix.com/v1/audio/transcriptions "HTTP/1.1 200 OK"
2026-05-07 17:42:45,456 [INFO] Whisper 完成: task=1fefff14-7139-41c0-85c6-be450efa5c09 长度=43 字符
2026-05-07 17:42:45,527 [INFO] 6 changes detected
2026-05-07 17:42:45,932 [INFO] 6 changes detected
2026-05-07 17:42:46,346 [INFO] 1 change detected
2026-05-07 17:42:46,756 [INFO] 1 change detected
2026-05-07 17:42:47,121 [INFO] 1 change detected
2026-05-07 17:42:47,527 [INFO] 1 change detected
2026-05-07 17:42:47,932 [INFO] 1 change detected
2026-05-07 17:42:48,343 [INFO] 1 change detected
2026-05-07 17:42:48,754 [INFO] 1 change detected
2026-05-07 17:42:49,159 [INFO] 1 change detected
2026-05-07 17:42:49,571 [INFO] 1 change detected
2026-05-07 17:42:49,931 [INFO] 1 change detected
2026-05-07 17:42:50,338 [INFO] 1 change detected
2026-05-07 17:42:50,699 [INFO] 1 change detected
2026-05-07 17:42:51,110 [INFO] 1 change detected
2026-05-07 17:42:51,521 [INFO] 1 change detected
2026-05-07 17:42:51,933 [INFO] 1 change detected
2026-05-07 17:42:52,342 [INFO] 1 change detected
2026-05-07 17:42:52,464 [INFO] FFmpeg 开始烧录: task=1fefff14-7139-41c0-85c6-be450efa5c09
2026-05-07 17:42:52,699 [INFO] 7 changes detected
2026-05-07 17:42:53,060 [INFO] 1 change detected
2026-05-07 17:42:53,422 [INFO] 1 change detected
2026-05-07 17:42:53,786 [INFO] 1 change detected
2026-05-07 17:42:54,137 [INFO] 1 change detected
2026-05-07 17:42:54,543 [INFO] 1 change detected
2026-05-07 17:42:54,945 [INFO] 1 change detected
2026-05-07 17:42:55,349 [INFO] 1 change detected
2026-05-07 17:42:55,760 [INFO] 1 change detected
2026-05-07 17:42:56,123 [INFO] 1 change detected
2026-05-07 17:42:56,533 [INFO] 1 change detected
2026-05-07 17:42:56,936 [INFO] 1 change detected
2026-05-07 17:42:57,339 [INFO] 1 change detected
2026-05-07 17:42:57,746 [INFO] 1 change detected
2026-05-07 17:42:58,149 [INFO] 1 change detected
2026-05-07 17:42:58,511 [INFO] 1 change detected
2026-05-07 17:42:58,926 [INFO] 1 change detected
2026-05-07 17:42:59,333 [INFO] 1 change detected
2026-05-07 17:42:59,745 [INFO] 1 change detected
2026-05-07 17:43:00,095 [INFO] 1 change detected
2026-05-07 17:43:00,503 [INFO] 1 change detected
2026-05-07 17:43:00,914 [INFO] 1 change detected
2026-05-07 17:43:01,321 [INFO] 1 change detected
2026-05-07 17:43:01,738 [INFO] 1 change detected
2026-05-07 17:43:02,104 [INFO] 1 change detected
2026-05-07 17:43:02,516 [INFO] 1 change detected
2026-05-07 17:43:02,933 [INFO] 1 change detected
2026-05-07 17:43:03,336 [INFO] 1 change detected
2026-05-07 17:43:03,691 [INFO] 1 change detected
2026-05-07 17:43:04,104 [INFO] 1 change detected
2026-05-07 17:43:04,469 [INFO] 1 change detected
2026-05-07 17:43:04,872 [INFO] 1 change detected
2026-05-07 17:43:05,275 [INFO] 1 change detected
2026-05-07 17:43:05,690 [INFO] 1 change detected
2026-05-07 17:43:06,096 [INFO] 1 change detected
2026-05-07 17:43:06,505 [INFO] 1 change detected
2026-05-07 17:43:06,906 [INFO] 1 change detected
2026-05-07 17:43:07,265 [INFO] 1 change detected
2026-05-07 17:43:07,668 [INFO] 1 change detected
2026-05-07 17:43:08,073 [INFO] 1 change detected
2026-05-07 17:43:08,478 [INFO] 1 change detected
2026-05-07 17:43:08,880 [INFO] 1 change detected
2026-05-07 17:43:09,245 [INFO] 1 change detected
2026-05-07 17:43:09,658 [INFO] 1 change detected
2026-05-07 17:43:10,070 [INFO] 1 change detected
2026-05-07 17:43:10,476 [INFO] 1 change detected
2026-05-07 17:43:10,840 [INFO] 1 change detected
2026-05-07 17:43:11,294 [INFO] 1 change detected
2026-05-07 17:43:11,656 [INFO] 1 change detected
2026-05-07 17:43:12,064 [INFO] 1 change detected
2026-05-07 17:43:12,466 [INFO] 1 change detected
2026-05-07 17:43:12,871 [INFO] 1 change detected
2026-05-07 17:43:13,231 [INFO] 1 change detected
2026-05-07 17:43:13,646 [INFO] 1 change detected
2026-05-07 17:43:14,048 [INFO] 1 change detected
2026-05-07 17:43:14,455 [INFO] 1 change detected
2026-05-07 17:43:14,865 [INFO] 1 change detected
2026-05-07 17:43:15,226 [INFO] 1 change detected
2026-05-07 17:43:15,641 [INFO] 1 change detected
2026-05-07 17:43:16,003 [INFO] 1 change detected
2026-05-07 17:43:16,412 [INFO] 1 change detected
2026-05-07 17:43:16,818 [INFO] 1 change detected
2026-05-07 17:43:17,226 [INFO] 1 change detected
2026-05-07 17:43:17,632 [INFO] 1 change detected
2026-05-07 17:43:18,035 [INFO] 1 change detected
2026-05-07 17:43:18,444 [INFO] 1 change detected
2026-05-07 17:43:18,849 [INFO] 1 change detected
2026-05-07 17:43:19,256 [INFO] 1 change detected
2026-05-07 17:43:19,667 [INFO] 1 change detected
2026-05-07 17:43:20,031 [INFO] 1 change detected
2026-05-07 17:43:20,437 [INFO] 1 change detected
2026-05-07 17:43:20,851 [INFO] 1 change detected
2026-05-07 17:43:21,257 [INFO] 1 change detected
2026-05-07 17:43:21,615 [INFO] 1 change detected
2026-05-07 17:43:22,025 [INFO] 1 change detected
2026-05-07 17:43:22,436 [INFO] 1 change detected
2026-05-07 17:43:22,839 [INFO] 1 change detected
2026-05-07 17:43:23,246 [INFO] 1 change detected
2026-05-07 17:43:23,650 [INFO] 1 change detected
2026-05-07 17:43:24,064 [INFO] 1 change detected
2026-05-07 17:43:24,470 [INFO] 1 change detected
2026-05-07 17:43:24,876 [INFO] 1 change detected
2026-05-07 17:43:25,284 [INFO] 1 change detected
2026-05-07 17:43:25,641 [INFO] 1 change detected
2026-05-07 17:43:26,048 [INFO] 1 change detected
2026-05-07 17:43:26,460 [INFO] 1 change detected
2026-05-07 17:43:26,819 [INFO] 1 change detected
2026-05-07 17:43:27,273 [INFO] 1 change detected
2026-05-07 17:43:27,625 [INFO] 1 change detected
2026-05-07 17:43:28,041 [INFO] 1 change detected
2026-05-07 17:43:28,448 [INFO] 1 change detected
2026-05-07 17:43:28,861 [INFO] 1 change detected
2026-05-07 17:43:29,265 [INFO] 1 change detected
2026-05-07 17:43:29,682 [INFO] 1 change detected
2026-05-07 17:43:30,041 [INFO] 1 change detected
2026-05-07 17:43:30,454 [INFO] 1 change detected
2026-05-07 17:43:30,862 [INFO] 1 change detected
2026-05-07 17:43:31,276 [INFO] 1 change detected
2026-05-07 17:43:31,639 [INFO] 1 change detected
2026-05-07 17:43:32,042 [INFO] 1 change detected
2026-05-07 17:43:32,449 [INFO] 1 change detected
2026-05-07 17:43:32,851 [INFO] 1 change detected
2026-05-07 17:43:33,258 [INFO] 1 change detected
2026-05-07 17:43:33,663 [INFO] 1 change detected
2026-05-07 17:43:34,076 [INFO] 1 change detected
2026-05-07 17:43:34,477 [INFO] 1 change detected
2026-05-07 17:43:34,837 [INFO] 1 change detected
2026-05-07 17:43:35,247 [INFO] 1 change detected
2026-05-07 17:43:35,650 [INFO] 1 change detected
2026-05-07 17:43:36,062 [INFO] 1 change detected
2026-05-07 17:43:36,468 [INFO] 1 change detected
2026-05-07 17:43:36,872 [INFO] 1 change detected
2026-05-07 17:43:37,281 [INFO] 1 change detected
2026-05-07 17:43:37,693 [INFO] 1 change detected
2026-05-07 17:43:38,100 [INFO] 1 change detected
2026-05-07 17:43:38,468 [INFO] 1 change detected
2026-05-07 17:43:38,876 [INFO] 1 change detected
2026-05-07 17:43:39,291 [INFO] 1 change detected
2026-05-07 17:43:39,699 [INFO] 1 change detected
2026-05-07 17:43:40,058 [INFO] 1 change detected
2026-05-07 17:43:40,460 [INFO] 1 change detected
2026-05-07 17:43:40,871 [INFO] 1 change detected
2026-05-07 17:43:41,274 [INFO] 1 change detected
2026-05-07 17:43:41,687 [INFO] 1 change detected
2026-05-07 17:43:42,090 [INFO] 1 change detected
2026-05-07 17:43:42,498 [INFO] 1 change detected
2026-05-07 17:43:42,908 [INFO] 1 change detected
2026-05-07 17:43:43,316 [INFO] 1 change detected
2026-05-07 17:43:43,718 [INFO] 1 change detected
2026-05-07 17:43:44,124 [INFO] 1 change detected
2026-05-07 17:43:44,525 [INFO] 1 change detected
2026-05-07 17:43:44,891 [INFO] 1 change detected
2026-05-07 17:43:45,296 [INFO] 1 change detected
2026-05-07 17:43:45,706 [INFO] 1 change detected
2026-05-07 17:43:46,111 [INFO] 1 change detected
2026-05-07 17:43:46,476 [INFO] 1 change detected
2026-05-07 17:43:46,889 [INFO] 1 change detected
2026-05-07 17:43:47,302 [INFO] 1 change detected
2026-05-07 17:43:47,706 [INFO] 1 change detected
2026-05-07 17:43:48,112 [INFO] 1 change detected
2026-05-07 17:43:48,519 [INFO] 1 change detected
2026-05-07 17:43:48,885 [INFO] 1 change detected
2026-05-07 17:43:49,305 [INFO] 1 change detected
2026-05-07 17:43:49,708 [INFO] 1 change detected
2026-05-07 17:43:50,111 [INFO] 1 change detected
2026-05-07 17:43:50,475 [INFO] 1 change detected
2026-05-07 17:43:50,887 [INFO] 1 change detected
2026-05-07 17:43:51,291 [INFO] 1 change detected
2026-05-07 17:43:51,707 [INFO] 1 change detected
2026-05-07 17:43:52,115 [INFO] 1 change detected
2026-05-07 17:43:52,471 [INFO] 1 change detected
2026-05-07 17:43:52,873 [INFO] 1 change detected
2026-05-07 17:43:53,327 [INFO] 1 change detected
2026-05-07 17:43:53,691 [INFO] 1 change detected
2026-05-07 17:43:54,106 [INFO] 1 change detected
2026-05-07 17:43:54,516 [INFO] 1 change detected
2026-05-07 17:43:54,922 [INFO] 1 change detected
2026-05-07 17:43:55,326 [INFO] 1 change detected
2026-05-07 17:43:55,700 [INFO] 1 change detected
2026-05-07 17:43:56,111 [INFO] 1 change detected
2026-05-07 17:43:56,514 [INFO] 1 change detected
2026-05-07 17:43:56,927 [INFO] 1 change detected
2026-05-07 17:43:57,280 [INFO] 1 change detected
2026-05-07 17:43:57,693 [INFO] 1 change detected
2026-05-07 17:43:58,096 [INFO] 1 change detected
2026-05-07 17:43:58,501 [INFO] 1 change detected
2026-05-07 17:43:58,857 [INFO] 1 change detected
2026-05-07 17:43:59,271 [INFO] 1 change detected
2026-05-07 17:43:59,686 [INFO] 1 change detected
2026-05-07 17:44:00,092 [INFO] 1 change detected
2026-05-07 17:44:00,498 [INFO] 1 change detected
2026-05-07 17:44:00,855 [INFO] 1 change detected
2026-05-07 17:44:01,266 [INFO] 1 change detected
2026-05-07 17:44:01,682 [INFO] 1 change detected
2026-05-07 17:44:02,087 [INFO] 1 change detected
2026-05-07 17:44:02,492 [INFO] 1 change detected
2026-05-07 17:44:02,897 [INFO] 1 change detected
2026-05-07 17:44:03,252 [INFO] 1 change detected
2026-05-07 17:44:03,658 [INFO] 1 change detected
2026-05-07 17:44:04,067 [INFO] 1 change detected
2026-05-07 17:44:04,472 [INFO] 1 change detected
2026-05-07 17:44:04,882 [INFO] 1 change detected
2026-05-07 17:44:05,299 [INFO] 1 change detected
2026-05-07 17:44:05,709 [INFO] 1 change detected
2026-05-07 17:44:06,116 [INFO] 1 change detected
2026-05-07 17:44:06,481 [INFO] 1 change detected
2026-05-07 17:44:06,937 [INFO] 1 change detected
2026-05-07 17:44:07,347 [INFO] 1 change detected
2026-05-07 17:44:07,749 [INFO] 1 change detected
2026-05-07 17:44:08,158 [INFO] 1 change detected
2026-05-07 17:44:08,566 [INFO] 1 change detected
2026-05-07 17:44:08,926 [INFO] 1 change detected
2026-05-07 17:44:09,335 [INFO] 1 change detected
2026-05-07 17:44:09,741 [INFO] 1 change detected
2026-05-07 17:44:10,146 [INFO] 1 change detected
2026-05-07 17:44:10,554 [INFO] 1 change detected
2026-05-07 17:44:10,958 [INFO] 1 change detected
2026-05-07 17:44:11,314 [INFO] 1 change detected
2026-05-07 17:44:11,723 [INFO] 1 change detected
2026-05-07 17:44:12,126 [INFO] 1 change detected
2026-05-07 17:44:12,537 [INFO] 1 change detected
2026-05-07 17:44:12,945 [INFO] 1 change detected
2026-05-07 17:44:13,354 [INFO] 1 change detected
2026-05-07 17:44:13,766 [INFO] 1 change detected
2026-05-07 17:44:14,171 [INFO] 1 change detected
2026-05-07 17:44:14,527 [INFO] 1 change detected
2026-05-07 17:44:14,936 [INFO] 1 change detected
2026-05-07 17:44:15,343 [INFO] 1 change detected
2026-05-07 17:44:15,750 [INFO] 1 change detected
2026-05-07 17:44:16,155 [INFO] 1 change detected
2026-05-07 17:44:16,560 [INFO] 1 change detected
2026-05-07 17:44:16,968 [INFO] 1 change detected
2026-05-07 17:44:17,331 [INFO] 1 change detected
2026-05-07 17:44:17,740 [INFO] 1 change detected
2026-05-07 17:44:18,150 [INFO] 1 change detected
2026-05-07 17:44:18,506 [INFO] 1 change detected
2026-05-07 17:44:18,915 [INFO] 1 change detected
2026-05-07 17:44:19,318 [INFO] 1 change detected
2026-05-07 17:44:19,726 [INFO] 1 change detected
2026-05-07 17:44:20,135 [INFO] 1 change detected
2026-05-07 17:44:20,541 [INFO] 1 change detected
2026-05-07 17:44:20,948 [INFO] 1 change detected
2026-05-07 17:44:21,356 [INFO] 1 change detected
2026-05-07 17:44:21,715 [INFO] 1 change detected
2026-05-07 17:44:22,125 [INFO] 1 change detected
2026-05-07 17:44:22,536 [INFO] 1 change detected
2026-05-07 17:44:22,946 [INFO] 1 change detected
2026-05-07 17:44:23,301 [INFO] 1 change detected
2026-05-07 17:44:23,716 [INFO] 1 change detected
2026-05-07 17:44:24,122 [INFO] 1 change detected
2026-05-07 17:44:24,535 [INFO] 1 change detected
2026-05-07 17:44:24,901 [INFO] 1 change detected
2026-05-07 17:44:25,311 [INFO] 1 change detected
2026-05-07 17:44:25,730 [INFO] 1 change detected
2026-05-07 17:44:26,138 [INFO] 1 change detected
2026-05-07 17:44:26,541 [INFO] 1 change detected
2026-05-07 17:44:26,897 [INFO] 1 change detected
2026-05-07 17:44:27,301 [INFO] 1 change detected
2026-05-07 17:44:27,716 [INFO] 1 change detected
2026-05-07 17:44:28,121 [INFO] 1 change detected
2026-05-07 17:44:28,526 [INFO] 1 change detected
2026-05-07 17:44:28,941 [INFO] 1 change detected
2026-05-07 17:44:29,346 [INFO] 1 change detected
2026-05-07 17:44:29,748 [INFO] 1 change detected
2026-05-07 17:44:30,110 [INFO] 1 change detected
2026-05-07 17:44:30,576 [INFO] 1 change detected
2026-05-07 17:44:30,985 [INFO] 1 change detected
2026-05-07 17:44:31,337 [INFO] 1 change detected
2026-05-07 17:44:31,743 [INFO] 1 change detected
2026-05-07 17:44:32,159 [INFO] 1 change detected
2026-05-07 17:44:32,570 [INFO] 1 change detected
2026-05-07 17:44:32,971 [INFO] 1 change detected
2026-05-07 17:44:33,386 [INFO] 1 change detected
2026-05-07 17:44:33,751 [INFO] 1 change detected
2026-05-07 17:44:34,156 [INFO] 1 change detected
2026-05-07 17:44:34,566 [INFO] 1 change detected
2026-05-07 17:44:34,976 [INFO] 2 changes detected
2026-05-07 17:44:35,330 [INFO] 1 change detected
2026-05-07 17:44:35,746 [INFO] 1 change detected
2026-05-07 17:44:36,158 [INFO] 1 change detected
2026-05-07 17:44:36,516 [INFO] 1 change detected
2026-05-07 17:44:36,921 [INFO] 1 change detected
2026-05-07 17:44:37,331 [INFO] 1 change detected
2026-05-07 17:44:37,737 [INFO] 1 change detected
2026-05-07 17:44:38,088 [INFO] 1 change detected
2026-05-07 17:44:38,495 [INFO] 1 change detected
2026-05-07 17:44:38,911 [INFO] 1 change detected
2026-05-07 17:44:39,316 [INFO] 1 change detected
2026-05-07 17:44:39,682 [INFO] 1 change detected
2026-05-07 17:44:40,086 [INFO] 1 change detected
2026-05-07 17:44:40,491 [INFO] 1 change detected
2026-05-07 17:44:40,896 [INFO] 1 change detected
2026-05-07 17:44:41,260 [INFO] 1 change detected
2026-05-07 17:44:41,670 [INFO] 1 change detected
2026-05-07 17:44:42,086 [INFO] 1 change detected
2026-05-07 17:44:42,494 [INFO] 1 change detected
2026-05-07 17:44:42,854 [INFO] 1 change detected
2026-05-07 17:44:43,257 [INFO] 1 change detected
2026-05-07 17:44:43,666 [INFO] 1 change detected
2026-05-07 17:44:44,071 [INFO] 1 change detected
2026-05-07 17:44:44,474 [INFO] 1 change detected
2026-05-07 17:44:44,832 [INFO] 1 change detected
2026-05-07 17:44:45,243 [INFO] 1 change detected
2026-05-07 17:44:45,650 [INFO] 1 change detected
2026-05-07 17:44:46,065 [INFO] 1 change detected
2026-05-07 17:44:46,426 [INFO] 1 change detected
2026-05-07 17:44:46,841 [INFO] 1 change detected
2026-05-07 17:44:47,200 [INFO] 1 change detected
2026-05-07 17:44:47,661 [INFO] 6 changes detected
2026-05-07 17:44:48,025 [INFO] 1 change detected
2026-05-07 17:44:48,436 [INFO] 1 change detected
2026-05-07 17:44:48,843 [INFO] 1 change detected
2026-05-07 17:44:49,205 [INFO] 1 change detected
2026-05-07 17:44:49,621 [INFO] 1 change detected
2026-05-07 17:44:50,031 [INFO] 1 change detected
2026-05-07 17:44:50,436 [INFO] 1 change detected
2026-05-07 17:44:50,846 [INFO] 1 change detected
2026-05-07 17:44:51,207 [INFO] 1 change detected
2026-05-07 17:44:51,618 [INFO] 1 change detected
2026-05-07 17:44:52,030 [INFO] 1 change detected
2026-05-07 17:44:52,434 [INFO] 1 change detected
2026-05-07 17:44:52,836 [INFO] 1 change detected
2026-05-07 17:44:53,191 [INFO] 1 change detected
2026-05-07 17:44:53,594 [INFO] 1 change detected
2026-05-07 17:44:54,009 [INFO] 1 change detected
2026-05-07 17:44:54,411 [INFO] 1 change detected
2026-05-07 17:44:54,817 [INFO] 1 change detected
2026-05-07 17:44:55,221 [INFO] 1 change detected
2026-05-07 17:44:55,636 [INFO] 1 change detected
2026-05-07 17:44:56,046 [INFO] 1 change detected
2026-05-07 17:44:56,456 [INFO] 1 change detected
2026-05-07 17:44:56,821 [INFO] 1 change detected
2026-05-07 17:44:57,226 [INFO] 1 change detected
2026-05-07 17:44:57,630 [INFO] 1 change detected
2026-05-07 17:44:58,034 [INFO] 1 change detected
2026-05-07 17:44:58,443 [INFO] 1 change detected
2026-05-07 17:44:58,851 [INFO] 1 change detected
2026-05-07 17:44:59,205 [INFO] 1 change detected
2026-05-07 17:44:59,611 [INFO] 1 change detected
2026-05-07 17:45:00,026 [INFO] 1 change detected
2026-05-07 17:45:00,390 [INFO] 1 change detected
2026-05-07 17:45:00,801 [INFO] 1 change detected
2026-05-07 17:45:01,206 [INFO] 1 change detected
2026-05-07 17:45:01,611 [INFO] 1 change detected
2026-05-07 17:45:02,015 [INFO] 1 change detected
2026-05-07 17:45:02,421 [INFO] 1 change detected
2026-05-07 17:45:02,826 [INFO] 1 change detected
2026-05-07 17:45:03,230 [INFO] 1 change detected
2026-05-07 17:45:03,646 [INFO] 1 change detected
2026-05-07 17:45:04,050 [INFO] 1 change detected
2026-05-07 17:45:04,415 [INFO] 1 change detected
2026-05-07 17:45:04,827 [INFO] 1 change detected
2026-05-07 17:45:05,234 [INFO] 1 change detected
2026-05-07 17:45:05,594 [INFO] 5 changes detected
2026-05-07 17:45:05,956 [INFO] 1 change detected
2026-05-07 17:45:06,307 [INFO] 1 change detected
2026-05-07 17:45:06,664 [INFO] 1 change detected
2026-05-07 17:45:07,015 [INFO] 1 change detected
2026-05-07 17:45:07,366 [INFO] 1 change detected
2026-05-07 17:45:07,777 [INFO] 1 change detected
2026-05-07 17:45:08,190 [INFO] 1 change detected
2026-05-07 17:45:08,594 [INFO] 1 change detected
2026-05-07 17:45:08,949 [INFO] 1 change detected
2026-05-07 17:45:09,363 [INFO] 1 change detected
2026-05-07 17:45:09,773 [INFO] 1 change detected
2026-05-07 17:45:10,182 [INFO] 1 change detected
2026-05-07 17:45:10,545 [INFO] 1 change detected
2026-05-07 17:45:10,949 [INFO] 1 change detected
2026-05-07 17:45:11,356 [INFO] 1 change detected
2026-05-07 17:45:11,763 [INFO] 1 change detected
2026-05-07 17:45:12,119 [INFO] 1 change detected
2026-05-07 17:45:12,528 [INFO] 1 change detected
2026-05-07 17:45:12,932 [INFO] 1 change detected
2026-05-07 17:45:13,335 [INFO] 1 change detected
2026-05-07 17:45:13,752 [INFO] 1 change detected
2026-05-07 17:45:14,156 [INFO] 1 change detected
2026-05-07 17:45:14,566 [INFO] 1 change detected
2026-05-07 17:45:14,926 [INFO] 1 change detected
2026-05-07 17:45:15,339 [INFO] 1 change detected
2026-05-07 17:45:15,750 [INFO] 1 change detected
2026-05-07 17:45:16,167 [INFO] 1 change detected
2026-05-07 17:45:16,523 [INFO] 1 change detected
2026-05-07 17:45:16,931 [INFO] 1 change detected
2026-05-07 17:45:17,336 [INFO] 1 change detected
2026-05-07 17:45:17,741 [INFO] 1 change detected
2026-05-07 17:45:18,155 [INFO] 1 change detected
2026-05-07 17:45:18,560 [INFO] 1 change detected
2026-05-07 17:45:18,972 [INFO] 1 change detected
2026-05-07 17:45:19,333 [INFO] 1 change detected
2026-05-07 17:45:19,738 [INFO] 1 change detected
2026-05-07 17:45:20,149 [INFO] 1 change detected
2026-05-07 17:45:20,510 [INFO] 1 change detected
2026-05-07 17:45:20,972 [INFO] 1 change detected
2026-05-07 17:45:21,336 [INFO] 1 change detected
2026-05-07 17:45:21,749 [INFO] 1 change detected
2026-05-07 17:45:22,151 [INFO] 1 change detected
2026-05-07 17:45:22,553 [INFO] 1 change detected
2026-05-07 17:45:22,906 [INFO] 1 change detected
2026-05-07 17:45:23,316 [INFO] 1 change detected
2026-05-07 17:45:23,718 [INFO] 1 change detected
2026-05-07 17:45:24,128 [INFO] 1 change detected
2026-05-07 17:45:24,489 [INFO] 1 change detected
2026-05-07 17:45:24,900 [INFO] 1 change detected
2026-05-07 17:45:25,306 [INFO] 1 change detected
2026-05-07 17:45:25,716 [INFO] 1 change detected
2026-05-07 17:45:26,071 [INFO] 1 change detected
2026-05-07 17:45:26,473 [INFO] 1 change detected
2026-05-07 17:45:26,881 [INFO] 1 change detected
2026-05-07 17:45:27,296 [INFO] 1 change detected
2026-05-07 17:45:27,700 [INFO] 1 change detected
2026-05-07 17:45:28,106 [INFO] 1 change detected
2026-05-07 17:45:28,520 [INFO] 1 change detected
2026-05-07 17:45:28,926 [INFO] 1 change detected
2026-05-07 17:45:29,341 [INFO] 1 change detected
2026-05-07 17:45:29,706 [INFO] 1 change detected
2026-05-07 17:45:30,114 [INFO] 1 change detected
2026-05-07 17:45:30,526 [INFO] 1 change detected
2026-05-07 17:45:30,928 [INFO] 1 change detected
2026-05-07 17:45:31,286 [INFO] 1 change detected
2026-05-07 17:45:31,702 [INFO] 1 change detected
2026-05-07 17:45:32,154 [INFO] 1 change detected
2026-05-07 17:45:32,510 [INFO] 1 change detected
2026-05-07 17:45:32,917 [INFO] 1 change detected
2026-05-07 17:45:33,326 [INFO] 1 change detected
2026-05-07 17:45:33,731 [INFO] 1 change detected
2026-05-07 17:45:34,091 [INFO] 1 change detected
2026-05-07 17:45:34,496 [INFO] 1 change detected
2026-05-07 17:45:34,901 [INFO] 1 change detected
2026-05-07 17:45:35,260 [INFO] 1 change detected
2026-05-07 17:45:35,672 [INFO] 1 change detected
2026-05-07 17:45:36,075 [INFO] 1 change detected
2026-05-07 17:45:36,483 [INFO] 1 change detected
2026-05-07 17:45:36,886 [INFO] 1 change detected
2026-05-07 17:45:37,251 [INFO] 1 change detected
2026-05-07 17:45:37,654 [INFO] 1 change detected
2026-05-07 17:45:38,056 [INFO] 1 change detected
2026-05-07 17:45:38,416 [INFO] 1 change detected
2026-05-07 17:45:38,825 [INFO] 1 change detected
2026-05-07 17:45:39,240 [INFO] 1 change detected
2026-05-07 17:45:39,606 [INFO] 1 change detected
2026-05-07 17:45:40,013 [INFO] 1 change detected
2026-05-07 17:45:40,423 [INFO] 1 change detected
2026-05-07 17:45:40,782 [INFO] 1 change detected
2026-05-07 17:45:41,186 [INFO] 1 change detected
2026-05-07 17:45:41,589 [INFO] 1 change detected
2026-05-07 17:45:42,001 [INFO] 1 change detected
2026-05-07 17:45:42,406 [INFO] 1 change detected
2026-05-07 17:45:42,811 [INFO] 1 change detected
2026-05-07 17:45:43,223 [INFO] 1 change detected
2026-05-07 17:45:43,579 [INFO] 1 change detected
2026-05-07 17:45:43,991 [INFO] 1 change detected
2026-05-07 17:45:44,396 [INFO] 1 change detected
2026-05-07 17:45:44,806 [INFO] 1 change detected
2026-05-07 17:45:45,172 [INFO] 1 change detected
2026-05-07 17:45:45,578 [INFO] 1 change detected
2026-05-07 17:45:45,983 [INFO] 1 change detected
2026-05-07 17:45:46,393 [INFO] 1 change detected
2026-05-07 17:45:46,750 [INFO] 1 change detected
2026-05-07 17:45:47,206 [INFO] 1 change detected
2026-05-07 17:45:47,616 [INFO] 1 change detected
2026-05-07 17:45:48,028 [INFO] 1 change detected
2026-05-07 17:45:48,386 [INFO] 1 change detected
2026-05-07 17:45:48,791 [INFO] 1 change detected
2026-05-07 17:45:49,196 [INFO] 1 change detected
2026-05-07 17:45:49,605 [INFO] 1 change detected
2026-05-07 17:45:50,021 [INFO] 1 change detected
2026-05-07 17:45:50,383 [INFO] 1 change detected
2026-05-07 17:45:50,794 [INFO] 1 change detected
2026-05-07 17:45:51,211 [INFO] 1 change detected
2026-05-07 17:45:51,568 [INFO] 1 change detected
2026-05-07 17:45:51,977 [INFO] 1 change detected
2026-05-07 17:45:52,381 [INFO] 1 change detected
2026-05-07 17:45:52,788 [INFO] 1 change detected
2026-05-07 17:45:53,195 [INFO] 1 change detected
2026-05-07 17:45:53,561 [INFO] 1 change detected
2026-05-07 17:45:53,966 [INFO] 1 change detected
2026-05-07 17:45:54,376 [INFO] 1 change detected
2026-05-07 17:45:54,741 [INFO] 1 change detected
2026-05-07 17:45:55,149 [INFO] 1 change detected
2026-05-07 17:45:55,561 [INFO] 1 change detected
2026-05-07 17:45:55,971 [INFO] 1 change detected
2026-05-07 17:45:56,376 [INFO] 1 change detected
2026-05-07 17:45:56,729 [INFO] 1 change detected
2026-05-07 17:45:57,141 [INFO] 1 change detected
2026-05-07 17:45:57,553 [INFO] 1 change detected
2026-05-07 17:45:57,916 [INFO] 1 change detected
2026-05-07 17:45:58,321 [INFO] 1 change detected
2026-05-07 17:45:58,726 [INFO] 1 change detected
2026-05-07 17:45:59,134 [INFO] 1 change detected
2026-05-07 17:45:59,546 [INFO] 1 change detected
2026-05-07 17:45:59,961 [INFO] 1 change detected
2026-05-07 17:46:00,323 [INFO] 1 change detected
2026-05-07 17:46:00,735 [INFO] 1 change detected
2026-05-07 17:46:01,149 [INFO] 1 change detected
2026-05-07 17:46:01,509 [INFO] 1 change detected
2026-05-07 17:46:01,910 [INFO] 1 change detected
2026-05-07 17:46:02,316 [INFO] 1 change detected
2026-05-07 17:46:02,726 [INFO] 1 change detected
2026-05-07 17:46:03,130 [INFO] 1 change detected
2026-05-07 17:46:03,536 [INFO] 1 change detected
2026-05-07 17:46:03,945 [INFO] 1 change detected
2026-05-07 17:46:04,306 [INFO] 1 change detected
2026-05-07 17:46:04,716 [INFO] 1 change detected
2026-05-07 17:46:05,125 [INFO] 1 change detected
2026-05-07 17:46:05,483 [INFO] 1 change detected
2026-05-07 17:46:05,944 [INFO] 1 change detected
2026-05-07 17:46:06,360 [INFO] 1 change detected
2026-05-07 17:46:06,716 [INFO] 1 change detected
2026-05-07 17:46:07,121 [INFO] 1 change detected
2026-05-07 17:46:07,533 [INFO] 1 change detected
2026-05-07 17:46:07,894 [INFO] 1 change detected
2026-05-07 17:46:08,302 [INFO] 1 change detected
2026-05-07 17:46:08,716 [INFO] 1 change detected
2026-05-07 17:46:09,120 [INFO] 1 change detected
2026-05-07 17:46:09,525 [INFO] 1 change detected
2026-05-07 17:46:09,883 [INFO] 1 change detected
2026-05-07 17:46:10,294 [INFO] 1 change detected
2026-05-07 17:46:10,699 [INFO] 1 change detected
2026-05-07 17:46:11,111 [INFO] 1 change detected
2026-05-07 17:46:11,514 [INFO] 1 change detected
2026-05-07 17:46:11,921 [INFO] 1 change detected
2026-05-07 17:46:12,326 [INFO] 1 change detected
2026-05-07 17:46:12,684 [INFO] 1 change detected
2026-05-07 17:46:13,096 [INFO] 1 change detected
2026-05-07 17:46:13,498 [INFO] 1 change detected
2026-05-07 17:46:13,905 [INFO] 1 change detected
2026-05-07 17:46:14,311 [INFO] 1 change detected
2026-05-07 17:46:14,721 [INFO] 1 change detected
2026-05-07 17:46:15,127 [INFO] 1 change detected
2026-05-07 17:46:15,484 [INFO] 1 change detected
2026-05-07 17:46:15,895 [INFO] 1 change detected
2026-05-07 17:46:16,311 [INFO] 1 change detected
2026-05-07 17:46:16,724 [INFO] 1 change detected
2026-05-07 17:46:17,085 [INFO] 1 change detected
2026-05-07 17:46:17,500 [INFO] 1 change detected
2026-05-07 17:46:17,911 [INFO] 1 change detected
2026-05-07 17:46:18,316 [INFO] 1 change detected
2026-05-07 17:46:18,721 [INFO] 1 change detected
2026-05-07 17:46:19,125 [INFO] 1 change detected
2026-05-07 17:46:19,536 [INFO] 1 change detected
2026-05-07 17:46:19,894 [INFO] 1 change detected
2026-05-07 17:46:20,311 [INFO] 1 change detected
2026-05-07 17:46:20,723 [INFO] 1 change detected
2026-05-07 17:46:21,134 [INFO] 1 change detected
2026-05-07 17:46:21,493 [INFO] 1 change detected
2026-05-07 17:46:21,901 [INFO] 1 change detected
2026-05-07 17:46:22,316 [INFO] 1 change detected
2026-05-07 17:46:22,723 [INFO] 1 change detected
2026-05-07 17:46:23,131 [INFO] 1 change detected
2026-05-07 17:46:23,536 [INFO] 1 change detected
2026-05-07 17:46:23,900 [INFO] 1 change detected
2026-05-07 17:46:24,313 [INFO] 1 change detected
2026-05-07 17:46:24,724 [INFO] 1 change detected
2026-05-07 17:46:25,128 [INFO] 1 change detected
2026-05-07 17:46:25,483 [INFO] 1 change detected
2026-05-07 17:46:25,894 [INFO] 1 change detected
2026-05-07 17:46:26,300 [INFO] 1 change detected
2026-05-07 17:46:26,703 [INFO] 1 change detected
2026-05-07 17:46:27,106 [INFO] 1 change detected
2026-05-07 17:46:27,511 [INFO] 1 change detected
2026-05-07 17:46:27,913 [INFO] 1 change detected
2026-05-07 17:46:28,324 [INFO] 1 change detected
2026-05-07 17:46:28,736 [INFO] 1 change detected
2026-05-07 17:46:29,143 [INFO] 1 change detected
2026-05-07 17:46:29,498 [INFO] 1 change detected
2026-05-07 17:46:29,908 [INFO] 1 change detected
2026-05-07 17:46:30,316 [INFO] 1 change detected
2026-05-07 17:46:30,717 [INFO] 1 change detected
2026-05-07 17:46:31,082 [INFO] 1 change detected
2026-05-07 17:46:31,496 [INFO] 1 change detected
2026-05-07 17:46:31,856 [INFO] 1 change detected
2026-05-07 17:46:32,265 [INFO] 1 change detected
2026-05-07 17:46:32,673 [INFO] 1 change detected
2026-05-07 17:46:33,080 [INFO] 1 change detected
2026-05-07 17:46:33,491 [INFO] 1 change detected
2026-05-07 17:46:33,846 [INFO] 1 change detected
2026-05-07 17:46:34,256 [INFO] 1 change detected
2026-05-07 17:46:34,660 [INFO] 1 change detected
2026-05-07 17:46:35,062 [INFO] 1 change detected
2026-05-07 17:46:35,468 [INFO] 1 change detected
2026-05-07 17:46:35,883 [INFO] 1 change detected
2026-05-07 17:46:36,289 [INFO] 1 change detected
2026-05-07 17:46:36,644 [INFO] 1 change detected
2026-05-07 17:46:37,056 [INFO] 1 change detected
2026-05-07 17:46:37,465 [INFO] 1 change detected
2026-05-07 17:46:37,868 [INFO] 1 change detected
2026-05-07 17:46:38,271 [INFO] 1 change detected
2026-05-07 17:46:38,674 [INFO] 1 change detected
2026-05-07 17:46:39,084 [INFO] 1 change detected
2026-05-07 17:46:39,486 [INFO] 1 change detected
2026-05-07 17:46:39,843 [INFO] 1 change detected
2026-05-07 17:46:40,246 [INFO] 1 change detected
2026-05-07 17:46:40,649 [INFO] 1 change detected
2026-05-07 17:46:41,061 [INFO] 1 change detected
2026-05-07 17:46:41,473 [INFO] 1 change detected
2026-05-07 17:46:41,884 [INFO] 1 change detected
2026-05-07 17:46:42,238 [INFO] 1 change detected
2026-05-07 17:46:42,654 [INFO] 1 change detected
2026-05-07 17:46:43,056 [INFO] 1 change detected
2026-05-07 17:46:43,421 [INFO] 1 change detected
2026-05-07 17:46:43,824 [INFO] 1 change detected
2026-05-07 17:46:44,226 [INFO] 1 change detected
2026-05-07 17:46:44,641 [INFO] 1 change detected
2026-05-07 17:46:45,049 [INFO] 1 change detected
2026-05-07 17:46:45,451 [INFO] 1 change detected
2026-05-07 17:46:45,811 [INFO] 1 change detected
2026-05-07 17:46:46,223 [INFO] 1 change detected
2026-05-07 17:46:46,633 [INFO] 1 change detected
2026-05-07 17:46:47,036 [INFO] 1 change detected
2026-05-07 17:46:47,390 [INFO] 1 change detected
2026-05-07 17:46:47,804 [INFO] 1 change detected
2026-05-07 17:46:48,215 [INFO] 1 change detected
2026-05-07 17:46:48,618 [INFO] 1 change detected
2026-05-07 17:46:49,027 [INFO] 1 change detected
2026-05-07 17:46:49,391 [INFO] 1 change detected
2026-05-07 17:46:49,807 [INFO] 1 change detected
2026-05-07 17:46:50,176 [INFO] 1 change detected
2026-05-07 17:46:50,578 [INFO] 1 change detected
2026-05-07 17:46:50,984 [INFO] 1 change detected
2026-05-07 17:46:51,345 [INFO] 1 change detected
2026-05-07 17:46:51,750 [INFO] 1 change detected
2026-05-07 17:46:52,161 [INFO] 1 change detected
2026-05-07 17:46:52,566 [INFO] 1 change detected
2026-05-07 17:46:52,981 [INFO] 1 change detected
2026-05-07 17:46:53,346 [INFO] 1 change detected
2026-05-07 17:46:53,755 [INFO] 1 change detected
2026-05-07 17:46:54,159 [INFO] 1 change detected
2026-05-07 17:46:54,574 [INFO] 1 change detected
2026-05-07 17:46:54,976 [INFO] 1 change detected
2026-05-07 17:46:55,339 [INFO] 1 change detected
2026-05-07 17:46:55,744 [INFO] 1 change detected
2026-05-07 17:46:56,161 [INFO] 1 change detected
2026-05-07 17:46:56,566 [INFO] 1 change detected
2026-05-07 17:46:56,976 [INFO] 1 change detected
2026-05-07 17:46:57,331 [INFO] 1 change detected
2026-05-07 17:46:57,740 [INFO] 1 change detected
2026-05-07 17:46:58,144 [INFO] 1 change detected
2026-05-07 17:46:58,546 [INFO] 1 change detected
2026-05-07 17:46:58,957 [INFO] 1 change detected
2026-05-07 17:46:59,360 [INFO] 1 change detected
2026-05-07 17:46:59,766 [INFO] 1 change detected
2026-05-07 17:47:00,172 [INFO] 1 change detected
2026-05-07 17:47:00,538 [INFO] 1 change detected
2026-05-07 17:47:00,939 [INFO] 1 change detected
2026-05-07 17:47:01,351 [INFO] 1 change detected
2026-05-07 17:47:01,756 [INFO] 1 change detected
2026-05-07 17:47:02,121 [INFO] 1 change detected
2026-05-07 17:47:02,526 [INFO] 1 change detected
2026-05-07 17:47:02,936 [INFO] 1 change detected
2026-05-07 17:47:03,346 [INFO] 1 change detected
2026-05-07 17:47:03,704 [INFO] 1 change detected
2026-05-07 17:47:04,111 [INFO] 1 change detected
2026-05-07 17:47:04,522 [INFO] 1 change detected
2026-05-07 17:47:04,931 [INFO] 1 change detected
2026-05-07 17:47:05,288 [INFO] 1 change detected
2026-05-07 17:47:05,700 [INFO] 1 change detected
2026-05-07 17:47:06,106 [INFO] 1 change detected
2026-05-07 17:47:06,458 [INFO] 1 change detected
2026-05-07 17:47:06,866 [INFO] 1 change detected
2026-05-07 17:47:07,271 [INFO] 1 change detected
2026-05-07 17:47:07,683 [INFO] 1 change detected
2026-05-07 17:47:08,091 [INFO] 1 change detected
2026-05-07 17:47:08,456 [INFO] 1 change detected
2026-05-07 17:47:08,868 [INFO] 1 change detected
2026-05-07 17:47:09,270 [INFO] 1 change detected
2026-05-07 17:47:09,676 [INFO] 1 change detected
2026-05-07 17:47:10,084 [INFO] 1 change detected
2026-05-07 17:47:10,493 [INFO] 1 change detected
2026-05-07 17:47:10,854 [INFO] 1 change detected
2026-05-07 17:47:11,271 [INFO] 1 change detected
2026-05-07 17:47:11,681 [INFO] 1 change detected
2026-05-07 17:47:12,086 [INFO] 1 change detected
2026-05-07 17:47:12,488 [INFO] 1 change detected
2026-05-07 17:47:12,845 [INFO] 1 change detected
2026-05-07 17:47:13,251 [INFO] 1 change detected
2026-05-07 17:47:13,654 [INFO] 1 change detected
2026-05-07 17:47:14,064 [INFO] 1 change detected
2026-05-07 17:47:14,466 [INFO] 1 change detected
2026-05-07 17:47:14,870 [INFO] 1 change detected
2026-05-07 17:47:15,271 [INFO] 1 change detected
2026-05-07 17:47:15,676 [INFO] 1 change detected
2026-05-07 17:47:16,084 [INFO] 1 change detected
2026-05-07 17:47:16,496 [INFO] 1 change detected
2026-05-07 17:47:16,860 [INFO] 1 change detected
2026-05-07 17:47:17,266 [INFO] 1 change detected
2026-05-07 17:47:17,674 [INFO] 1 change detected
2026-05-07 17:47:18,036 [INFO] 1 change detected
2026-05-07 17:47:18,441 [INFO] 1 change detected
2026-05-07 17:47:18,849 [INFO] 1 change detected
2026-05-07 17:47:19,252 [INFO] 1 change detected
2026-05-07 17:47:19,615 [INFO] 1 change detected
2026-05-07 17:47:20,031 [INFO] 1 change detected
2026-05-07 17:47:20,439 [INFO] 1 change detected
2026-05-07 17:47:20,849 [INFO] 1 change detected
2026-05-07 17:47:21,262 [INFO] 1 change detected
2026-05-07 17:47:21,617 [INFO] 1 change detected
2026-05-07 17:47:22,025 [INFO] 1 change detected
2026-05-07 17:47:22,434 [INFO] 1 change detected
2026-05-07 17:47:22,836 [INFO] 1 change detected
2026-05-07 17:47:23,247 [INFO] 1 change detected
2026-05-07 17:47:23,661 [INFO] 1 change detected
2026-05-07 17:47:24,026 [INFO] 1 change detected
2026-05-07 17:47:24,438 [INFO] 1 change detected
2026-05-07 17:47:24,841 [INFO] 1 change detected
2026-05-07 17:47:25,255 [INFO] 1 change detected
2026-05-07 17:47:25,619 [INFO] 1 change detected
2026-05-07 17:47:26,023 [INFO] 1 change detected
2026-05-07 17:47:26,440 [INFO] 1 change detected
2026-05-07 17:47:26,803 [INFO] 1 change detected
2026-05-07 17:47:27,205 [INFO] 1 change detected
2026-05-07 17:47:27,607 [INFO] 1 change detected
2026-05-07 17:47:28,014 [INFO] 1 change detected
2026-05-07 17:47:28,416 [INFO] 1 change detected
2026-05-07 17:47:28,831 [INFO] 1 change detected
2026-05-07 17:47:29,241 [INFO] 1 change detected
2026-05-07 17:47:29,595 [INFO] 1 change detected
2026-05-07 17:47:30,001 [INFO] 1 change detected
2026-05-07 17:47:30,416 [INFO] 1 change detected
2026-05-07 17:47:30,772 [INFO] 1 change detected
2026-05-07 17:47:31,184 [INFO] 1 change detected
2026-05-07 17:47:31,589 [INFO] 1 change detected
2026-05-07 17:47:31,999 [INFO] 1 change detected
2026-05-07 17:47:32,401 [INFO] 1 change detected
2026-05-07 17:47:32,752 [INFO] 1 change detected
2026-05-07 17:47:33,159 [INFO] 1 change detected
2026-05-07 17:47:33,572 [INFO] 1 change detected
2026-05-07 17:47:33,986 [INFO] 1 change detected
2026-05-07 17:47:34,338 [INFO] 1 change detected
2026-05-07 17:47:34,751 [INFO] 1 change detected
2026-05-07 17:47:35,166 [INFO] 1 change detected
2026-05-07 17:47:35,529 [INFO] 1 change detected
2026-05-07 17:47:35,938 [INFO] 1 change detected
2026-05-07 17:47:36,350 [INFO] 1 change detected
2026-05-07 17:47:36,711 [INFO] 1 change detected
2026-05-07 17:47:37,116 [INFO] 1 change detected
2026-05-07 17:47:37,522 [INFO] 1 change detected
2026-05-07 17:47:37,931 [INFO] 1 change detected
2026-05-07 17:47:38,336 [INFO] 1 change detected
2026-05-07 17:47:38,700 [INFO] 1 change detected
2026-05-07 17:47:39,106 [INFO] 1 change detected
2026-05-07 17:47:39,516 [INFO] 1 change detected
2026-05-07 17:47:39,881 [INFO] 1 change detected
2026-05-07 17:47:40,295 [INFO] 1 change detected
2026-05-07 17:47:40,706 [INFO] 1 change detected
2026-05-07 17:47:41,062 [INFO] 1 change detected
2026-05-07 17:47:41,471 [INFO] 1 change detected
2026-05-07 17:47:41,876 [INFO] 1 change detected
2026-05-07 17:47:42,286 [INFO] 1 change detected
2026-05-07 17:47:42,692 [INFO] 1 change detected
2026-05-07 17:47:43,051 [INFO] 1 change detected
2026-05-07 17:47:43,466 [INFO] 1 change detected
2026-05-07 17:47:43,881 [INFO] 1 change detected
2026-05-07 17:47:44,236 [INFO] 1 change detected
2026-05-07 17:47:44,649 [INFO] 1 change detected
2026-05-07 17:47:45,051 [INFO] 1 change detected
2026-05-07 17:47:45,466 [INFO] 1 change detected
2026-05-07 17:47:45,877 [INFO] 1 change detected
2026-05-07 17:47:46,287 [INFO] 1 change detected
2026-05-07 17:47:46,695 [INFO] 1 change detected
2026-05-07 17:47:47,106 [INFO] 1 change detected
2026-05-07 17:47:47,461 [INFO] 1 change detected
2026-05-07 17:47:47,868 [INFO] 1 change detected
2026-05-07 17:47:48,272 [INFO] 1 change detected
2026-05-07 17:47:48,676 [INFO] 1 change detected
2026-05-07 17:47:49,079 [INFO] 1 change detected
2026-05-07 17:47:49,491 [INFO] 1 change detected
2026-05-07 17:47:49,896 [INFO] 1 change detected
2026-05-07 17:47:50,261 [INFO] 1 change detected
2026-05-07 17:47:50,672 [INFO] 1 change detected
2026-05-07 17:47:51,078 [INFO] 1 change detected
2026-05-07 17:47:51,484 [INFO] 1 change detected
2026-05-07 17:47:51,844 [INFO] 1 change detected
2026-05-07 17:47:52,256 [INFO] 1 change detected
2026-05-07 17:47:52,666 [INFO] 1 change detected
2026-05-07 17:47:53,023 [INFO] 1 change detected
2026-05-07 17:47:53,429 [INFO] 1 change detected
2026-05-07 17:47:53,836 [INFO] 1 change detected
2026-05-07 17:47:54,248 [INFO] 1 change detected
2026-05-07 17:47:54,649 [INFO] 1 change detected
2026-05-07 17:47:55,051 [INFO] 1 change detected
2026-05-07 17:47:55,406 [INFO] 1 change detected
2026-05-07 17:47:55,811 [INFO] 1 change detected
2026-05-07 17:47:56,228 [INFO] 1 change detected
2026-05-07 17:47:56,638 [INFO] 1 change detected
2026-05-07 17:47:57,000 [INFO] 1 change detected
2026-05-07 17:47:57,405 [INFO] 1 change detected
2026-05-07 17:47:57,811 [INFO] 1 change detected
2026-05-07 17:47:58,216 [INFO] 1 change detected
2026-05-07 17:47:58,621 [INFO] 1 change detected
2026-05-07 17:47:59,034 [INFO] 1 change detected
2026-05-07 17:47:59,448 [INFO] 1 change detected
2026-05-07 17:47:59,800 [INFO] 1 change detected
2026-05-07 17:48:00,209 [INFO] 1 change detected
2026-05-07 17:48:00,611 [INFO] 1 change detected
2026-05-07 17:48:01,022 [INFO] 1 change detected
2026-05-07 17:48:01,383 [INFO] 1 change detected
2026-05-07 17:48:01,791 [INFO] 1 change detected
2026-05-07 17:48:02,206 [INFO] 1 change detected
2026-05-07 17:48:02,616 [INFO] 1 change detected
2026-05-07 17:48:02,976 [INFO] 1 change detected
2026-05-07 17:48:03,430 [INFO] 1 change detected
2026-05-07 17:48:03,785 [INFO] 1 change detected
2026-05-07 17:48:04,201 [INFO] 1 change detected
2026-05-07 17:48:04,606 [INFO] 1 change detected
2026-05-07 17:48:05,018 [INFO] 1 change detected
2026-05-07 17:48:05,373 [INFO] 1 change detected
2026-05-07 17:48:05,777 [INFO] 1 change detected
2026-05-07 17:48:06,243 [INFO] 1 change detected
2026-05-07 17:48:06,594 [INFO] 1 change detected
2026-05-07 17:48:07,000 [INFO] 1 change detected
2026-05-07 17:48:07,404 [INFO] 1 change detected
2026-05-07 17:48:07,806 [INFO] 1 change detected
2026-05-07 17:48:08,216 [INFO] 1 change detected
2026-05-07 17:48:08,575 [INFO] 1 change detected
2026-05-07 17:48:08,986 [INFO] 1 change detected
2026-05-07 17:48:09,391 [INFO] 1 change detected
2026-05-07 17:48:09,796 [INFO] 1 change detected
2026-05-07 17:48:10,150 [INFO] 1 change detected
2026-05-07 17:48:10,561 [INFO] 1 change detected
2026-05-07 17:48:10,973 [INFO] 1 change detected
2026-05-07 17:48:11,328 [INFO] 1 change detected
2026-05-07 17:48:11,742 [INFO] 1 change detected
2026-05-07 17:48:12,151 [INFO] 1 change detected
2026-05-07 17:48:12,556 [INFO] 1 change detected
2026-05-07 17:48:12,963 [INFO] 1 change detected
2026-05-07 17:48:13,326 [INFO] 1 change detected
2026-05-07 17:48:13,740 [INFO] 1 change detected
2026-05-07 17:48:14,192 [INFO] 1 change detected
2026-05-07 17:48:14,546 [INFO] 1 change detected
2026-05-07 17:48:14,948 [INFO] 1 change detected
2026-05-07 17:48:15,352 [INFO] 1 change detected
2026-05-07 17:48:15,760 [INFO] 1 change detected
2026-05-07 17:48:16,162 [INFO] 1 change detected
2026-05-07 17:48:16,563 [INFO] 1 change detected
2026-05-07 17:48:16,921 [INFO] 1 change detected
2026-05-07 17:48:17,334 [INFO] 1 change detected
2026-05-07 17:48:17,699 [INFO] 1 change detected
2026-05-07 17:48:18,111 [INFO] 1 change detected
2026-05-07 17:48:18,515 [INFO] 1 change detected
2026-05-07 17:48:18,926 [INFO] 1 change detected
2026-05-07 17:48:19,290 [INFO] 1 change detected
2026-05-07 17:48:19,701 [INFO] 1 change detected
2026-05-07 17:48:20,106 [INFO] 1 change detected
2026-05-07 17:48:20,512 [INFO] 1 change detected
2026-05-07 17:48:20,916 [INFO] 1 change detected
2026-05-07 17:48:21,273 [INFO] 1 change detected
2026-05-07 17:48:21,677 [INFO] 1 change detected
2026-05-07 17:48:22,083 [INFO] 1 change detected
2026-05-07 17:48:22,485 [INFO] 1 change detected
2026-05-07 17:48:22,892 [INFO] 1 change detected
2026-05-07 17:48:23,255 [INFO] 1 change detected
2026-05-07 17:48:23,667 [INFO] 1 change detected
2026-05-07 17:48:24,079 [INFO] 1 change detected
2026-05-07 17:48:24,481 [INFO] 1 change detected
2026-05-07 17:48:24,834 [INFO] 1 change detected
2026-05-07 17:48:25,236 [INFO] 1 change detected
2026-05-07 17:48:25,650 [INFO] 1 change detected
2026-05-07 17:48:26,061 [INFO] 1 change detected
2026-05-07 17:48:26,423 [INFO] 1 change detected
2026-05-07 17:48:26,831 [INFO] 1 change detected
2026-05-07 17:48:27,237 [INFO] 1 change detected
2026-05-07 17:48:27,649 [INFO] 1 change detected
2026-05-07 17:48:28,051 [INFO] 1 change detected
2026-05-07 17:48:28,456 [INFO] 1 change detected
2026-05-07 17:48:28,821 [INFO] 1 change detected
2026-05-07 17:48:29,231 [INFO] 1 change detected
2026-05-07 17:48:29,641 [INFO] 1 change detected
2026-05-07 17:48:30,044 [INFO] 1 change detected
2026-05-07 17:48:30,400 [INFO] 1 change detected
2026-05-07 17:48:30,805 [INFO] 1 change detected
2026-05-07 17:48:31,213 [INFO] 1 change detected
2026-05-07 17:48:31,566 [INFO] 1 change detected
2026-05-07 17:48:31,975 [INFO] 1 change detected
2026-05-07 17:48:32,376 [INFO] 1 change detected
2026-05-07 17:48:32,780 [INFO] 1 change detected
2026-05-07 17:48:33,186 [INFO] 1 change detected
2026-05-07 17:48:33,591 [INFO] 1 change detected
2026-05-07 17:48:34,001 [INFO] 1 change detected
2026-05-07 17:48:34,352 [INFO] 1 change detected
2026-05-07 17:48:34,761 [INFO] 1 change detected
2026-05-07 17:48:35,163 [INFO] 1 change detected
2026-05-07 17:48:35,570 [INFO] 1 change detected
2026-05-07 17:48:35,976 [INFO] 1 change detected
2026-05-07 17:48:36,382 [INFO] 1 change detected
2026-05-07 17:48:36,795 [INFO] 1 change detected
2026-05-07 17:48:37,206 [INFO] 1 change detected
2026-05-07 17:48:37,570 [INFO] 1 change detected
2026-05-07 17:48:37,979 [INFO] 1 change detected
2026-05-07 17:48:38,396 [INFO] 1 change detected
2026-05-07 17:48:38,804 [INFO] 1 change detected
2026-05-07 17:48:39,216 [INFO] 1 change detected
2026-05-07 17:48:39,620 [INFO] 1 change detected
2026-05-07 17:48:39,985 [INFO] 1 change detected
2026-05-07 17:48:40,395 [INFO] 1 change detected
2026-05-07 17:48:40,803 [INFO] 1 change detected
2026-05-07 17:48:41,216 [INFO] 1 change detected
2026-05-07 17:48:41,569 [INFO] 1 change detected
2026-05-07 17:48:41,976 [INFO] 1 change detected
2026-05-07 17:48:42,391 [INFO] 1 change detected
2026-05-07 17:48:42,796 [INFO] 1 change detected
2026-05-07 17:48:43,206 [INFO] 1 change detected
2026-05-07 17:48:43,571 [INFO] 1 change detected
2026-05-07 17:48:43,976 [INFO] 1 change detected
2026-05-07 17:48:44,381 [INFO] 1 change detected
2026-05-07 17:48:44,785 [INFO] 1 change detected
2026-05-07 17:48:45,189 [INFO] 1 change detected
2026-05-07 17:48:45,551 [INFO] 1 change detected
2026-05-07 17:48:45,955 [INFO] 1 change detected
2026-05-07 17:48:46,361 [INFO] 1 change detected
2026-05-07 17:48:46,771 [INFO] 1 change detected
2026-05-07 17:48:47,176 [INFO] 1 change detected
2026-05-07 17:48:47,592 [INFO] 1 change detected
2026-05-07 17:48:47,955 [INFO] 1 change detected
2026-05-07 17:48:48,366 [INFO] 1 change detected
2026-05-07 17:48:48,725 [INFO] 1 change detected
2026-05-07 17:48:49,131 [INFO] 1 change detected
2026-05-07 17:48:49,541 [INFO] 1 change detected
2026-05-07 17:48:49,947 [INFO] 1 change detected
2026-05-07 17:48:50,351 [INFO] 1 change detected
2026-05-07 17:48:50,714 [INFO] 1 change detected
2026-05-07 17:48:51,126 [INFO] 1 change detected
2026-05-07 17:48:51,538 [INFO] 1 change detected
2026-05-07 17:48:51,943 [INFO] 1 change detected
2026-05-07 17:48:52,351 [INFO] 1 change detected
2026-05-07 17:48:52,712 [INFO] 1 change detected
2026-05-07 17:48:53,116 [INFO] 1 change detected
2026-05-07 17:48:53,531 [INFO] 1 change detected
2026-05-07 17:48:53,936 [INFO] 1 change detected
2026-05-07 17:48:54,300 [INFO] 1 change detected
2026-05-07 17:48:54,712 [INFO] 1 change detected
2026-05-07 17:48:55,118 [INFO] 1 change detected
2026-05-07 17:48:55,531 [INFO] 1 change detected
2026-05-07 17:48:55,895 [INFO] 1 change detected
2026-05-07 17:48:56,306 [INFO] 1 change detected
2026-05-07 17:48:56,721 [INFO] 1 change detected
2026-05-07 17:48:57,131 [INFO] 1 change detected
2026-05-07 17:48:57,539 [INFO] 1 change detected
2026-05-07 17:48:57,900 [INFO] 1 change detected
2026-05-07 17:48:58,305 [INFO] 1 change detected
2026-05-07 17:48:58,708 [INFO] 1 change detected
2026-05-07 17:48:59,121 [INFO] 1 change detected
2026-05-07 17:48:59,526 [INFO] 1 change detected
2026-05-07 17:48:59,936 [INFO] 1 change detected
2026-05-07 17:49:00,339 [INFO] 1 change detected
2026-05-07 17:49:00,744 [INFO] 1 change detected
2026-05-07 17:49:01,161 [INFO] 1 change detected
2026-05-07 17:49:01,512 [INFO] 1 change detected
2026-05-07 17:49:01,926 [INFO] 1 change detected
2026-05-07 17:49:02,334 [INFO] 1 change detected
2026-05-07 17:49:02,741 [INFO] 1 change detected
2026-05-07 17:49:03,106 [INFO] 1 change detected
2026-05-07 17:49:03,521 [INFO] 1 change detected
2026-05-07 17:49:03,935 [INFO] 1 change detected
2026-05-07 17:49:04,340 [INFO] 1 change detected
2026-05-07 17:49:04,701 [INFO] 1 change detected
2026-05-07 17:49:05,106 [INFO] 1 change detected
2026-05-07 17:49:05,518 [INFO] 1 change detected
2026-05-07 17:49:05,927 [INFO] 1 change detected
2026-05-07 17:49:06,333 [INFO] 1 change detected
2026-05-07 17:49:06,692 [INFO] 1 change detected
2026-05-07 17:49:07,096 [INFO] 1 change detected
2026-05-07 17:49:07,505 [INFO] 1 change detected
2026-05-07 17:49:07,871 [INFO] 1 change detected
2026-05-07 17:49:08,281 [INFO] 1 change detected
2026-05-07 17:49:08,685 [INFO] 1 change detected
2026-05-07 17:49:09,090 [INFO] 1 change detected
2026-05-07 17:49:09,497 [INFO] 1 change detected
2026-05-07 17:49:09,861 [INFO] 1 change detected
2026-05-07 17:49:10,318 [INFO] 1 change detected
2026-05-07 17:49:10,678 [INFO] 1 change detected
2026-05-07 17:49:11,085 [INFO] 1 change detected
2026-05-07 17:49:11,501 [INFO] 1 change detected
2026-05-07 17:49:11,903 [INFO] 1 change detected
2026-05-07 17:49:12,262 [INFO] 1 change detected
2026-05-07 17:49:12,667 [INFO] 1 change detected
2026-05-07 17:49:13,081 [INFO] 1 change detected
2026-05-07 17:49:13,496 [INFO] 1 change detected
2026-05-07 17:49:13,906 [INFO] 1 change detected
2026-05-07 17:49:14,316 [INFO] 1 change detected
2026-05-07 17:49:14,718 [INFO] 1 change detected
2026-05-07 17:49:15,129 [INFO] 1 change detected
2026-05-07 17:49:15,490 [INFO] 1 change detected
2026-05-07 17:49:15,894 [INFO] 1 change detected
2026-05-07 17:49:16,304 [INFO] 1 change detected
2026-05-07 17:49:16,712 [INFO] 1 change detected
2026-05-07 17:49:17,072 [INFO] 1 change detected
2026-05-07 17:49:17,476 [INFO] 1 change detected
2026-05-07 17:49:17,886 [INFO] 1 change detected
2026-05-07 17:49:18,244 [INFO] 1 change detected
2026-05-07 17:49:18,659 [INFO] 1 change detected
2026-05-07 17:49:19,071 [INFO] 1 change detected
2026-05-07 17:49:19,431 [INFO] 1 change detected
2026-05-07 17:49:19,835 [INFO] 1 change detected
2026-05-07 17:49:20,240 [INFO] 1 change detected
2026-05-07 17:49:20,651 [INFO] 1 change detected
2026-05-07 17:49:21,066 [INFO] 1 change detected
2026-05-07 17:49:21,425 [INFO] 1 change detected
2026-05-07 17:49:21,838 [INFO] 1 change detected
2026-05-07 17:49:22,248 [INFO] 1 change detected
2026-05-07 17:49:22,656 [INFO] 1 change detected
2026-05-07 17:49:23,059 [INFO] 1 change detected
2026-05-07 17:49:23,416 [INFO] 1 change detected
2026-05-07 17:49:23,824 [INFO] 1 change detected
2026-05-07 17:49:24,238 [INFO] 1 change detected
2026-05-07 17:49:24,643 [INFO] 1 change detected
2026-05-07 17:49:25,051 [INFO] 1 change detected
2026-05-07 17:49:25,412 [INFO] 1 change detected
2026-05-07 17:49:25,824 [INFO] 1 change detected
2026-05-07 17:49:26,226 [INFO] 1 change detected
2026-05-07 17:49:26,636 [INFO] 1 change detected
2026-05-07 17:49:27,050 [INFO] 1 change detected
2026-05-07 17:49:27,454 [INFO] 1 change detected
2026-05-07 17:49:27,862 [INFO] 1 change detected
2026-05-07 17:49:28,213 [INFO] 1 change detected
2026-05-07 17:49:28,666 [INFO] 1 change detected
2026-05-07 17:49:29,025 [INFO] 1 change detected
2026-05-07 17:49:29,431 [INFO] 1 change detected
2026-05-07 17:49:29,840 [INFO] 1 change detected
2026-05-07 17:49:30,245 [INFO] 1 change detected
2026-05-07 17:49:30,651 [INFO] 1 change detected
2026-05-07 17:49:31,017 [INFO] 1 change detected
2026-05-07 17:49:31,432 [INFO] 1 change detected
2026-05-07 17:49:31,843 [INFO] 1 change detected
2026-05-07 17:49:32,200 [INFO] 1 change detected
2026-05-07 17:49:32,616 [INFO] 1 change detected
2026-05-07 17:49:33,026 [INFO] 1 change detected
2026-05-07 17:49:33,428 [INFO] 1 change detected
2026-05-07 17:49:33,835 [INFO] 1 change detected
2026-05-07 17:49:34,244 [INFO] 1 change detected
2026-05-07 17:49:34,650 [INFO] 1 change detected
2026-05-07 17:49:35,056 [INFO] 1 change detected
2026-05-07 17:49:35,468 [INFO] 1 change detected
2026-05-07 17:49:35,829 [INFO] 1 change detected
2026-05-07 17:49:36,240 [INFO] 1 change detected
2026-05-07 17:49:36,651 [INFO] 1 change detected
2026-05-07 17:49:37,066 [INFO] 1 change detected
2026-05-07 17:49:37,429 [INFO] 1 change detected
2026-05-07 17:49:37,841 [INFO] 1 change detected
2026-05-07 17:49:38,251 [INFO] 1 change detected
2026-05-07 17:49:38,656 [INFO] 1 change detected
2026-05-07 17:49:39,066 [INFO] 1 change detected
2026-05-07 17:49:39,478 [INFO] 1 change detected
2026-05-07 17:49:39,831 [INFO] 1 change detected
2026-05-07 17:49:40,234 [INFO] 1 change detected
2026-05-07 17:49:40,646 [INFO] 1 change detected
2026-05-07 17:49:41,050 [INFO] 1 change detected
2026-05-07 17:49:41,456 [INFO] 1 change detected
2026-05-07 17:49:41,820 [INFO] 1 change detected
2026-05-07 17:49:42,231 [INFO] 1 change detected
2026-05-07 17:49:42,641 [INFO] 1 change detected
2026-05-07 17:49:43,045 [INFO] 1 change detected
2026-05-07 17:49:43,449 [INFO] 1 change detected
2026-05-07 17:49:43,856 [INFO] 1 change detected
2026-05-07 17:49:44,218 [INFO] 1 change detected
2026-05-07 17:49:44,627 [INFO] 1 change detected
2026-05-07 17:49:45,036 [INFO] 1 change detected
2026-05-07 17:49:45,439 [INFO] 1 change detected
2026-05-07 17:49:45,851 [INFO] 1 change detected
2026-05-07 17:49:46,215 [INFO] 1 change detected
2026-05-07 17:49:46,628 [INFO] 1 change detected
2026-05-07 17:49:47,036 [INFO] 1 change detected
2026-05-07 17:49:47,398 [INFO] 1 change detected
2026-05-07 17:49:47,806 [INFO] 1 change detected
2026-05-07 17:49:48,215 [INFO] 1 change detected
2026-05-07 17:49:48,616 [INFO] 1 change detected
2026-05-07 17:49:48,981 [INFO] 1 change detected
2026-05-07 17:49:49,390 [INFO] 1 change detected
2026-05-07 17:49:49,801 [INFO] 1 change detected
2026-05-07 17:49:50,205 [INFO] 1 change detected
2026-05-07 17:49:50,568 [INFO] 1 change detected
2026-05-07 17:49:50,973 [INFO] 1 change detected
2026-05-07 17:49:51,379 [INFO] 1 change detected
2026-05-07 17:49:51,790 [INFO] 1 change detected
2026-05-07 17:49:52,196 [INFO] 1 change detected
2026-05-07 17:49:52,601 [INFO] 1 change detected
2026-05-07 17:49:53,010 [INFO] 1 change detected
2026-05-07 17:49:53,423 [INFO] 1 change detected
2026-05-07 17:49:53,785 [INFO] 1 change detected
2026-05-07 17:49:54,198 [INFO] 1 change detected
2026-05-07 17:49:54,606 [INFO] 1 change detected
2026-05-07 17:49:55,013 [INFO] 1 change detected
2026-05-07 17:49:55,417 [INFO] 1 change detected
2026-05-07 17:49:55,778 [INFO] 1 change detected
2026-05-07 17:49:56,190 [INFO] 1 change detected
2026-05-07 17:49:56,596 [INFO] 1 change detected
2026-05-07 17:49:57,011 [INFO] 1 change detected
2026-05-07 17:49:57,365 [INFO] 1 change detected
2026-05-07 17:49:57,771 [INFO] 1 change detected
2026-05-07 17:49:58,176 [INFO] 1 change detected
2026-05-07 17:49:58,588 [INFO] 1 change detected
2026-05-07 17:49:58,994 [INFO] 1 change detected
2026-05-07 17:49:59,401 [INFO] 1 change detected
2026-05-07 17:49:59,805 [INFO] 1 change detected
2026-05-07 17:50:00,165 [INFO] 1 change detected
2026-05-07 17:50:00,573 [INFO] 1 change detected
2026-05-07 17:50:00,976 [INFO] 1 change detected
2026-05-07 17:50:01,385 [INFO] 1 change detected
2026-05-07 17:50:01,792 [INFO] 1 change detected
2026-05-07 17:50:02,155 [INFO] 1 change detected
2026-05-07 17:50:02,556 [INFO] 1 change detected
2026-05-07 17:50:02,966 [INFO] 1 change detected
2026-05-07 17:50:03,372 [INFO] 1 change detected
2026-05-07 17:50:03,725 [INFO] 1 change detected
2026-05-07 17:50:04,131 [INFO] 1 change detected
2026-05-07 17:50:04,536 [INFO] 1 change detected
2026-05-07 17:50:04,948 [INFO] 1 change detected
2026-05-07 17:50:05,355 [INFO] 1 change detected
2026-05-07 17:50:05,717 [INFO] 1 change detected
2026-05-07 17:50:06,126 [INFO] 1 change detected
2026-05-07 17:50:06,534 [INFO] 1 change detected
2026-05-07 17:50:06,940 [INFO] 1 change detected
2026-05-07 17:50:07,346 [INFO] 1 change detected
2026-05-07 17:50:07,705 [INFO] 1 change detected
2026-05-07 17:50:08,120 [INFO] 1 change detected
2026-05-07 17:50:08,521 [INFO] 1 change detected
2026-05-07 17:50:08,934 [INFO] 1 change detected
2026-05-07 17:50:09,336 [INFO] 1 change detected
2026-05-07 17:50:09,690 [INFO] 1 change detected
2026-05-07 17:50:10,100 [INFO] 1 change detected
2026-05-07 17:50:10,507 [INFO] 1 change detected
2026-05-07 17:50:10,912 [INFO] 1 change detected
2026-05-07 17:50:11,327 [INFO] 1 change detected
2026-05-07 17:50:11,741 [INFO] 1 change detected
2026-05-07 17:50:12,153 [INFO] 1 change detected
2026-05-07 17:50:12,556 [INFO] 1 change detected
2026-05-07 17:50:12,911 [INFO] 1 change detected
2026-05-07 17:50:13,315 [INFO] 1 change detected
2026-05-07 17:50:13,725 [INFO] 1 change detected
2026-05-07 17:50:14,131 [INFO] 1 change detected
2026-05-07 17:50:14,491 [INFO] 1 change detected
2026-05-07 17:50:14,896 [INFO] 1 change detected
2026-05-07 17:50:15,307 [INFO] 1 change detected
2026-05-07 17:50:15,718 [INFO] 1 change detected
2026-05-07 17:50:16,079 [INFO] 1 change detected
2026-05-07 17:50:16,486 [INFO] 1 change detected
2026-05-07 17:50:16,896 [INFO] 1 change detected
2026-05-07 17:50:17,311 [INFO] 1 change detected
2026-05-07 17:50:17,665 [INFO] 1 change detected
2026-05-07 17:50:18,066 [INFO] 1 change detected
2026-05-07 17:50:18,472 [INFO] 1 change detected
2026-05-07 17:50:18,881 [INFO] 1 change detected
2026-05-07 17:50:19,241 [INFO] 1 change detected
2026-05-07 17:50:19,653 [INFO] 1 change detected
2026-05-07 17:50:20,056 [INFO] 1 change detected
2026-05-07 17:50:20,457 [INFO] 1 change detected
2026-05-07 17:50:20,868 [INFO] 1 change detected
2026-05-07 17:50:21,276 [INFO] 1 change detected
2026-05-07 17:50:21,630 [INFO] 1 change detected
2026-05-07 17:50:22,035 [INFO] 1 change detected
2026-05-07 17:50:22,452 [INFO] 1 change detected
2026-05-07 17:50:22,858 [INFO] 1 change detected
2026-05-07 17:50:23,216 [INFO] 1 change detected
2026-05-07 17:50:23,619 [INFO] 1 change detected
2026-05-07 17:50:24,031 [INFO] 1 change detected
2026-05-07 17:50:24,436 [INFO] 1 change detected
2026-05-07 17:50:24,795 [INFO] 1 change detected
2026-05-07 17:50:25,205 [INFO] 1 change detected
2026-05-07 17:50:25,617 [INFO] 1 change detected
2026-05-07 17:50:26,028 [INFO] 1 change detected
2026-05-07 17:50:26,430 [INFO] 1 change detected
2026-05-07 17:50:26,795 [INFO] 1 change detected
2026-05-07 17:50:27,206 [INFO] 1 change detected
2026-05-07 17:50:27,614 [INFO] 1 change detected
2026-05-07 17:50:28,021 [INFO] 1 change detected
2026-05-07 17:50:28,381 [INFO] 1 change detected
2026-05-07 17:50:28,788 [INFO] 1 change detected
2026-05-07 17:50:29,196 [INFO] 1 change detected
2026-05-07 17:50:29,606 [INFO] 1 change detected
2026-05-07 17:50:30,011 [INFO] 1 change detected
2026-05-07 17:50:30,412 [INFO] 1 change detected
2026-05-07 17:50:30,824 [INFO] 1 change detected
2026-05-07 17:50:31,180 [INFO] 1 change detected
2026-05-07 17:50:31,590 [INFO] 1 change detected
2026-05-07 17:50:31,993 [INFO] 1 change detected
2026-05-07 17:50:32,412 [INFO] 1 change detected
2026-05-07 17:50:32,768 [INFO] 1 change detected
2026-05-07 17:50:33,184 [INFO] 1 change detected
2026-05-07 17:50:33,596 [INFO] 1 change detected
2026-05-07 17:50:34,001 [INFO] 1 change detected
2026-05-07 17:50:34,406 [INFO] 1 change detected
2026-05-07 17:50:34,771 [INFO] 1 change detected
2026-05-07 17:50:35,176 [INFO] 1 change detected
2026-05-07 17:50:35,579 [INFO] 1 change detected
2026-05-07 17:50:35,989 [INFO] 1 change detected
2026-05-07 17:50:36,401 [INFO] 1 change detected
2026-05-07 17:50:36,816 [INFO] 1 change detected
2026-05-07 17:50:37,181 [INFO] 1 change detected
2026-05-07 17:50:37,596 [INFO] 1 change detected
2026-05-07 17:50:38,010 [INFO] 1 change detected
2026-05-07 17:50:38,415 [INFO] 1 change detected
2026-05-07 17:50:38,776 [INFO] 1 change detected
2026-05-07 17:50:39,191 [INFO] 1 change detected
2026-05-07 17:50:39,605 [INFO] 1 change detected
2026-05-07 17:50:40,009 [INFO] 1 change detected
2026-05-07 17:50:40,412 [INFO] 1 change detected
2026-05-07 17:50:40,776 [INFO] 1 change detected
2026-05-07 17:50:41,186 [INFO] 1 change detected
2026-05-07 17:50:41,596 [INFO] 1 change detected
2026-05-07 17:50:41,959 [INFO] 1 change detected
2026-05-07 17:50:42,362 [INFO] 1 change detected
2026-05-07 17:50:42,765 [INFO] 1 change detected
2026-05-07 17:50:43,174 [INFO] 1 change detected
2026-05-07 17:50:43,575 [INFO] 1 change detected
2026-05-07 17:50:43,930 [INFO] 1 change detected
2026-05-07 17:50:44,336 [INFO] 1 change detected
2026-05-07 17:50:44,751 [INFO] 1 change detected
2026-05-07 17:50:45,111 [INFO] 1 change detected
2026-05-07 17:50:45,518 [INFO] 1 change detected
2026-05-07 17:50:45,924 [INFO] 1 change detected
2026-05-07 17:50:46,336 [INFO] 1 change detected
2026-05-07 17:50:46,745 [INFO] 1 change detected
2026-05-07 17:50:47,150 [INFO] 1 change detected
2026-05-07 17:50:47,506 [INFO] 1 change detected
2026-05-07 17:50:47,914 [INFO] 1 change detected
2026-05-07 17:50:48,326 [INFO] 1 change detected
2026-05-07 17:50:48,681 [INFO] 1 change detected
2026-05-07 17:50:49,090 [INFO] 1 change detected
2026-05-07 17:50:49,499 [INFO] 1 change detected
2026-05-07 17:50:49,908 [INFO] 1 change detected
2026-05-07 17:50:50,273 [INFO] 1 change detected
2026-05-07 17:50:50,679 [INFO] 1 change detected
2026-05-07 17:50:51,090 [INFO] 1 change detected
2026-05-07 17:50:51,446 [INFO] 1 change detected
2026-05-07 17:50:51,860 [INFO] 1 change detected
2026-05-07 17:50:52,266 [INFO] 1 change detected
2026-05-07 17:50:52,676 [INFO] 1 change detected
2026-05-07 17:50:53,081 [INFO] 1 change detected
2026-05-07 17:50:53,488 [INFO] 1 change detected
2026-05-07 17:50:53,851 [INFO] 1 change detected
2026-05-07 17:50:54,265 [INFO] 1 change detected
2026-05-07 17:50:54,676 [INFO] 1 change detected
2026-05-07 17:50:55,084 [INFO] 1 change detected
2026-05-07 17:50:55,490 [INFO] 1 change detected
2026-05-07 17:50:55,896 [INFO] 1 change detected
2026-05-07 17:50:56,305 [INFO] 1 change detected
2026-05-07 17:50:56,710 [INFO] 1 change detected
2026-05-07 17:50:57,066 [INFO] 1 change detected
2026-05-07 17:50:57,470 [INFO] 1 change detected
2026-05-07 17:50:57,885 [INFO] 1 change detected
2026-05-07 17:50:58,289 [INFO] 1 change detected
2026-05-07 17:50:58,691 [INFO] 1 change detected
2026-05-07 17:50:59,098 [INFO] 1 change detected
2026-05-07 17:50:59,455 [INFO] 1 change detected
2026-05-07 17:50:59,865 [INFO] 1 change detected
2026-05-07 17:51:00,274 [INFO] 1 change detected
2026-05-07 17:51:00,679 [INFO] 1 change detected
2026-05-07 17:51:01,096 [INFO] 1 change detected
2026-05-07 17:51:01,461 [INFO] 1 change detected
2026-05-07 17:51:01,873 [INFO] 1 change detected
2026-05-07 17:51:02,286 [INFO] 1 change detected
2026-05-07 17:51:02,651 [INFO] 1 change detected
2026-05-07 17:51:03,061 [INFO] 1 change detected
2026-05-07 17:51:03,466 [INFO] 1 change detected
2026-05-07 17:51:03,821 [INFO] 1 change detected
2026-05-07 17:51:04,231 [INFO] 1 change detected
2026-05-07 17:51:04,643 [INFO] 1 change detected
2026-05-07 17:51:05,056 [INFO] 1 change detected
2026-05-07 17:51:05,417 [INFO] 1 change detected
2026-05-07 17:51:05,818 [INFO] 1 change detected
2026-05-07 17:51:06,228 [INFO] 1 change detected
2026-05-07 17:51:06,636 [INFO] 1 change detected
2026-05-07 17:51:07,049 [INFO] 1 change detected
2026-05-07 17:51:07,451 [INFO] 1 change detected
2026-05-07 17:51:07,816 [INFO] 1 change detected
2026-05-07 17:51:08,231 [INFO] 1 change detected
2026-05-07 17:51:08,645 [INFO] 1 change detected
2026-05-07 17:51:09,049 [INFO] 1 change detected
2026-05-07 17:51:09,461 [INFO] 1 change detected
2026-05-07 17:51:09,865 [INFO] 1 change detected
2026-05-07 17:51:10,226 [INFO] 1 change detected
2026-05-07 17:51:10,635 [INFO] 1 change detected
2026-05-07 17:51:11,051 [INFO] 1 change detected
2026-05-07 17:51:11,457 [INFO] 1 change detected
2026-05-07 17:51:11,811 [INFO] 1 change detected
2026-05-07 17:51:12,225 [INFO] 1 change detected
2026-05-07 17:51:12,631 [INFO] 1 change detected
2026-05-07 17:51:13,041 [INFO] 1 change detected
2026-05-07 17:51:13,454 [INFO] 1 change detected
2026-05-07 17:51:13,858 [INFO] 1 change detected
2026-05-07 17:51:14,215 [INFO] 1 change detected
2026-05-07 17:51:14,619 [INFO] 1 change detected
2026-05-07 17:51:15,029 [INFO] 1 change detected
2026-05-07 17:51:15,441 [INFO] 1 change detected
2026-05-07 17:51:15,851 [INFO] 1 change detected
2026-05-07 17:51:16,216 [INFO] 1 change detected
2026-05-07 17:51:16,619 [INFO] 1 change detected
2026-05-07 17:51:17,021 [INFO] 1 change detected
2026-05-07 17:51:17,428 [INFO] 1 change detected
2026-05-07 17:51:17,790 [INFO] 1 change detected
2026-05-07 17:51:18,204 [INFO] 1 change detected
2026-05-07 17:51:18,610 [INFO] 1 change detected
2026-05-07 17:51:19,016 [INFO] 1 change detected
2026-05-07 17:51:19,382 [INFO] 1 change detected
2026-05-07 17:51:19,794 [INFO] 1 change detected
2026-05-07 17:51:20,201 [INFO] 1 change detected
2026-05-07 17:51:20,606 [INFO] 1 change detected
2026-05-07 17:51:20,957 [INFO] 1 change detected
2026-05-07 17:51:21,360 [INFO] 1 change detected
2026-05-07 17:51:21,766 [INFO] 1 change detected
2026-05-07 17:51:22,173 [INFO] 1 change detected
2026-05-07 17:51:22,579 [INFO] 1 change detected
2026-05-07 17:51:22,981 [INFO] 1 change detected
2026-05-07 17:51:23,346 [INFO] 1 change detected
2026-05-07 17:51:23,751 [INFO] 1 change detected
2026-05-07 17:51:24,155 [INFO] 1 change detected
2026-05-07 17:51:24,561 [INFO] 1 change detected
2026-05-07 17:51:24,976 [INFO] 1 change detected
2026-05-07 17:51:25,328 [INFO] 1 change detected
2026-05-07 17:51:25,739 [INFO] 1 change detected
2026-05-07 17:51:26,151 [INFO] 1 change detected
2026-05-07 17:51:26,515 [INFO] 1 change detected
2026-05-07 17:51:26,969 [INFO] 1 change detected
2026-05-07 17:51:27,376 [INFO] 1 change detected
2026-05-07 17:51:27,741 [INFO] 1 change detected
2026-05-07 17:51:28,156 [INFO] 1 change detected
2026-05-07 17:51:28,564 [INFO] 1 change detected
2026-05-07 17:51:28,976 [INFO] 1 change detected
2026-05-07 17:51:29,386 [INFO] 1 change detected
2026-05-07 17:51:29,790 [INFO] 1 change detected
2026-05-07 17:51:30,195 [INFO] 1 change detected
2026-05-07 17:51:30,602 [INFO] 1 change detected
2026-05-07 17:51:31,013 [INFO] 1 change detected
2026-05-07 17:51:31,370 [INFO] 1 change detected
2026-05-07 17:51:31,771 [INFO] 1 change detected
2026-05-07 17:51:32,176 [INFO] 1 change detected
2026-05-07 17:51:32,579 [INFO] 1 change detected
2026-05-07 17:51:32,986 [INFO] 1 change detected
2026-05-07 17:51:33,396 [INFO] 1 change detected
2026-05-07 17:51:33,801 [INFO] 1 change detected
2026-05-07 17:51:34,166 [INFO] 1 change detected
2026-05-07 17:51:34,571 [INFO] 1 change detected
2026-05-07 17:51:34,986 [INFO] 1 change detected
2026-05-07 17:51:35,401 [INFO] 1 change detected
2026-05-07 17:51:35,812 [INFO] 1 change detected
2026-05-07 17:51:36,173 [INFO] 1 change detected
2026-05-07 17:51:36,576 [INFO] 1 change detected
2026-05-07 17:51:36,978 [INFO] 1 change detected
2026-05-07 17:51:37,391 [INFO] 1 change detected
2026-05-07 17:51:37,796 [INFO] 1 change detected
2026-05-07 17:51:38,200 [INFO] 1 change detected
2026-05-07 17:51:38,606 [INFO] 1 change detected
2026-05-07 17:51:38,970 [INFO] 1 change detected
2026-05-07 17:51:39,376 [INFO] 1 change detected
2026-05-07 17:51:39,785 [INFO] 1 change detected
2026-05-07 17:51:40,190 [INFO] 1 change detected
2026-05-07 17:51:40,602 [INFO] 1 change detected
2026-05-07 17:51:40,966 [INFO] 1 change detected
2026-05-07 17:51:41,369 [INFO] 1 change detected
2026-05-07 17:51:41,784 [INFO] 1 change detected
2026-05-07 17:51:42,192 [INFO] 1 change detected
2026-05-07 17:51:42,544 [INFO] 1 change detected
2026-05-07 17:51:42,946 [INFO] 1 change detected
2026-05-07 17:51:43,356 [INFO] 1 change detected
2026-05-07 17:51:43,761 [INFO] 1 change detected
2026-05-07 17:51:44,171 [INFO] 1 change detected
2026-05-07 17:51:44,534 [INFO] 1 change detected
2026-05-07 17:51:44,946 [INFO] 1 change detected
2026-05-07 17:51:45,356 [INFO] 1 change detected
2026-05-07 17:51:45,762 [INFO] 1 change detected
2026-05-07 17:51:46,118 [INFO] 1 change detected
2026-05-07 17:51:46,533 [INFO] 1 change detected
2026-05-07 17:51:46,946 [INFO] 1 change detected
2026-05-07 17:51:47,309 [INFO] 1 change detected
2026-05-07 17:51:47,721 [INFO] 1 change detected
2026-05-07 17:51:48,134 [INFO] 1 change detected
2026-05-07 17:51:48,536 [INFO] 1 change detected
2026-05-07 17:51:48,901 [INFO] 1 change detected
2026-05-07 17:51:49,306 [INFO] 1 change detected
2026-05-07 17:51:49,710 [INFO] 1 change detected
2026-05-07 17:51:50,119 [INFO] 1 change detected
2026-05-07 17:51:50,525 [INFO] 1 change detected
2026-05-07 17:51:50,877 [INFO] 1 change detected
2026-05-07 17:51:51,285 [INFO] 1 change detected
2026-05-07 17:51:51,688 [INFO] 1 change detected
2026-05-07 17:51:52,091 [INFO] 1 change detected
2026-05-07 17:51:52,494 [INFO] 1 change detected
2026-05-07 17:51:52,902 [INFO] 1 change detected
2026-05-07 17:51:53,262 [INFO] 1 change detected
2026-05-07 17:51:53,671 [INFO] 1 change detected
2026-05-07 17:51:54,073 [INFO] 1 change detected
2026-05-07 17:51:54,438 [INFO] 1 change detected
2026-05-07 17:51:54,841 [INFO] 1 change detected
2026-05-07 17:51:55,251 [INFO] 1 change detected
2026-05-07 17:51:55,663 [INFO] 1 change detected
2026-05-07 17:51:56,067 [INFO] 1 change detected
2026-05-07 17:51:56,429 [INFO] 1 change detected
2026-05-07 17:51:56,835 [INFO] 1 change detected
2026-05-07 17:51:57,238 [INFO] 1 change detected
2026-05-07 17:51:57,652 [INFO] 1 change detected
2026-05-07 17:51:58,065 [INFO] 1 change detected
2026-05-07 17:51:58,423 [INFO] 1 change detected
2026-05-07 17:51:58,829 [INFO] 1 change detected
2026-05-07 17:51:59,231 [INFO] 1 change detected
2026-05-07 17:51:59,634 [INFO] 1 change detected
2026-05-07 17:51:59,990 [INFO] 1 change detected
2026-05-07 17:52:00,401 [INFO] 1 change detected
2026-05-07 17:52:00,808 [INFO] 1 change detected
2026-05-07 17:52:01,210 [INFO] 1 change detected
2026-05-07 17:52:01,568 [INFO] 1 change detected
2026-05-07 17:52:01,979 [INFO] 1 change detected
2026-05-07 17:52:02,385 [INFO] 1 change detected
2026-05-07 17:52:02,790 [INFO] 1 change detected
2026-05-07 17:52:03,147 [INFO] 1 change detected
2026-05-07 17:52:03,556 [INFO] 1 change detected
2026-05-07 17:52:03,964 [INFO] 1 change detected
2026-05-07 17:52:04,325 [INFO] 1 change detected
2026-05-07 17:52:04,739 [INFO] 1 change detected
2026-05-07 17:52:05,151 [INFO] 1 change detected
2026-05-07 17:52:05,556 [INFO] 1 change detected
2026-05-07 17:52:05,917 [INFO] 1 change detected
2026-05-07 17:52:06,324 [INFO] 1 change detected
2026-05-07 17:52:06,729 [INFO] 1 change detected
2026-05-07 17:52:07,141 [INFO] 1 change detected
2026-05-07 17:52:07,506 [INFO] 1 change detected
2026-05-07 17:52:07,918 [INFO] 1 change detected
2026-05-07 17:52:08,331 [INFO] 1 change detected
2026-05-07 17:52:08,687 [INFO] 1 change detected
2026-05-07 17:52:09,095 [INFO] 1 change detected
2026-05-07 17:52:09,502 [INFO] 1 change detected
2026-05-07 17:52:09,905 [INFO] 1 change detected
2026-05-07 17:52:10,265 [INFO] 1 change detected
2026-05-07 17:52:10,674 [INFO] 1 change detected
2026-05-07 17:52:11,084 [INFO] 1 change detected
2026-05-07 17:52:11,490 [INFO] 1 change detected
2026-05-07 17:52:11,898 [INFO] 1 change detected
2026-05-07 17:52:12,251 [INFO] 1 change detected
2026-05-07 17:52:12,661 [INFO] 1 change detected
2026-05-07 17:52:13,069 [INFO] 1 change detected
2026-05-07 17:52:13,481 [INFO] 1 change detected
2026-05-07 17:52:13,895 [INFO] 1 change detected
2026-05-07 17:52:14,255 [INFO] 1 change detected
2026-05-07 17:52:14,670 [INFO] 1 change detected
2026-05-07 17:52:15,078 [INFO] 1 change detected
2026-05-07 17:52:15,490 [INFO] 1 change detected
2026-05-07 17:52:15,892 [INFO] 1 change detected
2026-05-07 17:52:16,294 [INFO] 1 change detected
2026-05-07 17:52:16,706 [INFO] 1 change detected
2026-05-07 17:52:17,116 [INFO] 1 change detected
2026-05-07 17:52:17,476 [INFO] 1 change detected
2026-05-07 17:52:17,886 [INFO] 1 change detected
2026-05-07 17:52:18,301 [INFO] 1 change detected
2026-05-07 17:52:18,706 [INFO] 1 change detected
2026-05-07 17:52:19,112 [INFO] 1 change detected
2026-05-07 17:52:19,521 [INFO] 1 change detected
2026-05-07 17:52:19,926 [INFO] 1 change detected
2026-05-07 17:52:20,329 [INFO] 1 change detected
2026-05-07 17:52:20,735 [INFO] 1 change detected
2026-05-07 17:52:21,152 [INFO] 1 change detected
2026-05-07 17:52:21,509 [INFO] 1 change detected
2026-05-07 17:52:21,916 [INFO] 1 change detected
2026-05-07 17:52:22,331 [INFO] 1 change detected
2026-05-07 17:52:22,745 [INFO] 1 change detected
2026-05-07 17:52:23,111 [INFO] 1 change detected
2026-05-07 17:52:23,526 [INFO] 1 change detected
2026-05-07 17:52:23,939 [INFO] 1 change detected
2026-05-07 17:52:24,341 [INFO] 1 change detected
2026-05-07 17:52:24,700 [INFO] 1 change detected
2026-05-07 17:52:25,108 [INFO] 1 change detected
2026-05-07 17:52:25,518 [INFO] 1 change detected
2026-05-07 17:52:25,875 [INFO] 1 change detected
2026-05-07 17:52:26,285 [INFO] 1 change detected
2026-05-07 17:52:26,685 [INFO] 1 change detected
2026-05-07 17:52:27,099 [INFO] 1 change detected
2026-05-07 17:52:27,466 [INFO] 1 change detected
2026-05-07 17:52:27,881 [INFO] 1 change detected
2026-05-07 17:52:28,241 [INFO] 1 change detected
2026-05-07 17:52:28,651 [INFO] 1 change detected
2026-05-07 17:52:29,061 [INFO] 1 change detected
2026-05-07 17:52:29,466 [INFO] 1 change detected
2026-05-07 17:52:29,826 [INFO] 1 change detected
2026-05-07 17:52:30,230 [INFO] 1 change detected
2026-05-07 17:52:30,635 [INFO] 1 change detected
2026-05-07 17:52:31,047 [INFO] 1 change detected
2026-05-07 17:52:31,457 [INFO] 1 change detected
2026-05-07 17:52:31,868 [INFO] 1 change detected
2026-05-07 17:52:32,271 [INFO] 1 change detected
2026-05-07 17:52:32,682 [INFO] 1 change detected
2026-05-07 17:52:33,045 [INFO] 1 change detected
2026-05-07 17:52:33,462 [INFO] 1 change detected
2026-05-07 17:52:33,871 [INFO] 1 change detected
2026-05-07 17:52:34,276 [INFO] 1 change detected
2026-05-07 17:52:34,629 [INFO] 1 change detected
2026-05-07 17:52:35,036 [INFO] 1 change detected
2026-05-07 17:52:35,440 [INFO] 1 change detected
2026-05-07 17:52:35,852 [INFO] 1 change detected
2026-05-07 17:52:36,206 [INFO] 1 change detected
2026-05-07 17:52:36,620 [INFO] 1 change detected
2026-05-07 17:52:37,036 [INFO] 1 change detected
2026-05-07 17:52:37,442 [INFO] 1 change detected
2026-05-07 17:52:37,851 [INFO] 1 change detected
2026-05-07 17:52:38,211 [INFO] 1 change detected
2026-05-07 17:52:38,626 [INFO] 1 change detected
2026-05-07 17:52:39,031 [INFO] 1 change detected
2026-05-07 17:52:39,441 [INFO] 1 change detected
2026-05-07 17:52:39,851 [INFO] 1 change detected
2026-05-07 17:52:40,212 [INFO] 1 change detected
2026-05-07 17:52:40,625 [INFO] 1 change detected
2026-05-07 17:52:41,039 [INFO] 1 change detected
2026-05-07 17:52:41,450 [INFO] 1 change detected
2026-05-07 17:52:41,803 [INFO] 1 change detected
2026-05-07 17:52:42,209 [INFO] 1 change detected
2026-05-07 17:52:42,611 [INFO] 1 change detected
2026-05-07 17:52:43,014 [INFO] 1 change detected
2026-05-07 17:52:43,420 [INFO] 1 change detected
2026-05-07 17:52:43,823 [INFO] 1 change detected
2026-05-07 17:52:44,235 [INFO] 1 change detected
2026-05-07 17:52:44,601 [INFO] 1 change detected
2026-05-07 17:52:45,005 [INFO] 1 change detected
2026-05-07 17:52:45,407 [INFO] 1 change detected
2026-05-07 17:52:45,814 [INFO] 1 change detected
2026-05-07 17:52:46,224 [INFO] 1 change detected
2026-05-07 17:52:46,586 [INFO] 1 change detected
2026-05-07 17:52:46,996 [INFO] 1 change detected
2026-05-07 17:52:47,404 [INFO] 1 change detected
2026-05-07 17:52:47,761 [INFO] 1 change detected
2026-05-07 17:52:48,176 [INFO] 1 change detected
2026-05-07 17:52:48,581 [INFO] 1 change detected
2026-05-07 17:52:48,991 [INFO] 1 change detected
2026-05-07 17:52:49,396 [INFO] 1 change detected
2026-05-07 17:52:49,806 [INFO] 1 change detected
2026-05-07 17:52:50,168 [INFO] 1 change detected
2026-05-07 17:52:50,575 [INFO] 1 change detected
2026-05-07 17:52:50,986 [INFO] 1 change detected
2026-05-07 17:52:51,400 [INFO] 1 change detected
2026-05-07 17:52:51,806 [INFO] 1 change detected
2026-05-07 17:52:52,214 [INFO] 1 change detected
2026-05-07 17:52:52,568 [INFO] 1 change detected
2026-05-07 17:52:52,976 [INFO] 1 change detected
2026-05-07 17:52:53,391 [INFO] 1 change detected
2026-05-07 17:52:53,806 [INFO] 1 change detected
2026-05-07 17:52:54,171 [INFO] 1 change detected
2026-05-07 17:52:54,576 [INFO] 1 change detected
2026-05-07 17:52:54,981 [INFO] 1 change detected
2026-05-07 17:52:55,385 [INFO] 1 change detected
2026-05-07 17:52:55,791 [INFO] 1 change detected
2026-05-07 17:52:56,202 [INFO] 1 change detected
2026-05-07 17:52:56,606 [INFO] 1 change detected
2026-05-07 17:52:56,964 [INFO] 1 change detected
2026-05-07 17:52:57,376 [INFO] 1 change detected
2026-05-07 17:52:57,786 [INFO] 1 change detected
2026-05-07 17:52:58,198 [INFO] 1 change detected
2026-05-07 17:52:58,600 [INFO] 1 change detected
2026-05-07 17:52:58,956 [INFO] 1 change detected
2026-05-07 17:52:59,368 [INFO] 1 change detected
2026-05-07 17:52:59,731 [INFO] 1 change detected
2026-05-07 17:53:00,139 [INFO] 1 change detected
2026-05-07 17:53:00,552 [INFO] 1 change detected
2026-05-07 17:53:00,964 [INFO] 1 change detected
2026-05-07 17:53:01,373 [INFO] 1 change detected
2026-05-07 17:53:01,786 [INFO] 1 change detected
2026-05-07 17:53:02,145 [INFO] 1 change detected
2026-05-07 17:53:02,552 [INFO] 1 change detected
2026-05-07 17:53:02,966 [INFO] 1 change detected
2026-05-07 17:53:03,319 [INFO] 1 change detected
2026-05-07 17:53:03,722 [INFO] 1 change detected
2026-05-07 17:53:04,132 [INFO] 1 change detected
2026-05-07 17:53:04,490 [INFO] 1 change detected
2026-05-07 17:53:04,900 [INFO] 1 change detected
2026-05-07 17:53:05,310 [INFO] 1 change detected
2026-05-07 17:53:05,719 [INFO] 1 change detected
2026-05-07 17:53:06,129 [INFO] 1 change detected
2026-05-07 17:53:06,533 [INFO] 1 change detected
2026-05-07 17:53:06,896 [INFO] 1 change detected
2026-05-07 17:53:07,311 [INFO] 1 change detected
2026-05-07 17:53:07,720 [INFO] 1 change detected
2026-05-07 17:53:08,122 [INFO] 1 change detected
2026-05-07 17:53:08,484 [INFO] 1 change detected
2026-05-07 17:53:08,889 [INFO] 1 change detected
2026-05-07 17:53:09,291 [INFO] 1 change detected
2026-05-07 17:53:09,706 [INFO] 1 change detected
2026-05-07 17:53:10,113 [INFO] 1 change detected
2026-05-07 17:53:10,475 [INFO] 1 change detected
2026-05-07 17:53:10,885 [INFO] 1 change detected
2026-05-07 17:53:11,295 [INFO] 1 change detected
2026-05-07 17:53:11,648 [INFO] 1 change detected
2026-05-07 17:53:12,050 [INFO] 1 change detected
2026-05-07 17:53:12,456 [INFO] 1 change detected
2026-05-07 17:53:12,866 [INFO] 1 change detected
2026-05-07 17:53:13,271 [INFO] 1 change detected
2026-05-07 17:53:13,681 [INFO] 1 change detected
2026-05-07 17:53:14,044 [INFO] 1 change detected
2026-05-07 17:53:14,455 [INFO] 1 change detected
2026-05-07 17:53:14,869 [INFO] 1 change detected
2026-05-07 17:53:15,225 [INFO] 1 change detected
2026-05-07 17:53:15,627 [INFO] 1 change detected
2026-05-07 17:53:16,034 [INFO] 1 change detected
2026-05-07 17:53:16,435 [INFO] 1 change detected
2026-05-07 17:53:16,845 [INFO] 1 change detected
2026-05-07 17:53:17,249 [INFO] 1 change detected
2026-05-07 17:53:17,652 [INFO] 1 change detected
2026-05-07 17:53:18,055 [INFO] 1 change detected
2026-05-07 17:53:18,416 [INFO] 1 change detected
2026-05-07 17:53:18,830 [INFO] 1 change detected
2026-05-07 17:53:19,234 [INFO] 1 change detected
2026-05-07 17:53:19,651 [INFO] 1 change detected
2026-05-07 17:53:20,010 [INFO] 1 change detected
2026-05-07 17:53:20,414 [INFO] 1 change detected
2026-05-07 17:53:20,816 [INFO] 1 change detected
2026-05-07 17:53:21,217 [INFO] 1 change detected
2026-05-07 17:53:21,619 [INFO] 1 change detected
2026-05-07 17:53:21,975 [INFO] 1 change detected
2026-05-07 17:53:22,388 [INFO] 1 change detected
2026-05-07 17:53:22,790 [INFO] 1 change detected
2026-05-07 17:53:23,194 [INFO] 1 change detected
2026-05-07 17:53:23,598 [INFO] 1 change detected
2026-05-07 17:53:24,007 [INFO] 1 change detected
2026-05-07 17:53:24,368 [INFO] 1 change detected
2026-05-07 17:53:24,780 [INFO] 1 change detected
2026-05-07 17:53:25,195 [INFO] 1 change detected
2026-05-07 17:53:25,602 [INFO] 1 change detected
2026-05-07 17:53:25,965 [INFO] 1 change detected
2026-05-07 17:53:26,379 [INFO] 1 change detected
2026-05-07 17:53:26,782 [INFO] 1 change detected
2026-05-07 17:53:27,191 [INFO] 1 change detected
2026-05-07 17:53:27,592 [INFO] 1 change detected
2026-05-07 17:53:28,003 [INFO] 1 change detected
2026-05-07 17:53:28,355 [INFO] 1 change detected
2026-05-07 17:53:28,766 [INFO] 1 change detected
2026-05-07 17:53:29,131 [INFO] 1 change detected
2026-05-07 17:53:29,546 [INFO] 1 change detected
2026-05-07 17:53:29,950 [INFO] 1 change detected
2026-05-07 17:53:30,351 [INFO] 1 change detected
2026-05-07 17:53:30,753 [INFO] 1 change detected
2026-05-07 17:53:31,157 [INFO] 1 change detected
2026-05-07 17:53:31,563 [INFO] 1 change detected
2026-05-07 17:53:31,977 [INFO] 1 change detected
2026-05-07 17:53:32,389 [INFO] 1 change detected
2026-05-07 17:53:32,750 [INFO] 1 change detected
2026-05-07 17:53:33,155 [INFO] 1 change detected
2026-05-07 17:53:33,567 [INFO] 1 change detected
2026-05-07 17:53:33,922 [INFO] 1 change detected
2026-05-07 17:53:34,336 [INFO] 1 change detected
2026-05-07 17:53:34,740 [INFO] 1 change detected
2026-05-07 17:53:35,152 [INFO] 1 change detected
2026-05-07 17:53:35,563 [INFO] 1 change detected
2026-05-07 17:53:35,966 [INFO] 1 change detected
2026-05-07 17:53:36,368 [INFO] 1 change detected
2026-05-07 17:53:36,728 [INFO] 1 change detected
2026-05-07 17:53:37,136 [INFO] 1 change detected
2026-05-07 17:53:37,541 [INFO] 1 change detected
2026-05-07 17:53:37,955 [INFO] 1 change detected
2026-05-07 17:53:38,363 [INFO] 1 change detected
2026-05-07 17:53:38,771 [INFO] 1 change detected
2026-05-07 17:53:39,135 [INFO] 1 change detected
2026-05-07 17:53:39,541 [INFO] 1 change detected
2026-05-07 17:53:39,951 [INFO] 1 change detected
2026-05-07 17:53:40,368 [INFO] 1 change detected
2026-05-07 17:53:40,726 [INFO] 1 change detected
2026-05-07 17:53:41,143 [INFO] 1 change detected
2026-05-07 17:53:41,546 [INFO] 1 change detected
2026-05-07 17:53:41,912 [INFO] 1 change detected
2026-05-07 17:53:42,324 [INFO] 1 change detected
2026-05-07 17:53:42,731 [INFO] 1 change detected
2026-05-07 17:53:43,134 [INFO] 1 change detected
2026-05-07 17:53:43,538 [INFO] 1 change detected
2026-05-07 17:53:43,943 [INFO] 1 change detected
2026-05-07 17:53:44,347 [INFO] 1 change detected
2026-05-07 17:53:44,704 [INFO] 1 change detected
2026-05-07 17:53:45,111 [INFO] 1 change detected
2026-05-07 17:53:45,518 [INFO] 1 change detected
2026-05-07 17:53:45,922 [INFO] 1 change detected
2026-05-07 17:53:46,327 [INFO] 1 change detected
2026-05-07 17:53:46,587 [INFO] FFmpeg 开始烧录: task=1fefff14-7139-41c0-85c6-be450efa5c09
2026-05-07 17:53:46,729 [INFO] 7 changes detected
2026-05-07 17:53:47,137 [INFO] 1 change detected
2026-05-07 17:53:47,544 [INFO] 1 change detected
2026-05-07 17:53:47,950 [INFO] 1 change detected
2026-05-07 17:53:48,357 [INFO] 1 change detected
2026-05-07 17:53:48,712 [INFO] 1 change detected
2026-05-07 17:53:49,119 [INFO] 1 change detected
2026-05-07 17:53:49,527 [INFO] 1 change detected
2026-05-07 17:53:49,930 [INFO] 1 change detected
2026-05-07 17:53:50,337 [INFO] 1 change detected
2026-05-07 17:53:50,742 [INFO] 1 change detected
2026-05-07 17:53:51,149 [INFO] 1 change detected
2026-05-07 17:53:51,556 [INFO] 1 change detected
2026-05-07 17:53:51,960 [INFO] 1 change detected
2026-05-07 17:53:52,365 [INFO] 1 change detected
2026-05-07 17:53:52,772 [INFO] 1 change detected
2026-05-07 17:53:53,127 [INFO] 1 change detected
2026-05-07 17:53:53,537 [INFO] 1 change detected
2026-05-07 17:53:53,942 [INFO] 1 change detected
2026-05-07 17:53:54,349 [INFO] 1 change detected
2026-05-07 17:53:54,755 [INFO] 1 change detected
2026-05-07 17:53:55,157 [INFO] 1 change detected
2026-05-07 17:53:55,567 [INFO] 1 change detected
2026-05-07 17:53:55,975 [INFO] 1 change detected
2026-05-07 17:53:56,379 [INFO] 1 change detected
2026-05-07 17:53:56,786 [INFO] 1 change detected
2026-05-07 17:53:57,146 [INFO] 1 change detected
2026-05-07 17:53:57,556 [INFO] 1 change detected
2026-05-07 17:53:57,961 [INFO] 1 change detected
2026-05-07 17:53:58,365 [INFO] 1 change detected
2026-05-07 17:53:58,778 [INFO] 1 change detected
2026-05-07 17:53:59,141 [INFO] 1 change detected
2026-05-07 17:53:59,551 [INFO] 1 change detected
2026-05-07 17:53:59,957 [INFO] 1 change detected
2026-05-07 17:54:00,361 [INFO] 1 change detected
2026-05-07 17:54:00,773 [INFO] 1 change detected
2026-05-07 17:54:01,177 [INFO] 1 change detected
2026-05-07 17:54:01,587 [INFO] 1 change detected
2026-05-07 17:54:01,997 [INFO] 1 change detected
2026-05-07 17:54:02,360 [INFO] 1 change detected
2026-05-07 17:54:02,769 [INFO] 1 change detected
2026-05-07 17:54:03,174 [INFO] 1 change detected
2026-05-07 17:54:03,578 [INFO] 1 change detected
2026-05-07 17:54:03,982 [INFO] 1 change detected
2026-05-07 17:54:04,385 [INFO] 1 change detected
2026-05-07 17:54:04,801 [INFO] 1 change detected
2026-05-07 17:54:05,207 [INFO] 1 change detected
2026-05-07 17:54:05,614 [INFO] 1 change detected
2026-05-07 17:54:05,976 [INFO] 1 change detected
2026-05-07 17:54:06,390 [INFO] 1 change detected
2026-05-07 17:54:06,805 [INFO] 1 change detected
2026-05-07 17:54:07,224 [INFO] 1 change detected
2026-05-07 17:54:07,637 [INFO] 1 change detected
2026-05-07 17:54:07,999 [INFO] 1 change detected
2026-05-07 17:54:08,412 [INFO] 1 change detected
2026-05-07 17:54:08,814 [INFO] 1 change detected
2026-05-07 17:54:09,219 [INFO] 1 change detected
2026-05-07 17:54:09,626 [INFO] 1 change detected
2026-05-07 17:54:10,039 [INFO] 1 change detected
2026-05-07 17:54:10,445 [INFO] 1 change detected
2026-05-07 17:54:10,811 [INFO] 1 change detected
2026-05-07 17:54:11,219 [INFO] 1 change detected
2026-05-07 17:54:11,634 [INFO] 1 change detected
2026-05-07 17:54:11,995 [INFO] 1 change detected
2026-05-07 17:54:12,402 [INFO] 1 change detected
2026-05-07 17:54:12,811 [INFO] 1 change detected
2026-05-07 17:54:13,215 [INFO] 1 change detected
2026-05-07 17:54:13,627 [INFO] 1 change detected
2026-05-07 17:54:14,041 [INFO] 1 change detected
2026-05-07 17:54:14,404 [INFO] 1 change detected
2026-05-07 17:54:14,817 [INFO] 1 change detected
2026-05-07 17:54:15,227 [INFO] 1 change detected
2026-05-07 17:54:15,637 [INFO] 1 change detected
2026-05-07 17:54:16,002 [INFO] 1 change detected
2026-05-07 17:54:16,407 [INFO] 1 change detected
2026-05-07 17:54:16,808 [INFO] 1 change detected
2026-05-07 17:54:17,216 [INFO] 1 change detected
2026-05-07 17:54:17,626 [INFO] 1 change detected
2026-05-07 17:54:18,034 [INFO] 1 change detected
2026-05-07 17:54:18,447 [INFO] 1 change detected
2026-05-07 17:54:18,852 [INFO] 1 change detected
2026-05-07 17:54:19,256 [INFO] 1 change detected
2026-05-07 17:54:19,621 [INFO] 1 change detected
2026-05-07 17:54:20,024 [INFO] 1 change detected
2026-05-07 17:54:20,427 [INFO] 1 change detected
2026-05-07 17:54:20,840 [INFO] 1 change detected
2026-05-07 17:54:21,247 [INFO] 1 change detected
2026-05-07 17:54:21,648 [INFO] 1 change detected
2026-05-07 17:54:22,057 [INFO] 1 change detected
2026-05-07 17:54:22,466 [INFO] 1 change detected
2026-05-07 17:54:22,868 [INFO] 1 change detected
2026-05-07 17:54:23,234 [INFO] 1 change detected
2026-05-07 17:54:23,647 [INFO] 1 change detected
2026-05-07 17:54:24,053 [INFO] 1 change detected
2026-05-07 17:54:24,463 [INFO] 1 change detected
2026-05-07 17:54:24,874 [INFO] 1 change detected
2026-05-07 17:54:25,240 [INFO] 1 change detected
2026-05-07 17:54:25,648 [INFO] 1 change detected
2026-05-07 17:54:26,056 [INFO] 1 change detected
2026-05-07 17:54:26,464 [INFO] 1 change detected
2026-05-07 17:54:26,877 [INFO] 1 change detected
2026-05-07 17:54:27,283 [INFO] 1 change detected
2026-05-07 17:54:27,690 [INFO] 1 change detected
2026-05-07 17:54:28,098 [INFO] 1 change detected
2026-05-07 17:54:28,508 [INFO] 1 change detected
2026-05-07 17:54:28,869 [INFO] 1 change detected
2026-05-07 17:54:29,274 [INFO] 1 change detected
2026-05-07 17:54:29,675 [INFO] 1 change detected
2026-05-07 17:54:30,083 [INFO] 1 change detected
2026-05-07 17:54:30,495 [INFO] 1 change detected
2026-05-07 17:54:30,900 [INFO] 1 change detected
2026-05-07 17:54:31,305 [INFO] 1 change detected
2026-05-07 17:54:31,711 [INFO] 1 change detected
2026-05-07 17:54:32,125 [INFO] 1 change detected
2026-05-07 17:54:32,485 [INFO] 1 change detected
2026-05-07 17:54:32,887 [INFO] 1 change detected
2026-05-07 17:54:33,294 [INFO] 1 change detected
2026-05-07 17:54:33,696 [INFO] 1 change detected
2026-05-07 17:54:34,112 [INFO] 1 change detected
2026-05-07 17:54:34,517 [INFO] 1 change detected
2026-05-07 17:54:34,879 [INFO] 1 change detected
2026-05-07 17:54:35,286 [INFO] 1 change detected
2026-05-07 17:54:35,692 [INFO] 1 change detected
2026-05-07 17:54:36,093 [INFO] 1 change detected
2026-05-07 17:54:36,502 [INFO] 1 change detected
2026-05-07 17:54:36,915 [INFO] 1 change detected
2026-05-07 17:54:37,317 [INFO] 1 change detected
2026-05-07 17:54:37,677 [INFO] 1 change detected
2026-05-07 17:54:38,082 [INFO] 1 change detected
2026-05-07 17:54:38,495 [INFO] 1 change detected
2026-05-07 17:54:38,907 [INFO] 1 change detected
2026-05-07 17:54:39,265 [INFO] 1 change detected
2026-05-07 17:54:39,676 [INFO] 1 change detected
2026-05-07 17:54:40,082 [INFO] 1 change detected
2026-05-07 17:54:40,490 [INFO] 1 change detected
2026-05-07 17:54:40,894 [INFO] 1 change detected
2026-05-07 17:54:41,298 [INFO] 1 change detected
2026-05-07 17:54:41,660 [INFO] 1 change detected
2026-05-07 17:54:42,066 [INFO] 1 change detected
2026-05-07 17:54:42,472 [INFO] 1 change detected
2026-05-07 17:54:42,875 [INFO] 1 change detected
2026-05-07 17:54:43,286 [INFO] 1 change detected
2026-05-07 17:54:43,642 [INFO] 1 change detected
2026-05-07 17:54:44,047 [INFO] 1 change detected
2026-05-07 17:54:44,456 [INFO] 1 change detected
2026-05-07 17:54:44,809 [INFO] 1 change detected
2026-05-07 17:54:45,220 [INFO] 1 change detected
2026-05-07 17:54:45,631 [INFO] 1 change detected
2026-05-07 17:54:45,997 [INFO] 1 change detected
2026-05-07 17:54:46,405 [INFO] 1 change detected
2026-05-07 17:54:46,808 [INFO] 1 change detected
2026-05-07 17:54:47,173 [INFO] 1 change detected
2026-05-07 17:54:47,576 [INFO] 1 change detected
2026-05-07 17:54:47,981 [INFO] 1 change detected
2026-05-07 17:54:48,392 [INFO] 1 change detected
2026-05-07 17:54:48,801 [INFO] 1 change detected
2026-05-07 17:54:49,152 [INFO] 1 change detected
2026-05-07 17:54:49,560 [INFO] 1 change detected
2026-05-07 17:54:49,964 [INFO] 1 change detected
2026-05-07 17:54:50,319 [INFO] 1 change detected
2026-05-07 17:54:50,728 [INFO] 1 change detected
2026-05-07 17:54:51,085 [INFO] 1 change detected
2026-05-07 17:54:51,492 [INFO] 1 change detected
2026-05-07 17:54:51,906 [INFO] 1 change detected
2026-05-07 17:54:52,316 [INFO] 1 change detected
2026-05-07 17:54:52,675 [INFO] 1 change detected
2026-05-07 17:54:53,081 [INFO] 1 change detected
2026-05-07 17:54:53,497 [INFO] 1 change detected
2026-05-07 17:54:53,854 [INFO] 1 change detected
2026-05-07 17:54:54,262 [INFO] 1 change detected
2026-05-07 17:54:54,672 [INFO] 1 change detected
2026-05-07 17:54:55,086 [INFO] 1 change detected
2026-05-07 17:54:55,457 [INFO] 1 change detected
2026-05-07 17:54:55,860 [INFO] 1 change detected
2026-05-07 17:54:56,273 [INFO] 1 change detected
2026-05-07 17:54:56,681 [INFO] 1 change detected
2026-05-07 17:54:57,042 [INFO] 1 change detected
2026-05-07 17:54:57,446 [INFO] 1 change detected
2026-05-07 17:54:57,811 [INFO] 1 change detected
2026-05-07 17:54:58,216 [INFO] 1 change detected
2026-05-07 17:54:58,618 [INFO] 1 change detected
2026-05-07 17:54:59,022 [INFO] 1 change detected
2026-05-07 17:54:59,431 [INFO] 1 change detected
2026-05-07 17:54:59,837 [INFO] 1 change detected
2026-05-07 17:55:00,193 [INFO] 1 change detected
2026-05-07 17:55:00,602 [INFO] 1 change detected
2026-05-07 17:55:00,968 [INFO] 1 change detected
2026-05-07 17:55:01,377 [INFO] 1 change detected
2026-05-07 17:55:01,788 [INFO] 1 change detected
2026-05-07 17:55:02,193 [INFO] 1 change detected
2026-05-07 17:55:02,595 [INFO] 1 change detected
2026-05-07 17:55:02,997 [INFO] 1 change detected
2026-05-07 17:55:03,357 [INFO] 1 change detected
2026-05-07 17:55:03,773 [INFO] 1 change detected
2026-05-07 17:55:04,128 [INFO] 1 change detected
2026-05-07 17:55:04,531 [INFO] 1 change detected
2026-05-07 17:55:04,940 [INFO] 1 change detected
2026-05-07 17:55:05,356 [INFO] 1 change detected
2026-05-07 17:55:05,759 [INFO] 1 change detected
2026-05-07 17:55:06,124 [INFO] 1 change detected
2026-05-07 17:55:06,546 [INFO] 1 change detected
2026-05-07 17:55:06,901 [INFO] 1 change detected
2026-05-07 17:55:07,310 [INFO] 1 change detected
2026-05-07 17:55:07,713 [INFO] 1 change detected
2026-05-07 17:55:08,124 [INFO] 1 change detected
2026-05-07 17:55:08,528 [INFO] 1 change detected
2026-05-07 17:55:08,930 [INFO] 1 change detected
2026-05-07 17:55:09,286 [INFO] 1 change detected
2026-05-07 17:55:09,687 [INFO] 1 change detected
2026-05-07 17:55:10,092 [INFO] 1 change detected
2026-05-07 17:55:10,447 [INFO] 1 change detected
2026-05-07 17:55:10,857 [INFO] 1 change detected
2026-05-07 17:55:11,266 [INFO] 1 change detected
2026-05-07 17:55:11,678 [INFO] 1 change detected
2026-05-07 17:55:12,043 [INFO] 1 change detected
2026-05-07 17:55:12,460 [INFO] 1 change detected
2026-05-07 17:55:12,873 [INFO] 1 change detected
2026-05-07 17:55:13,225 [INFO] 1 change detected
2026-05-07 17:55:13,642 [INFO] 1 change detected
2026-05-07 17:55:14,050 [INFO] 1 change detected
2026-05-07 17:55:14,452 [INFO] 1 change detected
2026-05-07 17:55:14,807 [INFO] 1 change detected
2026-05-07 17:55:15,214 [INFO] 1 change detected
2026-05-07 17:55:15,625 [INFO] 1 change detected
2026-05-07 17:55:16,030 [INFO] 1 change detected
2026-05-07 17:55:16,436 [INFO] 1 change detected
2026-05-07 17:55:16,792 [INFO] 1 change detected
2026-05-07 17:55:17,198 [INFO] 1 change detected
2026-05-07 17:55:17,603 [INFO] 1 change detected
2026-05-07 17:55:18,007 [INFO] 1 change detected
2026-05-07 17:55:18,363 [INFO] 1 change detected
2026-05-07 17:55:18,769 [INFO] 1 change detected
2026-05-07 17:55:19,175 [INFO] 1 change detected
2026-05-07 17:55:19,580 [INFO] 1 change detected
2026-05-07 17:55:19,986 [INFO] 1 change detected
2026-05-07 17:55:20,392 [INFO] 1 change detected
2026-05-07 17:55:20,751 [INFO] 1 change detected
2026-05-07 17:55:21,157 [INFO] 1 change detected
2026-05-07 17:55:21,568 [INFO] 1 change detected
2026-05-07 17:55:21,926 [INFO] 1 change detected
2026-05-07 17:55:22,341 [INFO] 1 change detected
2026-05-07 17:55:22,752 [INFO] 1 change detected
2026-05-07 17:55:23,163 [INFO] 1 change detected
2026-05-07 17:55:23,518 [INFO] 1 change detected
2026-05-07 17:55:23,923 [INFO] 1 change detected
2026-05-07 17:55:24,327 [INFO] 1 change detected
2026-05-07 17:55:24,741 [INFO] 1 change detected
2026-05-07 17:55:25,102 [INFO] 1 change detected
2026-05-07 17:55:25,508 [INFO] 1 change detected
2026-05-07 17:55:25,918 [INFO] 1 change detected
2026-05-07 17:55:26,330 [INFO] 1 change detected
2026-05-07 17:55:26,690 [INFO] 1 change detected
2026-05-07 17:55:27,102 [INFO] 1 change detected
2026-05-07 17:55:27,506 [INFO] 1 change detected
2026-05-07 17:55:27,915 [INFO] 1 change detected
2026-05-07 17:55:28,321 [INFO] 1 change detected
2026-05-07 17:55:28,730 [INFO] 1 change detected
2026-05-07 17:55:29,090 [INFO] 1 change detected
2026-05-07 17:55:29,495 [INFO] 1 change detected
2026-05-07 17:55:29,912 [INFO] 1 change detected
2026-05-07 17:55:30,265 [INFO] 1 change detected
2026-05-07 17:55:30,674 [INFO] 1 change detected
2026-05-07 17:55:31,086 [INFO] 1 change detected
2026-05-07 17:55:31,489 [INFO] 1 change detected
2026-05-07 17:55:31,900 [INFO] 1 change detected
2026-05-07 17:55:32,257 [INFO] 1 change detected
2026-05-07 17:55:32,659 [INFO] 1 change detected
2026-05-07 17:55:33,071 [INFO] 1 change detected
2026-05-07 17:55:33,432 [INFO] 1 change detected
2026-05-07 17:55:33,847 [INFO] 1 change detected
2026-05-07 17:55:34,253 [INFO] 1 change detected
2026-05-07 17:55:34,662 [INFO] 1 change detected
2026-05-07 17:55:35,020 [INFO] 1 change detected
2026-05-07 17:55:35,435 [INFO] 1 change detected
2026-05-07 17:55:35,791 [INFO] 1 change detected
2026-05-07 17:55:36,207 [INFO] 1 change detected
2026-05-07 17:55:36,616 [INFO] 1 change detected
2026-05-07 17:55:36,977 [INFO] 1 change detected
2026-05-07 17:55:37,385 [INFO] 1 change detected
2026-05-07 17:55:37,786 [INFO] 1 change detected
2026-05-07 17:55:38,149 [INFO] 1 change detected
2026-05-07 17:55:38,553 [INFO] 1 change detected
2026-05-07 17:55:38,959 [INFO] 1 change detected
2026-05-07 17:55:39,314 [INFO] 1 change detected
2026-05-07 17:55:39,724 [INFO] 1 change detected
2026-05-07 17:55:40,130 [INFO] 1 change detected
2026-05-07 17:55:40,541 [INFO] 1 change detected
2026-05-07 17:55:40,945 [INFO] 1 change detected
2026-05-07 17:55:41,308 [INFO] 1 change detected
2026-05-07 17:55:41,715 [INFO] 1 change detected
2026-05-07 17:55:42,076 [INFO] 1 change detected
2026-05-07 17:55:42,481 [INFO] 1 change detected
2026-05-07 17:55:42,884 [INFO] 1 change detected
2026-05-07 17:55:43,297 [INFO] 1 change detected
2026-05-07 17:55:43,711 [INFO] 1 change detected
2026-05-07 17:55:44,073 [INFO] 1 change detected
2026-05-07 17:55:44,474 [INFO] 1 change detected
2026-05-07 17:55:44,876 [INFO] 1 change detected
2026-05-07 17:55:45,292 [INFO] 1 change detected
2026-05-07 17:55:45,657 [INFO] 1 change detected
2026-05-07 17:55:46,060 [INFO] 1 change detected
2026-05-07 17:55:46,464 [INFO] 1 change detected
2026-05-07 17:55:46,824 [INFO] 1 change detected
2026-05-07 17:55:47,281 [INFO] 1 change detected
2026-05-07 17:55:47,641 [INFO] 1 change detected
2026-05-07 17:55:48,059 [INFO] 1 change detected
2026-05-07 17:55:48,416 [INFO] 1 change detected
2026-05-07 17:55:48,819 [INFO] 1 change detected
2026-05-07 17:55:49,225 [INFO] 1 change detected
2026-05-07 17:55:49,636 [INFO] 1 change detected
2026-05-07 17:55:50,039 [INFO] 1 change detected
2026-05-07 17:55:50,396 [INFO] 1 change detected
2026-05-07 17:55:50,808 [INFO] 1 change detected
2026-05-07 17:55:51,219 [INFO] 1 change detected
2026-05-07 17:55:51,624 [INFO] 1 change detected
2026-05-07 17:55:52,030 [INFO] 1 change detected
2026-05-07 17:55:52,442 [INFO] 1 change detected
2026-05-07 17:55:52,847 [INFO] 1 change detected
2026-05-07 17:55:53,202 [INFO] 1 change detected
2026-05-07 17:55:53,608 [INFO] 1 change detected
2026-05-07 17:55:54,018 [INFO] 1 change detected
2026-05-07 17:55:54,374 [INFO] 1 change detected
2026-05-07 17:55:54,778 [INFO] 1 change detected
2026-05-07 17:55:55,191 [INFO] 1 change detected
2026-05-07 17:55:55,596 [INFO] 1 change detected
2026-05-07 17:55:55,998 [INFO] 1 change detected
2026-05-07 17:55:56,407 [INFO] 1 change detected
2026-05-07 17:55:56,809 [INFO] 1 change detected
2026-05-07 17:55:57,164 [INFO] 1 change detected
2026-05-07 17:55:57,566 [INFO] 1 change detected
2026-05-07 17:55:57,975 [INFO] 1 change detected
2026-05-07 17:55:58,378 [INFO] 1 change detected
2026-05-07 17:55:58,791 [INFO] 1 change detected
2026-05-07 17:55:59,145 [INFO] 1 change detected
2026-05-07 17:55:59,564 [INFO] 1 change detected
2026-05-07 17:55:59,968 [INFO] 1 change detected
2026-05-07 17:56:00,328 [INFO] 1 change detected
2026-05-07 17:56:00,729 [INFO] 1 change detected
2026-05-07 17:56:01,135 [INFO] 1 change detected
2026-05-07 17:56:01,546 [INFO] 1 change detected
2026-05-07 17:56:01,902 [INFO] 1 change detected
2026-05-07 17:56:02,307 [INFO] 1 change detected
2026-05-07 17:56:02,713 [INFO] 1 change detected
2026-05-07 17:56:03,118 [INFO] 1 change detected
2026-05-07 17:56:03,530 [INFO] 1 change detected
2026-05-07 17:56:03,939 [INFO] 1 change detected
2026-05-07 17:56:04,298 [INFO] 1 change detected
2026-05-07 17:56:04,707 [INFO] 1 change detected
2026-05-07 17:56:05,119 [INFO] 1 change detected
2026-05-07 17:56:05,524 [INFO] 1 change detected
2026-05-07 17:56:05,928 [INFO] 1 change detected
2026-05-07 17:56:06,329 [INFO] 1 change detected
2026-05-07 17:56:06,738 [INFO] 1 change detected
2026-05-07 17:56:07,148 [INFO] 1 change detected
2026-05-07 17:56:07,509 [INFO] 1 change detected
2026-05-07 17:56:07,919 [INFO] 1 change detected
2026-05-07 17:56:08,324 [INFO] 1 change detected
2026-05-07 17:56:08,676 [INFO] 1 change detected
2026-05-07 17:56:09,090 [INFO] 1 change detected
2026-05-07 17:56:09,496 [INFO] 1 change detected
2026-05-07 17:56:09,898 [INFO] 1 change detected
2026-05-07 17:56:10,302 [INFO] 1 change detected
2026-05-07 17:56:10,664 [INFO] 1 change detected
2026-05-07 17:56:11,066 [INFO] 1 change detected
2026-05-07 17:56:11,469 [INFO] 1 change detected
2026-05-07 17:56:11,874 [INFO] 1 change detected
2026-05-07 17:56:12,285 [INFO] 1 change detected
2026-05-07 17:56:12,696 [INFO] 1 change detected
2026-05-07 17:56:13,056 [INFO] 1 change detected
2026-05-07 17:56:13,467 [INFO] 1 change detected
2026-05-07 17:56:13,877 [INFO] 1 change detected
2026-05-07 17:56:14,287 [INFO] 1 change detected
2026-05-07 17:56:14,695 [INFO] 1 change detected
2026-05-07 17:56:15,050 [INFO] 1 change detected
2026-05-07 17:56:15,455 [INFO] 1 change detected
2026-05-07 17:56:15,858 [INFO] 1 change detected
2026-05-07 17:56:16,270 [INFO] 1 change detected
2026-05-07 17:56:16,673 [INFO] 1 change detected
2026-05-07 17:56:17,024 [INFO] 1 change detected
2026-05-07 17:56:17,434 [INFO] 1 change detected
2026-05-07 17:56:17,842 [INFO] 1 change detected
2026-05-07 17:56:18,246 [INFO] 1 change detected
2026-05-07 17:56:18,664 [INFO] 1 change detected
2026-05-07 17:56:19,066 [INFO] 1 change detected
2026-05-07 17:56:19,469 [INFO] 1 change detected
2026-05-07 17:56:19,830 [INFO] 1 change detected
2026-05-07 17:56:20,236 [INFO] 1 change detected
2026-05-07 17:56:20,641 [INFO] 1 change detected
2026-05-07 17:56:21,048 [INFO] 1 change detected
2026-05-07 17:56:21,450 [INFO] 1 change detected
2026-05-07 17:56:21,852 [INFO] 1 change detected
2026-05-07 17:56:22,259 [INFO] 1 change detected
2026-05-07 17:56:22,662 [INFO] 1 change detected
2026-05-07 17:56:23,021 [INFO] 1 change detected
2026-05-07 17:56:23,430 [INFO] 1 change detected
2026-05-07 17:56:23,836 [INFO] 1 change detected
2026-05-07 17:56:24,246 [INFO] 1 change detected
2026-05-07 17:56:24,654 [INFO] 1 change detected
2026-05-07 17:56:25,011 [INFO] 1 change detected
2026-05-07 17:56:25,418 [INFO] 1 change detected
2026-05-07 17:56:25,824 [INFO] 1 change detected
2026-05-07 17:56:26,232 [INFO] 1 change detected
2026-05-07 17:56:26,596 [INFO] 1 change detected
2026-05-07 17:56:27,004 [INFO] 1 change detected
2026-05-07 17:56:27,406 [INFO] 1 change detected
2026-05-07 17:56:27,763 [INFO] 1 change detected
2026-05-07 17:56:28,173 [INFO] 1 change detected
2026-05-07 17:56:28,579 [INFO] 1 change detected
2026-05-07 17:56:28,985 [INFO] 1 change detected
2026-05-07 17:56:29,386 [INFO] 1 change detected
2026-05-07 17:56:29,788 [INFO] 1 change detected
2026-05-07 17:56:30,192 [INFO] 1 change detected
2026-05-07 17:56:30,545 [INFO] 1 change detected
2026-05-07 17:56:30,947 [INFO] 1 change detected
2026-05-07 17:56:31,352 [INFO] 1 change detected
2026-05-07 17:56:31,763 [INFO] 1 change detected
2026-05-07 17:56:32,170 [INFO] 1 change detected
2026-05-07 17:56:32,526 [INFO] 1 change detected
2026-05-07 17:56:32,928 [INFO] 1 change detected
2026-05-07 17:56:33,332 [INFO] 1 change detected
2026-05-07 17:56:33,746 [INFO] 1 change detected
2026-05-07 17:56:34,104 [INFO] 1 change detected
2026-05-07 17:56:34,514 [INFO] 1 change detected
2026-05-07 17:56:34,919 [INFO] 1 change detected
2026-05-07 17:56:35,324 [INFO] 1 change detected
2026-05-07 17:56:35,682 [INFO] 1 change detected
2026-05-07 17:56:36,090 [INFO] 1 change detected
2026-05-07 17:56:36,492 [INFO] 1 change detected
2026-05-07 17:56:36,897 [INFO] 1 change detected
2026-05-07 17:56:37,254 [INFO] 1 change detected
2026-05-07 17:56:37,658 [INFO] 1 change detected
2026-05-07 17:56:38,065 [INFO] 1 change detected
2026-05-07 17:56:38,469 [INFO] 1 change detected
2026-05-07 17:56:38,882 [INFO] 1 change detected
2026-05-07 17:56:39,286 [INFO] 1 change detected
2026-05-07 17:56:39,646 [INFO] 1 change detected
2026-05-07 17:56:40,053 [INFO] 1 change detected
2026-05-07 17:56:40,414 [INFO] 1 change detected
2026-05-07 17:56:40,819 [INFO] 1 change detected
2026-05-07 17:56:41,225 [INFO] 1 change detected
2026-05-07 17:56:41,586 [INFO] 1 change detected
2026-05-07 17:56:41,992 [INFO] 1 change detected
2026-05-07 17:56:42,348 [INFO] 1 change detected
2026-05-07 17:56:42,753 [INFO] 1 change detected
2026-05-07 17:56:43,159 [INFO] 1 change detected
2026-05-07 17:56:43,563 [INFO] 1 change detected
2026-05-07 17:56:43,969 [INFO] 1 change detected
2026-05-07 17:56:44,330 [INFO] 1 change detected
2026-05-07 17:56:44,731 [INFO] 1 change detected
2026-05-07 17:56:45,135 [INFO] 1 change detected
2026-05-07 17:56:45,542 [INFO] 1 change detected
2026-05-07 17:56:45,946 [INFO] 1 change detected
2026-05-07 17:56:46,303 [INFO] 1 change detected
2026-05-07 17:56:46,714 [INFO] 1 change detected
2026-05-07 17:56:47,118 [INFO] 1 change detected
2026-05-07 17:56:47,528 [INFO] 1 change detected
2026-05-07 17:56:47,936 [INFO] 1 change detected
2026-05-07 17:56:48,341 [INFO] 1 change detected
2026-05-07 17:56:48,702 [INFO] 1 change detected
2026-05-07 17:56:49,107 [INFO] 1 change detected
2026-05-07 17:56:49,508 [INFO] 1 change detected
2026-05-07 17:56:49,917 [INFO] 1 change detected
2026-05-07 17:56:50,325 [INFO] 1 change detected
2026-05-07 17:56:50,734 [INFO] 1 change detected
2026-05-07 17:56:51,087 [INFO] 1 change detected
2026-05-07 17:56:51,489 [INFO] 1 change detected
2026-05-07 17:56:51,897 [INFO] 1 change detected
2026-05-07 17:56:52,307 [INFO] 1 change detected
2026-05-07 17:56:52,668 [INFO] 1 change detected
2026-05-07 17:56:53,086 [INFO] 1 change detected
2026-05-07 17:56:53,489 [INFO] 1 change detected
2026-05-07 17:56:53,894 [INFO] 1 change detected
2026-05-07 17:56:54,297 [INFO] 1 change detected
2026-05-07 17:56:54,655 [INFO] 1 change detected
2026-05-07 17:56:55,063 [INFO] 1 change detected
2026-05-07 17:56:55,479 [INFO] 1 change detected
2026-05-07 17:56:55,835 [INFO] 1 change detected
2026-05-07 17:56:56,241 [INFO] 1 change detected
2026-05-07 17:56:56,649 [INFO] 1 change detected
2026-05-07 17:56:57,058 [INFO] 1 change detected
2026-05-07 17:56:57,464 [INFO] 1 change detected
2026-05-07 17:56:57,880 [INFO] 1 change detected
2026-05-07 17:56:58,290 [INFO] 1 change detected
2026-05-07 17:56:58,656 [INFO] 1 change detected
2026-05-07 17:56:59,076 [INFO] 1 change detected
2026-05-07 17:56:59,482 [INFO] 1 change detected
2026-05-07 17:56:59,890 [INFO] 1 change detected
2026-05-07 17:57:00,302 [INFO] 1 change detected
2026-05-07 17:57:00,664 [INFO] 1 change detected
2026-05-07 17:57:01,067 [INFO] 1 change detected
2026-05-07 17:57:01,469 [INFO] 1 change detected
2026-05-07 17:57:01,876 [INFO] 1 change detected
2026-05-07 17:57:02,287 [INFO] 1 change detected
2026-05-07 17:57:02,689 [INFO] 1 change detected
2026-05-07 17:57:03,094 [INFO] 1 change detected
2026-05-07 17:57:03,504 [INFO] 1 change detected
2026-05-07 17:57:03,914 [INFO] 1 change detected
2026-05-07 17:57:04,319 [INFO] 1 change detected
2026-05-07 17:57:04,681 [INFO] 1 change detected
2026-05-07 17:57:05,090 [INFO] 1 change detected
2026-05-07 17:57:05,508 [INFO] 1 change detected
2026-05-07 17:57:05,919 [INFO] 1 change detected
2026-05-07 17:57:06,281 [INFO] 1 change detected
2026-05-07 17:57:06,736 [INFO] 1 change detected
2026-05-07 17:57:07,093 [INFO] 1 change detected
2026-05-07 17:57:07,501 [INFO] 1 change detected
2026-05-07 17:57:07,906 [INFO] 1 change detected
2026-05-07 17:57:08,264 [INFO] 1 change detected
2026-05-07 17:57:08,672 [INFO] 1 change detected
2026-05-07 17:57:09,076 [INFO] 1 change detected
2026-05-07 17:57:09,480 [INFO] 1 change detected
2026-05-07 17:57:09,841 [INFO] 1 change detected
2026-05-07 17:57:10,252 [INFO] 1 change detected
2026-05-07 17:57:10,655 [INFO] 1 change detected
2026-05-07 17:57:11,016 [INFO] 1 change detected
2026-05-07 17:57:11,426 [INFO] 1 change detected
2026-05-07 17:57:11,842 [INFO] 1 change detected
2026-05-07 17:57:12,201 [INFO] 1 change detected
2026-05-07 17:57:12,602 [INFO] 1 change detected
2026-05-07 17:57:13,006 [INFO] 1 change detected
2026-05-07 17:57:13,411 [INFO] 6 changes detected
2026-05-07 17:57:13,813 [INFO] 1 change detected
2026-05-07 17:57:14,223 [INFO] 1 change detected
2026-05-07 17:57:14,574 [INFO] 1 change detected
2026-05-07 17:57:15,029 [INFO] 1 change detected
2026-05-07 17:57:15,385 [INFO] 1 change detected
2026-05-07 17:57:15,787 [INFO] 1 change detected
2026-05-07 17:57:16,192 [INFO] 1 change detected
2026-05-07 17:57:16,603 [INFO] 1 change detected
2026-05-07 17:57:17,010 [INFO] 1 change detected
2026-05-07 17:57:17,370 [INFO] 1 change detected
2026-05-07 17:57:17,772 [INFO] 1 change detected
2026-05-07 17:57:18,177 [INFO] 1 change detected
2026-05-07 17:57:18,585 [INFO] 1 change detected
2026-05-07 17:57:18,990 [INFO] 1 change detected
2026-05-07 17:57:19,396 [INFO] 1 change detected
2026-05-07 17:57:19,806 [INFO] 1 change detected
2026-05-07 17:57:20,166 [INFO] 1 change detected
2026-05-07 17:57:20,576 [INFO] 1 change detected
2026-05-07 17:57:20,988 [INFO] 1 change detected
2026-05-07 17:57:21,396 [INFO] 1 change detected
2026-05-07 17:57:21,756 [INFO] 1 change detected
2026-05-07 17:57:22,158 [INFO] 1 change detected
2026-05-07 17:57:22,562 [INFO] 1 change detected
2026-05-07 17:57:22,966 [INFO] 1 change detected
2026-05-07 17:57:23,321 [INFO] 1 change detected
2026-05-07 17:57:23,726 [INFO] 1 change detected
2026-05-07 17:57:24,136 [INFO] 1 change detected
2026-05-07 17:57:24,537 [INFO] 1 change detected
2026-05-07 17:57:24,946 [INFO] 1 change detected
2026-05-07 17:57:25,305 [INFO] 1 change detected
2026-05-07 17:57:25,716 [INFO] 1 change detected
2026-05-07 17:57:26,127 [INFO] 1 change detected
2026-05-07 17:57:26,538 [INFO] 1 change detected
2026-05-07 17:57:26,895 [INFO] 1 change detected
2026-05-07 17:57:27,304 [INFO] 1 change detected
2026-05-07 17:57:27,715 [INFO] 1 change detected
2026-05-07 17:57:28,077 [INFO] 1 change detected
2026-05-07 17:57:28,484 [INFO] 1 change detected
2026-05-07 17:57:28,893 [INFO] 1 change detected
2026-05-07 17:57:29,297 [INFO] 1 change detected
2026-05-07 17:57:29,699 [INFO] 1 change detected
2026-05-07 17:57:30,056 [INFO] 1 change detected
2026-05-07 17:57:30,467 [INFO] 1 change detected
2026-05-07 17:57:30,876 [INFO] 1 change detected
2026-05-07 17:57:31,281 [INFO] 1 change detected
2026-05-07 17:57:31,688 [INFO] 1 change detected
2026-05-07 17:57:32,046 [INFO] 1 change detected
2026-05-07 17:57:32,450 [INFO] 1 change detected
2026-05-07 17:57:32,857 [INFO] 1 change detected
2026-05-07 17:57:33,268 [INFO] 1 change detected
2026-05-07 17:57:33,676 [INFO] 1 change detected
2026-05-07 17:57:34,036 [INFO] 1 change detected
2026-05-07 17:57:34,439 [INFO] 1 change detected
2026-05-07 17:57:34,840 [INFO] 1 change detected
2026-05-07 17:57:35,247 [INFO] 1 change detected
2026-05-07 17:57:35,651 [INFO] 1 change detected
2026-05-07 17:57:36,008 [INFO] 1 change detected
2026-05-07 17:57:36,361 [INFO] 1 change detected
2026-05-07 17:57:36,712 [INFO] 1 change detected
2026-05-07 17:57:37,066 [INFO] 1 change detected
2026-05-07 17:57:37,417 [INFO] 1 change detected
2026-05-07 17:57:37,773 [INFO] 1 change detected
2026-05-07 17:57:38,126 [INFO] 1 change detected
2026-05-07 17:57:38,486 [INFO] 1 change detected
2026-05-07 17:57:38,896 [INFO] 1 change detected
2026-05-07 17:57:39,306 [INFO] 1 change detected
2026-05-07 17:57:39,709 [INFO] 1 change detected
2026-05-07 17:57:40,118 [INFO] 1 change detected
2026-05-07 17:57:40,476 [INFO] 1 change detected
2026-05-07 17:57:40,887 [INFO] 1 change detected
2026-05-07 17:57:41,296 [INFO] 1 change detected
2026-05-07 17:57:41,655 [INFO] 1 change detected
2026-05-07 17:57:42,066 [INFO] 1 change detected
2026-05-07 17:57:42,472 [INFO] 1 change detected
2026-05-07 17:57:42,876 [INFO] 1 change detected
2026-05-07 17:57:43,236 [INFO] 1 change detected
2026-05-07 17:57:43,647 [INFO] 1 change detected
2026-05-07 17:57:44,056 [INFO] 1 change detected
2026-05-07 17:57:44,466 [INFO] 1 change detected
2026-05-07 17:57:44,827 [INFO] 1 change detected
2026-05-07 17:57:45,236 [INFO] 1 change detected
2026-05-07 17:57:45,647 [INFO] 1 change detected
2026-05-07 17:57:46,051 [INFO] 1 change detected
2026-05-07 17:57:46,412 [INFO] 1 change detected
2026-05-07 17:57:46,814 [INFO] 1 change detected
2026-05-07 17:57:47,226 [INFO] 1 change detected
2026-05-07 17:57:47,631 [INFO] 1 change detected
2026-05-07 17:57:47,986 [INFO] 1 change detected
2026-05-07 17:57:48,396 [INFO] 1 change detected
2026-05-07 17:57:48,808 [INFO] 1 change detected
2026-05-07 17:57:49,210 [INFO] 1 change detected
2026-05-07 17:57:49,567 [INFO] 1 change detected
2026-05-07 17:57:49,986 [INFO] 1 change detected
2026-05-07 17:57:50,396 [INFO] 1 change detected
2026-05-07 17:57:50,755 [INFO] 1 change detected
2026-05-07 17:57:51,168 [INFO] 1 change detected
2026-05-07 17:57:51,579 [INFO] 1 change detected
2026-05-07 17:57:51,986 [INFO] 1 change detected
2026-05-07 17:57:52,346 [INFO] 1 change detected
2026-05-07 17:57:52,756 [INFO] 1 change detected
2026-05-07 17:57:53,166 [INFO] 1 change detected
2026-05-07 17:57:53,576 [INFO] 1 change detected
2026-05-07 17:57:53,987 [INFO] 1 change detected
2026-05-07 17:57:54,347 [INFO] 1 change detected
2026-05-07 17:57:54,756 [INFO] 1 change detected
2026-05-07 17:57:55,159 [INFO] 1 change detected
2026-05-07 17:57:55,566 [INFO] 1 change detected
2026-05-07 17:57:55,971 [INFO] 1 change detected
2026-05-07 17:57:56,331 [INFO] 1 change detected
2026-05-07 17:57:56,742 [INFO] 1 change detected
2026-05-07 17:57:57,146 [INFO] 1 change detected
2026-05-07 17:57:57,558 [INFO] 1 change detected
2026-05-07 17:57:57,920 [INFO] 1 change detected
2026-05-07 17:57:58,329 [INFO] 1 change detected
2026-05-07 17:57:58,732 [INFO] 1 change detected
2026-05-07 17:57:59,143 [INFO] 1 change detected
2026-05-07 17:57:59,503 [INFO] 1 change detected
2026-05-07 17:57:59,914 [INFO] 1 change detected
2026-05-07 17:58:00,317 [INFO] 1 change detected
2026-05-07 17:58:00,725 [INFO] 1 change detected
2026-05-07 17:58:01,130 [INFO] 1 change detected
2026-05-07 17:58:01,490 [INFO] 1 change detected
2026-05-07 17:58:01,898 [INFO] 1 change detected
2026-05-07 17:58:02,309 [INFO] 1 change detected
2026-05-07 17:58:02,715 [INFO] 1 change detected
2026-05-07 17:58:03,074 [INFO] 1 change detected
2026-05-07 17:58:03,477 [INFO] 1 change detected
2026-05-07 17:58:03,887 [INFO] 1 change detected
2026-05-07 17:58:04,296 [INFO] 1 change detected
2026-05-07 17:58:04,707 [INFO] 1 change detected
2026-05-07 17:58:05,116 [INFO] 1 change detected
2026-05-07 17:58:05,476 [INFO] 1 change detected
2026-05-07 17:58:05,883 [INFO] 1 change detected
2026-05-07 17:58:06,287 [INFO] 1 change detected
2026-05-07 17:58:06,644 [INFO] 1 change detected
2026-05-07 17:58:07,050 [INFO] 1 change detected
2026-05-07 17:58:07,464 [INFO] 1 change detected
2026-05-07 17:58:07,869 [INFO] 1 change detected
2026-05-07 17:58:08,276 [INFO] 1 change detected
2026-05-07 17:58:08,684 [INFO] 1 change detected
2026-05-07 17:58:09,041 [INFO] 1 change detected
2026-05-07 17:58:09,496 [INFO] 1 change detected
2026-05-07 17:58:09,852 [INFO] 1 change detected
2026-05-07 17:58:10,256 [INFO] 1 change detected
2026-05-07 17:58:10,672 [INFO] 1 change detected
2026-05-07 17:58:11,026 [INFO] 1 change detected
2026-05-07 17:58:11,438 [INFO] 1 change detected
2026-05-07 17:58:11,844 [INFO] 1 change detected
2026-05-07 17:58:12,252 [INFO] 1 change detected
2026-05-07 17:58:12,614 [INFO] 1 change detected
2026-05-07 17:58:13,025 [INFO] 1 change detected
2026-05-07 17:58:13,437 [INFO] 1 change detected
2026-05-07 17:58:13,841 [INFO] 1 change detected
2026-05-07 17:58:14,256 [INFO] 1 change detected
2026-05-07 17:58:14,660 [INFO] 1 change detected
2026-05-07 17:58:15,063 [INFO] 1 change detected
2026-05-07 17:58:15,469 [INFO] 1 change detected
2026-05-07 17:58:15,877 [INFO] 1 change detected
2026-05-07 17:58:16,243 [INFO] 1 change detected
2026-05-07 17:58:16,647 [INFO] 1 change detected
2026-05-07 17:58:17,051 [INFO] 1 change detected
2026-05-07 17:58:17,456 [INFO] 1 change detected
2026-05-07 17:58:17,816 [INFO] 1 change detected
2026-05-07 17:58:18,226 [INFO] 1 change detected
2026-05-07 17:58:18,629 [INFO] 1 change detected
2026-05-07 17:58:19,036 [INFO] 1 change detected
2026-05-07 17:58:19,452 [INFO] 1 change detected
2026-05-07 17:58:19,814 [INFO] 1 change detected
2026-05-07 17:58:20,231 [INFO] 1 change detected
2026-05-07 17:58:20,634 [INFO] 1 change detected
2026-05-07 17:58:21,047 [INFO] 1 change detected
2026-05-07 17:58:21,403 [INFO] 1 change detected
2026-05-07 17:58:21,817 [INFO] 1 change detected
2026-05-07 17:58:22,223 [INFO] 1 change detected
2026-05-07 17:58:22,631 [INFO] 1 change detected
2026-05-07 17:58:22,990 [INFO] 1 change detected
2026-05-07 17:58:23,392 [INFO] 1 change detected
2026-05-07 17:58:23,798 [INFO] 1 change detected
2026-05-07 17:58:24,158 [INFO] 1 change detected
2026-05-07 17:58:24,564 [INFO] 1 change detected
2026-05-07 17:58:24,977 [INFO] 1 change detected
2026-05-07 17:58:25,379 [INFO] 1 change detected
2026-05-07 17:58:25,794 [INFO] 1 change detected
2026-05-07 17:58:26,200 [INFO] 1 change detected
2026-05-07 17:58:26,606 [INFO] 1 change detected
2026-05-07 17:58:27,012 [INFO] 1 change detected
2026-05-07 17:58:27,418 [INFO] 1 change detected
2026-05-07 17:58:27,830 [INFO] 1 change detected
2026-05-07 17:58:28,234 [INFO] 1 change detected
2026-05-07 17:58:28,651 [INFO] 1 change detected
2026-05-07 17:58:29,011 [INFO] 1 change detected
2026-05-07 17:58:29,421 [INFO] 1 change detected
2026-05-07 17:58:29,836 [INFO] 1 change detected
2026-05-07 17:58:30,242 [INFO] 1 change detected
2026-05-07 17:58:30,652 [INFO] 1 change detected
2026-05-07 17:58:31,068 [INFO] 1 change detected
2026-05-07 17:58:31,429 [INFO] 1 change detected
2026-05-07 17:58:31,831 [INFO] 1 change detected
2026-05-07 17:58:32,240 [INFO] 1 change detected
2026-05-07 17:58:32,653 [INFO] 1 change detected
2026-05-07 17:58:33,066 [INFO] 1 change detected
2026-05-07 17:58:33,468 [INFO] 1 change detected
2026-05-07 17:58:33,874 [INFO] 1 change detected
2026-05-07 17:58:34,233 [INFO] 1 change detected
2026-05-07 17:58:34,635 [INFO] 1 change detected
2026-05-07 17:58:35,038 [INFO] 1 change detected
2026-05-07 17:58:35,452 [INFO] 1 change detected
2026-05-07 17:58:35,857 [INFO] 1 change detected
2026-05-07 17:58:36,216 [INFO] 1 change detected
2026-05-07 17:58:36,628 [INFO] 1 change detected
2026-05-07 17:58:37,040 [INFO] 1 change detected
2026-05-07 17:58:37,444 [INFO] 1 change detected
2026-05-07 17:58:37,855 [INFO] 1 change detected
2026-05-07 17:58:38,263 [INFO] 1 change detected
2026-05-07 17:58:38,625 [INFO] 1 change detected
2026-05-07 17:58:39,041 [INFO] 1 change detected
2026-05-07 17:58:39,443 [INFO] 1 change detected
2026-05-07 17:58:39,860 [INFO] 1 change detected
2026-05-07 17:58:40,269 [INFO] 1 change detected
2026-05-07 17:58:40,634 [INFO] 1 change detected
2026-05-07 17:58:41,042 [INFO] 1 change detected
2026-05-07 17:58:41,451 [INFO] 1 change detected
2026-05-07 17:58:41,865 [INFO] 1 change detected
2026-05-07 17:58:42,231 [INFO] 1 change detected
2026-05-07 17:58:42,633 [INFO] 1 change detected
2026-05-07 17:58:43,047 [INFO] 1 change detected
2026-05-07 17:58:43,456 [INFO] 1 change detected
2026-05-07 17:58:43,819 [INFO] 1 change detected
2026-05-07 17:58:44,225 [INFO] 1 change detected
2026-05-07 17:58:44,631 [INFO] 1 change detected
2026-05-07 17:58:45,037 [INFO] 1 change detected
2026-05-07 17:58:45,392 [INFO] 1 change detected
2026-05-07 17:58:45,795 [INFO] 1 change detected
2026-05-07 17:58:46,202 [INFO] 1 change detected
2026-05-07 17:58:46,609 [INFO] 1 change detected
2026-05-07 17:58:46,976 [INFO] 1 change detected
2026-05-07 17:58:47,386 [INFO] 1 change detected
2026-05-07 17:58:47,792 [INFO] 1 change detected
2026-05-07 17:58:48,146 [INFO] 1 change detected
2026-05-07 17:58:48,551 [INFO] 1 change detected
2026-05-07 17:58:48,955 [INFO] 1 change detected
2026-05-07 17:58:49,365 [INFO] 1 change detected
2026-05-07 17:58:49,776 [INFO] 1 change detected
2026-05-07 17:58:50,131 [INFO] 1 change detected
2026-05-07 17:58:50,547 [INFO] 1 change detected
2026-05-07 17:58:50,959 [INFO] 1 change detected
2026-05-07 17:58:51,363 [INFO] 1 change detected
2026-05-07 17:58:51,768 [INFO] 1 change detected
2026-05-07 17:58:52,174 [INFO] 1 change detected
2026-05-07 17:58:52,536 [INFO] 1 change detected
2026-05-07 17:58:52,948 [INFO] 1 change detected
2026-05-07 17:58:53,364 [INFO] 1 change detected
2026-05-07 17:58:53,720 [INFO] 1 change detected
2026-05-07 17:58:54,129 [INFO] 1 change detected
2026-05-07 17:58:54,531 [INFO] 1 change detected
2026-05-07 17:58:54,936 [INFO] 1 change detected
2026-05-07 17:58:55,297 [INFO] 1 change detected
2026-05-07 17:58:55,708 [INFO] 1 change detected
2026-05-07 17:58:56,114 [INFO] 1 change detected
2026-05-07 17:58:56,526 [INFO] 1 change detected
2026-05-07 17:58:56,932 [INFO] 1 change detected
2026-05-07 17:58:57,336 [INFO] 1 change detected
2026-05-07 17:58:57,742 [INFO] 1 change detected
2026-05-07 17:58:58,096 [INFO] 1 change detected
2026-05-07 17:58:58,503 [INFO] 1 change detected
2026-05-07 17:58:58,909 [INFO] 1 change detected
2026-05-07 17:58:59,314 [INFO] 1 change detected
2026-05-07 17:58:59,680 [INFO] 1 change detected
2026-05-07 17:59:00,093 [INFO] 1 change detected
2026-05-07 17:59:00,504 [INFO] 1 change detected
2026-05-07 17:59:00,869 [INFO] 1 change detected
2026-05-07 17:59:01,281 [INFO] 1 change detected
2026-05-07 17:59:01,696 [INFO] 1 change detected
2026-05-07 17:59:02,104 [INFO] 1 change detected
2026-05-07 17:59:02,461 [INFO] 1 change detected
2026-05-07 17:59:02,868 [INFO] 1 change detected
2026-05-07 17:59:03,272 [INFO] 1 change detected
2026-05-07 17:59:03,727 [INFO] 1 change detected
2026-05-07 17:59:04,137 [INFO] 1 change detected
2026-05-07 17:59:04,496 [INFO] 1 change detected
2026-05-07 17:59:04,950 [INFO] 1 change detected
2026-05-07 17:59:05,311 [INFO] 1 change detected
2026-05-07 17:59:05,727 [INFO] 1 change detected
2026-05-07 17:59:06,130 [INFO] 1 change detected
2026-05-07 17:59:06,535 [INFO] 1 change detected
2026-05-07 17:59:06,937 [INFO] 1 change detected
2026-05-07 17:59:07,295 [INFO] 1 change detected
2026-05-07 17:59:07,696 [INFO] 1 change detected
2026-05-07 17:59:08,114 [INFO] 1 change detected
2026-05-07 17:59:08,517 [INFO] 1 change detected
2026-05-07 17:59:08,923 [INFO] 1 change detected
2026-05-07 17:59:09,325 [INFO] 1 change detected
2026-05-07 17:59:09,733 [INFO] 1 change detected
2026-05-07 17:59:10,096 [INFO] 1 change detected
2026-05-07 17:59:10,507 [INFO] 1 change detected
2026-05-07 17:59:10,911 [INFO] 1 change detected
2026-05-07 17:59:11,265 [INFO] 1 change detected
2026-05-07 17:59:11,675 [INFO] 1 change detected
2026-05-07 17:59:12,077 [INFO] 1 change detected
2026-05-07 17:59:12,480 [INFO] 1 change detected
2026-05-07 17:59:12,847 [INFO] 1 change detected
2026-05-07 17:59:13,253 [INFO] 1 change detected
2026-05-07 17:59:13,662 [INFO] 1 change detected
2026-05-07 17:59:14,079 [INFO] 1 change detected
2026-05-07 17:59:14,485 [INFO] 1 change detected
2026-05-07 17:59:14,895 [INFO] 1 change detected
2026-05-07 17:59:15,297 [INFO] 1 change detected
2026-05-07 17:59:15,701 [INFO] 1 change detected
2026-05-07 17:59:16,114 [INFO] 1 change detected
2026-05-07 17:59:16,475 [INFO] 1 change detected
2026-05-07 17:59:16,884 [INFO] 1 change detected
2026-05-07 17:59:17,287 [INFO] 1 change detected
2026-05-07 17:59:17,703 [INFO] 1 change detected
2026-05-07 17:59:18,066 [INFO] 1 change detected
2026-05-07 17:59:18,476 [INFO] 1 change detected
2026-05-07 17:59:18,890 [INFO] 1 change detected
2026-05-07 17:59:19,303 [INFO] 1 change detected
2026-05-07 17:59:19,712 [INFO] 1 change detected
2026-05-07 17:59:20,069 [INFO] 1 change detected
2026-05-07 17:59:20,474 [INFO] 1 change detected
2026-05-07 17:59:20,875 [INFO] 1 change detected
2026-05-07 17:59:21,285 [INFO] 1 change detected
2026-05-07 17:59:21,687 [INFO] 1 change detected
2026-05-07 17:59:22,094 [INFO] 1 change detected
2026-05-07 17:59:22,453 [INFO] 1 change detected
2026-05-07 17:59:22,858 [INFO] 1 change detected
2026-05-07 17:59:23,416 [INFO] 1 change detected
2026-05-07 17:59:23,774 [INFO] 1 change detected
2026-05-07 17:59:24,187 [INFO] 1 change detected
2026-05-07 17:59:24,545 [INFO] 1 change detected
2026-05-07 17:59:24,956 [INFO] 1 change detected
2026-05-07 17:59:25,366 [INFO] 1 change detected
2026-05-07 17:59:25,775 [INFO] 1 change detected
2026-05-07 17:59:26,183 [INFO] 1 change detected
2026-05-07 17:59:26,584 [INFO] 1 change detected
2026-05-07 17:59:26,987 [INFO] 1 change detected
2026-05-07 17:59:27,395 [INFO] 1 change detected
2026-05-07 17:59:27,801 [INFO] 1 change detected
2026-05-07 17:59:28,211 [INFO] 1 change detected
2026-05-07 17:59:28,613 [INFO] 1 change detected
2026-05-07 17:59:29,019 [INFO] 1 change detected
2026-05-07 17:59:29,434 [INFO] 1 change detected
2026-05-07 17:59:29,792 [INFO] 1 change detected
2026-05-07 17:59:30,195 [INFO] 1 change detected
2026-05-07 17:59:30,609 [INFO] 1 change detected
2026-05-07 17:59:31,013 [INFO] 1 change detected
2026-05-07 17:59:31,426 [INFO] 1 change detected
2026-05-07 17:59:31,834 [INFO] 1 change detected
2026-05-07 17:59:32,198 [INFO] 1 change detected
2026-05-07 17:59:32,605 [INFO] 1 change detected
2026-05-07 17:59:33,008 [INFO] 1 change detected
2026-05-07 17:59:33,422 [INFO] 1 change detected
2026-05-07 17:59:33,827 [INFO] 1 change detected
2026-05-07 17:59:34,234 [INFO] 1 change detected
2026-05-07 17:59:34,601 [INFO] 1 change detected
2026-05-07 17:59:35,007 [INFO] 1 change detected
2026-05-07 17:59:35,422 [INFO] 1 change detected
2026-05-07 17:59:35,782 [INFO] 1 change detected
2026-05-07 17:59:36,187 [INFO] 1 change detected
2026-05-07 17:59:36,602 [INFO] 1 change detected
2026-05-07 17:59:37,017 [INFO] 1 change detected
2026-05-07 17:59:37,382 [INFO] 1 change detected
2026-05-07 17:59:37,798 [INFO] 1 change detected
2026-05-07 17:59:38,203 [INFO] 1 change detected
2026-05-07 17:59:38,607 [INFO] 1 change detected
2026-05-07 17:59:38,971 [INFO] 1 change detected
2026-05-07 17:59:39,376 [INFO] 1 change detected
2026-05-07 17:59:39,781 [INFO] 1 change detected
2026-05-07 17:59:40,197 [INFO] 1 change detected
2026-05-07 17:59:40,602 [INFO] 1 change detected
2026-05-07 17:59:41,005 [INFO] 1 change detected
2026-05-07 17:59:41,413 [INFO] 1 change detected
2026-05-07 17:59:41,774 [INFO] 1 change detected
2026-05-07 17:59:42,187 [INFO] 1 change detected
2026-05-07 17:59:42,597 [INFO] 1 change detected
2026-05-07 17:59:42,964 [INFO] 1 change detected
2026-05-07 17:59:43,376 [INFO] 1 change detected
2026-05-07 17:59:43,791 [INFO] 1 change detected
2026-05-07 17:59:44,197 [INFO] 1 change detected
2026-05-07 17:59:44,600 [INFO] 1 change detected
2026-05-07 17:59:45,008 [INFO] 1 change detected
2026-05-07 17:59:45,412 [INFO] 1 change detected
2026-05-07 17:59:45,819 [INFO] 1 change detected
2026-05-07 17:59:46,233 [INFO] 1 change detected
2026-05-07 17:59:46,595 [INFO] 1 change detected
2026-05-07 17:59:47,011 [INFO] 1 change detected
2026-05-07 17:59:47,423 [INFO] 1 change detected
2026-05-07 17:59:47,826 [INFO] 1 change detected
2026-05-07 17:59:48,185 [INFO] 1 change detected
2026-05-07 17:59:48,592 [INFO] 1 change detected
2026-05-07 17:59:49,006 [INFO] 1 change detected
2026-05-07 17:59:49,408 [INFO] 1 change detected
2026-05-07 17:59:49,815 [INFO] 1 change detected
2026-05-07 17:59:50,228 [INFO] 1 change detected
2026-05-07 17:59:50,581 [INFO] 1 change detected
2026-05-07 17:59:50,992 [INFO] 1 change detected
2026-05-07 17:59:51,397 [INFO] 1 change detected
2026-05-07 17:59:51,804 [INFO] 1 change detected
2026-05-07 17:59:52,158 [INFO] 1 change detected
2026-05-07 17:59:52,561 [INFO] 1 change detected
2026-05-07 17:59:52,971 [INFO] 1 change detected
2026-05-07 17:59:53,383 [INFO] 1 change detected
2026-05-07 17:59:53,786 [INFO] 1 change detected
2026-05-07 17:59:54,192 [INFO] 1 change detected
2026-05-07 17:59:54,554 [INFO] 1 change detected
2026-05-07 17:59:54,964 [INFO] 1 change detected
2026-05-07 17:59:55,376 [INFO] 1 change detected
2026-05-07 17:59:55,781 [INFO] 1 change detected
2026-05-07 17:59:56,141 [INFO] 1 change detected
2026-05-07 17:59:56,546 [INFO] 1 change detected
2026-05-07 17:59:57,004 [INFO] 1 change detected
2026-05-07 17:59:57,358 [INFO] 1 change detected
2026-05-07 17:59:57,765 [INFO] 1 change detected
2026-05-07 17:59:58,175 [INFO] 1 change detected
2026-05-07 17:59:58,581 [INFO] 1 change detected
2026-05-07 17:59:58,986 [INFO] 1 change detected
2026-05-07 17:59:59,342 [INFO] 1 change detected
2026-05-07 17:59:59,753 [INFO] 1 change detected
2026-05-07 18:00:00,170 [INFO] 1 change detected
2026-05-07 18:00:00,571 [INFO] 1 change detected
2026-05-07 18:00:00,976 [INFO] 1 change detected
2026-05-07 18:00:01,381 [INFO] 1 change detected
2026-05-07 18:00:01,793 [INFO] 1 change detected
2026-05-07 18:00:02,146 [INFO] 1 change detected
2026-05-07 18:00:02,552 [INFO] 1 change detected
2026-05-07 18:00:02,957 [INFO] 1 change detected
2026-05-07 18:00:03,371 [INFO] 1 change detected
2026-05-07 18:00:03,722 [INFO] 1 change detected
2026-05-07 18:00:04,137 [INFO] 1 change detected
2026-05-07 18:00:04,542 [INFO] 1 change detected
2026-05-07 18:00:04,953 [INFO] 1 change detected
2026-05-07 18:00:05,359 [INFO] 1 change detected
2026-05-07 18:00:05,719 [INFO] 1 change detected
2026-05-07 18:00:06,130 [INFO] 1 change detected
2026-05-07 18:00:06,542 [INFO] 1 change detected
2026-05-07 18:00:06,952 [INFO] 1 change detected
2026-05-07 18:00:07,358 [INFO] 1 change detected
2026-05-07 18:00:07,714 [INFO] 1 change detected
2026-05-07 18:00:08,120 [INFO] 1 change detected
2026-05-07 18:00:08,525 [INFO] 1 change detected
2026-05-07 18:00:08,942 [INFO] 1 change detected
2026-05-07 18:00:09,295 [INFO] 1 change detected
2026-05-07 18:00:09,709 [INFO] 1 change detected
2026-05-07 18:00:10,112 [INFO] 1 change detected
2026-05-07 18:00:10,520 [INFO] 1 change detected
2026-05-07 18:00:10,932 [INFO] 1 change detected
2026-05-07 18:00:11,296 [INFO] 1 change detected
2026-05-07 18:00:11,704 [INFO] 1 change detected
2026-05-07 18:00:12,114 [INFO] 1 change detected
2026-05-07 18:00:12,516 [INFO] 1 change detected
2026-05-07 18:00:12,926 [INFO] 1 change detected
2026-05-07 18:00:13,333 [INFO] 1 change detected
2026-05-07 18:00:13,742 [INFO] 1 change detected
2026-05-07 18:00:14,146 [INFO] 1 change detected
2026-05-07 18:00:14,507 [INFO] 1 change detected
2026-05-07 18:00:14,915 [INFO] 1 change detected
2026-05-07 18:00:15,316 [INFO] 1 change detected
2026-05-07 18:00:15,731 [INFO] 1 change detected
2026-05-07 18:00:16,135 [INFO] 1 change detected
2026-05-07 18:00:16,496 [INFO] 1 change detected
2026-05-07 18:00:16,914 [INFO] 1 change detected
2026-05-07 18:00:17,326 [INFO] 1 change detected
2026-05-07 18:00:17,736 [INFO] 1 change detected
2026-05-07 18:00:18,096 [INFO] 1 change detected
2026-05-07 18:00:18,505 [INFO] 1 change detected
2026-05-07 18:00:18,915 [INFO] 1 change detected
2026-05-07 18:00:19,319 [INFO] 1 change detected
2026-05-07 18:00:19,675 [INFO] 1 change detected
2026-05-07 18:00:20,092 [INFO] 1 change detected
2026-05-07 18:00:20,499 [INFO] 1 change detected
2026-05-07 18:00:20,858 [INFO] 1 change detected
2026-05-07 18:00:21,260 [INFO] 1 change detected
2026-05-07 18:00:21,664 [INFO] 1 change detected
2026-05-07 18:00:22,074 [INFO] 1 change detected
2026-05-07 18:00:22,434 [INFO] 1 change detected
2026-05-07 18:00:22,843 [INFO] 1 change detected
2026-05-07 18:00:23,246 [INFO] 1 change detected
2026-05-07 18:00:23,656 [INFO] 1 change detected
2026-05-07 18:00:24,065 [INFO] 1 change detected
2026-05-07 18:00:24,471 [INFO] 1 change detected
2026-05-07 18:00:24,831 [INFO] 1 change detected
2026-05-07 18:00:25,244 [INFO] 1 change detected
2026-05-07 18:00:25,656 [INFO] 1 change detected
2026-05-07 18:00:26,022 [INFO] 1 change detected
2026-05-07 18:00:26,427 [INFO] 1 change detected
2026-05-07 18:00:26,837 [INFO] 1 change detected
2026-05-07 18:00:27,254 [INFO] 1 change detected
2026-05-07 18:00:27,606 [INFO] 1 change detected
2026-05-07 18:00:28,009 [INFO] 1 change detected
2026-05-07 18:00:28,425 [INFO] 1 change detected
2026-05-07 18:00:28,826 [INFO] 1 change detected
2026-05-07 18:00:29,183 [INFO] 1 change detected
2026-05-07 18:00:29,584 [INFO] 1 change detected
2026-05-07 18:00:29,992 [INFO] 1 change detected
2026-05-07 18:00:30,401 [INFO] 1 change detected
2026-05-07 18:00:30,806 [INFO] 1 change detected
2026-05-07 18:00:31,209 [INFO] 1 change detected
2026-05-07 18:00:31,625 [INFO] 1 change detected
2026-05-07 18:00:31,983 [INFO] 1 change detected
2026-05-07 18:00:32,396 [INFO] 1 change detected
2026-05-07 18:00:32,804 [INFO] 1 change detected
2026-05-07 18:00:33,209 [INFO] 1 change detected
2026-05-07 18:00:33,623 [INFO] 1 change detected
2026-05-07 18:00:34,027 [INFO] 1 change detected
2026-05-07 18:00:34,380 [INFO] 1 change detected
2026-05-07 18:00:34,788 [INFO] 1 change detected
2026-05-07 18:00:35,196 [INFO] 1 change detected
2026-05-07 18:00:35,609 [INFO] 1 change detected
2026-05-07 18:00:36,013 [INFO] 1 change detected
2026-05-07 18:00:36,420 [INFO] 1 change detected
2026-05-07 18:00:36,831 [INFO] 1 change detected
2026-05-07 18:00:37,190 [INFO] 1 change detected
2026-05-07 18:00:37,596 [INFO] 1 change detected
2026-05-07 18:00:38,007 [INFO] 1 change detected
2026-05-07 18:00:38,373 [INFO] 1 change detected
2026-05-07 18:00:38,778 [INFO] 1 change detected
2026-05-07 18:00:39,182 [INFO] 1 change detected
2026-05-07 18:00:39,588 [INFO] 1 change detected
2026-05-07 18:00:39,997 [INFO] 1 change detected
2026-05-07 18:00:40,405 [INFO] 1 change detected
2026-05-07 18:00:40,811 [INFO] 1 change detected
2026-05-07 18:00:41,174 [INFO] 1 change detected
2026-05-07 18:00:41,586 [INFO] 1 change detected
2026-05-07 18:00:41,993 [INFO] 1 change detected
2026-05-07 18:00:42,399 [INFO] 1 change detected
2026-05-07 18:00:42,801 [INFO] 1 change detected
2026-05-07 18:00:43,207 [INFO] 1 change detected
2026-05-07 18:00:43,617 [INFO] 1 change detected
2026-05-07 18:00:43,979 [INFO] 1 change detected
2026-05-07 18:00:44,390 [INFO] 1 change detected
2026-05-07 18:00:44,803 [INFO] 1 change detected
2026-05-07 18:00:45,158 [INFO] 1 change detected
2026-05-07 18:00:45,573 [INFO] 1 change detected
2026-05-07 18:00:45,983 [INFO] 1 change detected
2026-05-07 18:00:46,392 [INFO] 1 change detected
2026-05-07 18:00:46,751 [INFO] 1 change detected
2026-05-07 18:00:47,163 [INFO] 1 change detected
2026-05-07 18:00:47,567 [INFO] 1 change detected
2026-05-07 18:00:47,977 [INFO] 1 change detected
2026-05-07 18:00:48,389 [INFO] 1 change detected
2026-05-07 18:00:48,743 [INFO] 1 change detected
2026-05-07 18:00:49,158 [INFO] 1 change detected
2026-05-07 18:00:49,567 [INFO] 1 change detected
2026-05-07 18:00:49,926 [INFO] 1 change detected
2026-05-07 18:00:50,335 [INFO] 1 change detected
2026-05-07 18:00:50,747 [INFO] 1 change detected
2026-05-07 18:00:51,162 [INFO] 1 change detected
2026-05-07 18:00:51,514 [INFO] 1 change detected
2026-05-07 18:00:51,972 [INFO] 1 change detected
2026-05-07 18:00:52,329 [INFO] 1 change detected
2026-05-07 18:00:52,737 [INFO] 1 change detected
2026-05-07 18:00:53,143 [INFO] 1 change detected
2026-05-07 18:00:53,554 [INFO] 1 change detected
2026-05-07 18:00:53,966 [INFO] 1 change detected
2026-05-07 18:00:54,325 [INFO] 1 change detected
2026-05-07 18:00:54,733 [INFO] 1 change detected
2026-05-07 18:00:55,142 [INFO] 1 change detected
2026-05-07 18:00:55,545 [INFO] 1 change detected
2026-05-07 18:00:55,953 [INFO] 1 change detected
2026-05-07 18:00:56,364 [INFO] 1 change detected
2026-05-07 18:00:56,774 [INFO] 1 change detected
2026-05-07 18:00:57,182 [INFO] 1 change detected
2026-05-07 18:00:57,547 [INFO] 1 change detected
2026-05-07 18:00:57,954 [INFO] 1 change detected
2026-05-07 18:00:58,363 [INFO] 1 change detected
2026-05-07 18:00:58,767 [INFO] 1 change detected
2026-05-07 18:00:59,127 [INFO] 1 change detected
2026-05-07 18:00:59,542 [INFO] 1 change detected
2026-05-07 18:00:59,945 [INFO] 1 change detected
2026-05-07 18:01:00,351 [INFO] 1 change detected
2026-05-07 18:01:00,765 [INFO] 1 change detected
2026-05-07 18:01:01,178 [INFO] 1 change detected
2026-05-07 18:01:01,542 [INFO] 1 change detected
2026-05-07 18:01:01,956 [INFO] 1 change detected
2026-05-07 18:01:02,363 [INFO] 1 change detected
2026-05-07 18:01:02,766 [INFO] 1 change detected
2026-05-07 18:01:03,175 [INFO] 1 change detected
2026-05-07 18:01:03,529 [INFO] 1 change detected
2026-05-07 18:01:03,931 [INFO] 1 change detected
2026-05-07 18:01:04,347 [INFO] 1 change detected
2026-05-07 18:01:04,752 [INFO] 1 change detected
2026-05-07 18:01:05,104 [INFO] 1 change detected
2026-05-07 18:01:05,510 [INFO] 1 change detected
2026-05-07 18:01:05,916 [INFO] 1 change detected
2026-05-07 18:01:06,325 [INFO] 1 change detected
2026-05-07 18:01:06,730 [INFO] 1 change detected
2026-05-07 18:01:07,086 [INFO] 1 change detected
2026-05-07 18:01:07,491 [INFO] 1 change detected
2026-05-07 18:01:07,895 [INFO] 1 change detected
2026-05-07 18:01:08,306 [INFO] 1 change detected
2026-05-07 18:01:08,710 [INFO] 1 change detected
2026-05-07 18:01:09,114 [INFO] 1 change detected
2026-05-07 18:01:09,527 [INFO] 1 change detected
2026-05-07 18:01:09,890 [INFO] 1 change detected
2026-05-07 18:01:10,303 [INFO] 1 change detected
2026-05-07 18:01:10,707 [INFO] 1 change detected
2026-05-07 18:01:11,112 [INFO] 1 change detected
2026-05-07 18:01:11,519 [INFO] 1 change detected
2026-05-07 18:01:11,935 [INFO] 1 change detected
2026-05-07 18:01:12,339 [INFO] 1 change detected
2026-05-07 18:01:12,695 [INFO] 1 change detected
2026-05-07 18:01:13,104 [INFO] 1 change detected
2026-05-07 18:01:13,512 [INFO] 1 change detected
2026-05-07 18:01:13,919 [INFO] 1 change detected
2026-05-07 18:01:14,323 [INFO] 1 change detected
2026-05-07 18:01:14,725 [INFO] 1 change detected
2026-05-07 18:01:15,129 [INFO] 1 change detected
2026-05-07 18:01:15,536 [INFO] 1 change detected
2026-05-07 18:01:15,945 [INFO] 1 change detected
2026-05-07 18:01:16,301 [INFO] 1 change detected
2026-05-07 18:01:16,712 [INFO] 1 change detected
2026-05-07 18:01:17,121 [INFO] 1 change detected
2026-05-07 18:01:17,535 [INFO] 1 change detected
2026-05-07 18:01:17,896 [INFO] 1 change detected
2026-05-07 18:01:18,313 [INFO] 1 change detected
2026-05-07 18:01:18,721 [INFO] 1 change detected
2026-05-07 18:01:19,086 [INFO] 1 change detected
2026-05-07 18:01:19,504 [INFO] 1 change detected
2026-05-07 18:01:19,875 [INFO] 1 change detected
2026-05-07 18:01:20,283 [INFO] 1 change detected
2026-05-07 18:01:20,696 [INFO] 1 change detected
2026-05-07 18:01:21,114 [INFO] 1 change detected
2026-05-07 18:01:21,468 [INFO] 1 change detected
2026-05-07 18:01:21,879 [INFO] 1 change detected
2026-05-07 18:01:22,281 [INFO] 1 change detected
2026-05-07 18:01:22,686 [INFO] 1 change detected
2026-05-07 18:01:23,104 [INFO] 1 change detected
2026-05-07 18:01:23,508 [INFO] 1 change detected
2026-05-07 18:01:23,916 [INFO] 1 change detected
2026-05-07 18:01:24,275 [INFO] 1 change detected
2026-05-07 18:01:24,681 [INFO] 1 change detected
2026-05-07 18:01:25,086 [INFO] 1 change detected
2026-05-07 18:01:25,493 [INFO] 1 change detected
2026-05-07 18:01:25,896 [INFO] 1 change detected
2026-05-07 18:01:26,306 [INFO] 1 change detected
2026-05-07 18:01:26,716 [INFO] 1 change detected
2026-05-07 18:01:27,131 [INFO] 1 change detected
2026-05-07 18:01:27,493 [INFO] 1 change detected
2026-05-07 18:01:27,896 [INFO] 1 change detected
2026-05-07 18:01:28,299 [INFO] 1 change detected
2026-05-07 18:01:28,706 [INFO] 1 change detected
2026-05-07 18:01:29,114 [INFO] 1 change detected
2026-05-07 18:01:29,464 [INFO] 1 change detected
2026-05-07 18:01:29,876 [INFO] 1 change detected
2026-05-07 18:01:30,279 [INFO] 1 change detected
2026-05-07 18:01:30,684 [INFO] 1 change detected
2026-05-07 18:01:31,048 [INFO] 1 change detected
2026-05-07 18:01:31,457 [INFO] 1 change detected
2026-05-07 18:01:31,861 [INFO] 1 change detected
2026-05-07 18:01:32,276 [INFO] 1 change detected
2026-05-07 18:01:32,636 [INFO] 1 change detected
2026-05-07 18:01:33,041 [INFO] 1 change detected
2026-05-07 18:01:33,453 [INFO] 1 change detected
2026-05-07 18:01:33,866 [INFO] 1 change detected
2026-05-07 18:01:34,225 [INFO] 1 change detected
2026-05-07 18:01:34,627 [INFO] 1 change detected
2026-05-07 18:01:35,036 [INFO] 1 change detected
2026-05-07 18:01:35,401 [INFO] 1 change detected
2026-05-07 18:01:35,808 [INFO] 1 change detected
2026-05-07 18:01:36,213 [INFO] 1 change detected
2026-05-07 18:01:36,625 [INFO] 1 change detected
2026-05-07 18:01:37,032 [INFO] 1 change detected
2026-05-07 18:01:37,393 [INFO] 1 change detected
2026-05-07 18:01:37,806 [INFO] 1 change detected
2026-05-07 18:01:38,219 [INFO] 1 change detected
2026-05-07 18:01:38,622 [INFO] 1 change detected
2026-05-07 18:01:39,026 [INFO] 1 change detected
2026-05-07 18:01:39,392 [INFO] 1 change detected
2026-05-07 18:01:39,803 [INFO] 1 change detected
2026-05-07 18:01:40,217 [INFO] 1 change detected
2026-05-07 18:01:40,626 [INFO] 1 change detected
2026-05-07 18:01:40,988 [INFO] 1 change detected
2026-05-07 18:01:41,444 [INFO] 1 change detected
2026-05-07 18:01:41,803 [INFO] 1 change detected
2026-05-07 18:01:42,208 [INFO] 1 change detected
2026-05-07 18:01:42,620 [INFO] 1 change detected
2026-05-07 18:01:43,022 [INFO] 1 change detected
2026-05-07 18:01:43,426 [INFO] 1 change detected
2026-05-07 18:01:43,780 [INFO] 1 change detected
2026-05-07 18:01:44,190 [INFO] 1 change detected
2026-05-07 18:01:44,598 [INFO] 1 change detected
2026-05-07 18:01:45,004 [INFO] 1 change detected
2026-05-07 18:01:45,417 [INFO] 1 change detected
2026-05-07 18:01:45,779 [INFO] 1 change detected
2026-05-07 18:01:46,185 [INFO] 1 change detected
2026-05-07 18:01:46,597 [INFO] 1 change detected
2026-05-07 18:01:47,009 [INFO] 1 change detected
2026-05-07 18:01:47,370 [INFO] 1 change detected
2026-05-07 18:01:47,782 [INFO] 1 change detected
2026-05-07 18:01:48,187 [INFO] 1 change detected
2026-05-07 18:01:48,594 [INFO] 1 change detected
2026-05-07 18:01:48,996 [INFO] 1 change detected
2026-05-07 18:01:49,409 [INFO] 1 change detected
2026-05-07 18:01:49,812 [INFO] 1 change detected
2026-05-07 18:01:50,221 [INFO] 1 change detected
2026-05-07 18:01:50,626 [INFO] 1 change detected
2026-05-07 18:01:50,981 [INFO] 1 change detected
2026-05-07 18:01:51,390 [INFO] 1 change detected
2026-05-07 18:01:51,802 [INFO] 1 change detected
2026-05-07 18:01:52,205 [INFO] 1 change detected
2026-05-07 18:01:52,608 [INFO] 1 change detected
2026-05-07 18:01:52,970 [INFO] 1 change detected
2026-05-07 18:01:53,381 [INFO] 1 change detected
2026-05-07 18:01:53,786 [INFO] 1 change detected
2026-05-07 18:01:54,197 [INFO] 1 change detected
2026-05-07 18:01:54,604 [INFO] 1 change detected
2026-05-07 18:01:54,966 [INFO] 1 change detected
2026-05-07 18:01:55,377 [INFO] 1 change detected
2026-05-07 18:01:55,742 [INFO] 1 change detected
2026-05-07 18:01:56,144 [INFO] 1 change detected
2026-05-07 18:01:56,551 [INFO] 1 change detected
2026-05-07 18:01:56,964 [INFO] 1 change detected
2026-05-07 18:01:57,366 [INFO] 1 change detected
2026-05-07 18:01:57,776 [INFO] 1 change detected
2026-05-07 18:01:58,180 [INFO] 1 change detected
2026-05-07 18:01:58,592 [INFO] 1 change detected
2026-05-07 18:01:58,952 [INFO] 1 change detected
2026-05-07 18:01:59,359 [INFO] 1 change detected
2026-05-07 18:01:59,760 [INFO] 1 change detected
2026-05-07 18:02:00,177 [INFO] 1 change detected
2026-05-07 18:02:00,582 [INFO] 1 change detected
2026-05-07 18:02:00,986 [INFO] 1 change detected
2026-05-07 18:02:01,352 [INFO] 1 change detected
2026-05-07 18:02:01,758 [INFO] 1 change detected
2026-05-07 18:02:02,160 [INFO] 1 change detected
2026-05-07 18:02:02,572 [INFO] 1 change detected
2026-05-07 18:02:02,936 [INFO] 1 change detected
2026-05-07 18:02:03,343 [INFO] 1 change detected
2026-05-07 18:02:03,757 [INFO] 1 change detected
2026-05-07 18:02:04,119 [INFO] 1 change detected
2026-05-07 18:02:04,532 [INFO] 1 change detected
2026-05-07 18:02:04,938 [INFO] 1 change detected
2026-05-07 18:02:05,343 [INFO] 1 change detected
2026-05-07 18:02:05,752 [INFO] 1 change detected
2026-05-07 18:02:06,110 [INFO] 1 change detected
2026-05-07 18:02:06,571 [INFO] 1 change detected
2026-05-07 18:02:06,932 [INFO] 1 change detected
2026-05-07 18:02:07,343 [INFO] 1 change detected
2026-05-07 18:02:07,748 [INFO] 1 change detected
2026-05-07 18:02:08,157 [INFO] 1 change detected
2026-05-07 18:02:08,519 [INFO] 1 change detected
2026-05-07 18:02:08,932 [INFO] 1 change detected
2026-05-07 18:02:09,343 [INFO] 1 change detected
2026-05-07 18:02:09,697 [INFO] 1 change detected
2026-05-07 18:02:10,104 [INFO] 1 change detected
2026-05-07 18:02:10,523 [INFO] 1 change detected
2026-05-07 18:02:10,936 [INFO] 1 change detected
2026-05-07 18:02:11,296 [INFO] 1 change detected
2026-05-07 18:02:11,705 [INFO] 1 change detected
2026-05-07 18:02:12,115 [INFO] 1 change detected
2026-05-07 18:02:12,527 [INFO] 1 change detected
2026-05-07 18:02:12,889 [INFO] 1 change detected
2026-05-07 18:02:13,293 [INFO] 1 change detected
2026-05-07 18:02:13,697 [INFO] 1 change detected
2026-05-07 18:02:14,101 [INFO] 1 change detected
2026-05-07 18:02:14,504 [INFO] 1 change detected
2026-05-07 18:02:14,916 [INFO] 1 change detected
2026-05-07 18:02:15,333 [INFO] 1 change detected
2026-05-07 18:02:15,695 [INFO] 1 change detected
2026-05-07 18:02:16,102 [INFO] 1 change detected
2026-05-07 18:02:16,518 [INFO] 1 change detected
2026-05-07 18:02:16,924 [INFO] 1 change detected
2026-05-07 18:02:17,275 [INFO] 1 change detected
2026-05-07 18:02:17,681 [INFO] 1 change detected
2026-05-07 18:02:18,086 [INFO] 1 change detected
2026-05-07 18:02:18,492 [INFO] 1 change detected
2026-05-07 18:02:18,894 [INFO] 1 change detected
2026-05-07 18:02:19,301 [INFO] 1 change detected
2026-05-07 18:02:19,704 [INFO] 1 change detected
2026-05-07 18:02:20,064 [INFO] 1 change detected
2026-05-07 18:02:20,480 [INFO] 1 change detected
2026-05-07 18:02:20,891 [INFO] 1 change detected
2026-05-07 18:02:21,254 [INFO] 1 change detected
2026-05-07 18:02:21,667 [INFO] 1 change detected
2026-05-07 18:02:22,075 [INFO] 1 change detected
2026-05-07 18:02:22,482 [INFO] 1 change detected
2026-05-07 18:02:22,897 [INFO] 1 change detected
2026-05-07 18:02:23,307 [INFO] 1 change detected
2026-05-07 18:02:23,715 [INFO] 1 change detected
2026-05-07 18:02:24,081 [INFO] 1 change detected
2026-05-07 18:02:24,492 [INFO] 1 change detected
2026-05-07 18:02:24,907 [INFO] 1 change detected
2026-05-07 18:02:25,268 [INFO] 1 change detected
2026-05-07 18:02:25,684 [INFO] 1 change detected
2026-05-07 18:02:26,089 [INFO] 1 change detected
2026-05-07 18:02:26,448 [INFO] 1 change detected
2026-05-07 18:02:26,863 [INFO] 1 change detected
2026-05-07 18:02:27,276 [INFO] 1 change detected
2026-05-07 18:02:27,634 [INFO] 1 change detected
2026-05-07 18:02:28,038 [INFO] 1 change detected
2026-05-07 18:02:28,441 [INFO] 1 change detected
2026-05-07 18:02:28,851 [INFO] 1 change detected
2026-05-07 18:02:29,255 [INFO] 1 change detected
2026-05-07 18:02:29,666 [INFO] 1 change detected
2026-05-07 18:02:30,022 [INFO] 1 change detected
2026-05-07 18:02:30,426 [INFO] 1 change detected
2026-05-07 18:02:30,843 [INFO] 1 change detected
2026-05-07 18:02:31,204 [INFO] 1 change detected
2026-05-07 18:02:31,610 [INFO] 1 change detected
2026-05-07 18:02:32,013 [INFO] 1 change detected
2026-05-07 18:02:32,424 [INFO] 1 change detected
2026-05-07 18:02:32,828 [INFO] 1 change detected
2026-05-07 18:02:33,230 [INFO] 1 change detected
2026-05-07 18:02:33,633 [INFO] 1 change detected
2026-05-07 18:02:34,037 [INFO] 1 change detected
2026-05-07 18:02:34,451 [INFO] 1 change detected
2026-05-07 18:02:34,858 [INFO] 1 change detected
2026-05-07 18:02:35,213 [INFO] 1 change detected
2026-05-07 18:02:35,625 [INFO] 1 change detected
2026-05-07 18:02:36,037 [INFO] 1 change detected
2026-05-07 18:02:36,449 [INFO] 1 change detected
2026-05-07 18:02:36,857 [INFO] 1 change detected
2026-05-07 18:02:37,264 [INFO] 1 change detected
2026-05-07 18:02:37,624 [INFO] 1 change detected
2026-05-07 18:02:38,077 [INFO] 1 change detected
2026-05-07 18:02:38,433 [INFO] 1 change detected
2026-05-07 18:02:38,888 [INFO] 1 change detected
2026-05-07 18:02:39,241 [INFO] 1 change detected
2026-05-07 18:02:39,656 [INFO] 1 change detected
2026-05-07 18:02:40,065 [INFO] 1 change detected
2026-05-07 18:02:40,470 [INFO] 1 change detected
2026-05-07 18:02:40,876 [INFO] 1 change detected
2026-05-07 18:02:41,286 [INFO] 1 change detected
2026-05-07 18:02:41,691 [INFO] 1 change detected
2026-05-07 18:02:42,099 [INFO] 1 change detected
2026-05-07 18:02:42,453 [INFO] 1 change detected
2026-05-07 18:02:42,863 [INFO] 1 change detected
2026-05-07 18:02:43,275 [INFO] 1 change detected
2026-05-07 18:02:43,636 [INFO] 1 change detected
2026-05-07 18:02:44,043 [INFO] 1 change detected
2026-05-07 18:02:44,448 [INFO] 1 change detected
2026-05-07 18:02:44,853 [INFO] 1 change detected
2026-05-07 18:02:45,256 [INFO] 2 changes detected
2026-05-07 18:02:45,664 [INFO] 1 change detected
2026-05-07 18:02:46,077 [INFO] 1 change detected
2026-05-07 18:02:46,436 [INFO] 1 change detected
2026-05-07 18:02:46,847 [INFO] 1 change detected
2026-05-07 18:02:47,263 [INFO] 1 change detected
2026-05-07 18:02:47,624 [INFO] 1 change detected
2026-05-07 18:02:48,027 [INFO] 1 change detected
2026-05-07 18:02:48,439 [INFO] 1 change detected
2026-05-07 18:02:48,845 [INFO] 1 change detected
2026-05-07 18:02:49,256 [INFO] 1 change detected
2026-05-07 18:02:49,620 [INFO] 1 change detected
2026-05-07 18:02:50,033 [INFO] 1 change detected
2026-05-07 18:02:50,396 [INFO] 1 change detected
2026-05-07 18:02:50,810 [INFO] 1 change detected
2026-05-07 18:02:51,219 [INFO] 1 change detected
2026-05-07 18:02:51,621 [INFO] 1 change detected
2026-05-07 18:02:52,025 [INFO] 1 change detected
2026-05-07 18:02:52,396 [INFO] 1 change detected
2026-05-07 18:02:52,804 [INFO] 1 change detected
2026-05-07 18:02:53,206 [INFO] 1 change detected
2026-05-07 18:02:53,620 [INFO] 1 change detected
2026-05-07 18:02:53,980 [INFO] 1 change detected
2026-05-07 18:02:54,393 [INFO] 1 change detected
2026-05-07 18:02:54,754 [INFO] 1 change detected
2026-05-07 18:02:55,166 [INFO] 1 change detected
2026-05-07 18:02:55,582 [INFO] 1 change detected
2026-05-07 18:02:55,946 [INFO] 1 change detected
2026-05-07 18:02:56,359 [INFO] 1 change detected
2026-05-07 18:02:56,773 [INFO] 1 change detected
2026-05-07 18:02:57,175 [INFO] 1 change detected
2026-05-07 18:02:57,542 [INFO] 1 change detected
2026-05-07 18:02:57,954 [INFO] 1 change detected
2026-05-07 18:02:58,360 [INFO] 1 change detected
2026-05-07 18:02:58,769 [INFO] 1 change detected
2026-05-07 18:02:59,179 [INFO] 1 change detected
2026-05-07 18:02:59,582 [INFO] 1 change detected
2026-05-07 18:02:59,942 [INFO] 1 change detected
2026-05-07 18:03:00,355 [INFO] 1 change detected
2026-05-07 18:03:00,769 [INFO] 1 change detected
2026-05-07 18:03:01,171 [INFO] 1 change detected
2026-05-07 18:03:01,537 [INFO] 1 change detected
2026-05-07 18:03:01,943 [INFO] 1 change detected
2026-05-07 18:03:02,354 [INFO] 1 change detected
2026-05-07 18:03:02,764 [INFO] 1 change detected
2026-05-07 18:03:03,174 [INFO] 1 change detected
2026-05-07 18:03:03,577 [INFO] 1 change detected
2026-05-07 18:03:03,984 [INFO] 1 change detected
2026-05-07 18:03:04,343 [INFO] 1 change detected
2026-05-07 18:03:04,755 [INFO] 1 change detected
2026-05-07 18:03:05,170 [INFO] 1 change detected
2026-05-07 18:03:05,577 [INFO] 1 change detected
2026-05-07 18:03:05,978 [INFO] 6 changes detected
2026-05-07 18:03:06,387 [INFO] 1 change detected
2026-05-07 18:03:06,748 [INFO] 1 change detected
2026-05-07 18:03:07,165 [INFO] 1 change detected
2026-05-07 18:03:07,576 [INFO] 1 change detected
2026-05-07 18:03:07,984 [INFO] 1 change detected
2026-05-07 18:03:08,347 [INFO] 1 change detected
2026-05-07 18:03:08,761 [INFO] 1 change detected
2026-05-07 18:03:09,166 [INFO] 1 change detected
2026-05-07 18:03:09,570 [INFO] 1 change detected
2026-05-07 18:03:09,924 [INFO] 1 change detected
2026-05-07 18:03:10,327 [INFO] 1 change detected
2026-05-07 18:03:10,738 [INFO] 1 change detected
2026-05-07 18:03:11,091 [INFO] 1 change detected
2026-05-07 18:03:11,500 [INFO] 6 changes detected
2026-05-07 18:03:11,903 [INFO] 1 change detected
2026-05-07 18:03:12,312 [INFO] 1 change detected
2026-05-07 18:03:12,718 [INFO] 1 change detected
2026-05-07 18:03:13,119 [INFO] 1 change detected
2026-05-07 18:03:13,479 [INFO] 1 change detected
2026-05-07 18:03:13,885 [INFO] 1 change detected
2026-05-07 18:03:14,299 [INFO] 1 change detected
2026-05-07 18:03:14,658 [INFO] 1 change detected
2026-05-07 18:03:15,062 [INFO] 6 changes detected
2026-05-07 18:03:15,467 [INFO] 1 change detected
2026-05-07 18:03:15,882 [INFO] 1 change detected
2026-05-07 18:03:16,246 [INFO] 1 change detected
2026-05-07 18:03:16,647 [INFO] 1 change detected
2026-05-07 18:03:17,059 [INFO] 1 change detected
2026-05-07 18:03:17,471 [INFO] 1 change detected
2026-05-07 18:03:17,876 [INFO] 1 change detected
2026-05-07 18:03:18,238 [INFO] 1 change detected
2026-05-07 18:03:18,649 [INFO] 1 change detected
2026-05-07 18:03:19,056 [INFO] 1 change detected
2026-05-07 18:03:19,408 [INFO] 1 change detected
2026-05-07 18:03:19,810 [INFO] 1 change detected
2026-05-07 18:03:20,215 [INFO] 1 change detected
2026-05-07 18:03:20,631 [INFO] 1 change detected
2026-05-07 18:03:21,044 [INFO] 1 change detected
2026-05-07 18:03:21,406 [INFO] 1 change detected
2026-05-07 18:03:21,808 [INFO] 1 change detected
2026-05-07 18:03:22,224 [INFO] 1 change detected
2026-05-07 18:03:22,637 [INFO] 1 change detected
2026-05-07 18:03:23,043 [INFO] 1 change detected
2026-05-07 18:03:23,397 [INFO] 1 change detected
2026-05-07 18:03:23,801 [INFO] 1 change detected
2026-05-07 18:03:24,210 [INFO] 1 change detected
2026-05-07 18:03:24,615 [INFO] 1 change detected
2026-05-07 18:03:25,026 [INFO] 1 change detected
2026-05-07 18:03:25,393 [INFO] 1 change detected
2026-05-07 18:03:25,794 [INFO] 1 change detected
2026-05-07 18:03:26,204 [INFO] 1 change detected
2026-05-07 18:03:26,612 [INFO] 1 change detected
2026-05-07 18:03:27,021 [INFO] 1 change detected
2026-05-07 18:03:27,383 [INFO] 1 change detected
2026-05-07 18:03:27,794 [INFO] 1 change detected
2026-05-07 18:03:28,206 [INFO] 1 change detected
2026-05-07 18:03:28,571 [INFO] 1 change detected
2026-05-07 18:03:28,977 [INFO] 1 change detected
2026-05-07 18:03:29,386 [INFO] 1 change detected
2026-05-07 18:03:29,741 [INFO] 1 change detected
2026-05-07 18:03:30,145 [INFO] 1 change detected
2026-05-07 18:03:30,604 [INFO] 1 change detected
2026-05-07 18:03:30,960 [INFO] 1 change detected
2026-05-07 18:03:31,367 [INFO] 1 change detected
2026-05-07 18:03:31,773 [INFO] 1 change detected
2026-05-07 18:03:32,177 [INFO] 1 change detected
2026-05-07 18:03:32,585 [INFO] 1 change detected
2026-05-07 18:03:32,990 [INFO] 1 change detected
2026-05-07 18:03:33,393 [INFO] 1 change detected
2026-05-07 18:03:33,806 [INFO] 1 change detected
2026-05-07 18:03:34,164 [INFO] 1 change detected
2026-05-07 18:03:34,571 [INFO] 1 change detected
2026-05-07 18:03:34,981 [INFO] 1 change detected
2026-05-07 18:03:35,393 [INFO] 1 change detected
2026-05-07 18:03:35,799 [INFO] 1 change detected
2026-05-07 18:03:36,205 [INFO] 1 change detected
2026-05-07 18:03:36,615 [INFO] 1 change detected
2026-05-07 18:03:37,027 [INFO] 1 change detected
2026-05-07 18:03:37,432 [INFO] 1 change detected
2026-05-07 18:03:37,843 [INFO] 1 change detected
2026-05-07 18:03:38,250 [INFO] 1 change detected
2026-05-07 18:03:38,664 [INFO] 1 change detected
2026-05-07 18:03:39,076 [INFO] 1 change detected
2026-05-07 18:03:39,440 [INFO] 1 change detected
2026-05-07 18:03:39,850 [INFO] 1 change detected
2026-05-07 18:03:40,255 [INFO] 1 change detected
2026-05-07 18:03:40,666 [INFO] 1 change detected
2026-05-07 18:03:41,076 [INFO] 1 change detected
2026-05-07 18:03:41,482 [INFO] 1 change detected
2026-05-07 18:03:41,847 [INFO] 1 change detected
2026-05-07 18:03:42,249 [INFO] 1 change detected
2026-05-07 18:03:42,701 [INFO] 1 change detected
2026-05-07 18:03:43,060 [INFO] 1 change detected
2026-05-07 18:03:43,462 [INFO] 1 change detected
2026-05-07 18:03:43,870 [INFO] 1 change detected
2026-05-07 18:03:44,276 [INFO] 1 change detected
2026-05-07 18:03:44,637 [INFO] 1 change detected
2026-05-07 18:03:45,045 [INFO] 1 change detected
2026-05-07 18:03:45,454 [INFO] 1 change detected
2026-05-07 18:03:45,859 [INFO] 1 change detected
2026-05-07 18:03:46,273 [INFO] 1 change detected
2026-05-07 18:03:46,677 [INFO] 1 change detected
2026-05-07 18:03:47,081 [INFO] 1 change detected
2026-05-07 18:03:47,432 [INFO] 1 change detected
2026-05-07 18:03:47,834 [INFO] 1 change detected
2026-05-07 18:03:48,241 [INFO] 1 change detected
2026-05-07 18:03:48,652 [INFO] 1 change detected
2026-05-07 18:03:49,060 [INFO] 1 change detected
2026-05-07 18:03:49,477 [INFO] 1 change detected
2026-05-07 18:03:49,882 [INFO] 1 change detected
2026-05-07 18:03:50,293 [INFO] 1 change detected
2026-05-07 18:03:50,653 [INFO] 1 change detected
2026-05-07 18:03:51,059 [INFO] 1 change detected
2026-05-07 18:03:51,464 [INFO] 1 change detected
2026-05-07 18:03:51,876 [INFO] 1 change detected
2026-05-07 18:03:52,282 [INFO] 1 change detected
2026-05-07 18:03:52,692 [INFO] 1 change detected
2026-05-07 18:03:53,094 [INFO] 1 change detected
2026-05-07 18:03:53,457 [INFO] 1 change detected
2026-05-07 18:03:53,861 [INFO] 1 change detected
2026-05-07 18:03:54,215 [INFO] 1 change detected
2026-05-07 18:03:54,626 [INFO] 1 change detected
2026-05-07 18:03:55,038 [INFO] 1 change detected
2026-05-07 18:03:55,443 [INFO] 1 change detected
2026-05-07 18:03:55,854 [INFO] 1 change detected
2026-05-07 18:03:56,215 [INFO] 1 change detected
2026-05-07 18:03:56,626 [INFO] 1 change detected
2026-05-07 18:03:57,043 [INFO] 1 change detected
2026-05-07 18:03:57,453 [INFO] 1 change detected
2026-05-07 18:03:57,810 [INFO] 1 change detected
2026-05-07 18:03:58,221 [INFO] 1 change detected
2026-05-07 18:03:58,631 [INFO] 1 change detected
2026-05-07 18:03:59,044 [INFO] 1 change detected
2026-05-07 18:03:59,453 [INFO] 1 change detected
2026-05-07 18:03:59,864 [INFO] 1 change detected
2026-05-07 18:04:00,219 [INFO] 1 change detected
2026-05-07 18:04:00,622 [INFO] 1 change detected
2026-05-07 18:04:01,037 [INFO] 1 change detected
2026-05-07 18:04:01,446 [INFO] 1 change detected
2026-05-07 18:04:01,809 [INFO] 1 change detected
2026-05-07 18:04:02,221 [INFO] 1 change detected
2026-05-07 18:04:02,624 [INFO] 1 change detected
2026-05-07 18:04:03,026 [INFO] 1 change detected
2026-05-07 18:04:03,432 [INFO] 1 change detected
2026-05-07 18:04:03,837 [INFO] 1 change detected
2026-05-07 18:04:04,203 [INFO] 1 change detected
2026-05-07 18:04:04,605 [INFO] 1 change detected
2026-05-07 18:04:05,018 [INFO] 1 change detected
2026-05-07 18:04:05,426 [INFO] 1 change detected
2026-05-07 18:04:05,792 [INFO] 1 change detected
2026-05-07 18:04:06,196 [INFO] 1 change detected
2026-05-07 18:04:06,602 [INFO] 1 change detected
2026-05-07 18:04:06,965 [INFO] 1 change detected
2026-05-07 18:04:07,371 [INFO] 1 change detected
2026-05-07 18:04:07,786 [INFO] 1 change detected
2026-05-07 18:04:08,193 [INFO] 1 change detected
2026-05-07 18:04:08,556 [INFO] 1 change detected
2026-05-07 18:04:08,916 [INFO] 1 change detected
2026-05-07 18:04:09,188 [INFO] 1 change detected
2026-05-07 18:04:09,215 [INFO] 数据库初始化完成
2026-05-07 18:04:09,269 [INFO] 6 changes detected
2026-05-07 18:04:09,548 [INFO] 6 changes detected
2026-05-07 18:04:09,676 [INFO] 1 change detected
2026-05-07 18:04:09,909 [INFO] 1 change detected
2026-05-07 18:04:10,081 [INFO] 1 change detected
2026-05-07 18:04:10,265 [INFO] 1 change detected
2026-05-07 18:04:10,487 [INFO] 1 change detected
2026-05-07 18:04:10,621 [INFO] 1 change detected
2026-05-07 18:04:10,894 [INFO] 1 change detected
2026-05-07 18:04:10,981 [INFO] 1 change detected
2026-05-07 18:04:11,297 [INFO] 1 change detected
2026-05-07 18:04:11,343 [INFO] 1 change detected
2026-05-07 18:04:11,659 [INFO] 1 change detected
2026-05-07 18:04:11,706 [INFO] 1 change detected
2026-05-07 18:04:12,066 [INFO] 1 change detected
2026-05-07 18:04:12,070 [INFO] 1 change detected
2026-05-07 18:04:12,482 [INFO] 1 change detected
2026-05-07 18:04:12,840 [INFO] 1 change detected
2026-05-07 18:04:12,840 [INFO] 1 change detected
2026-05-07 18:04:13,251 [INFO] 1 change detected
2026-05-07 18:04:13,657 [INFO] 1 change detected
2026-05-07 18:04:14,024 [INFO] 1 change detected
2026-05-07 18:04:14,388 [INFO] 1 change detected
2026-05-07 18:04:14,743 [INFO] 1 change detected
2026-05-07 18:04:15,098 [INFO] 1 change detected
2026-05-07 18:04:15,454 [INFO] 1 change detected
2026-05-07 18:04:15,806 [INFO] 1 change detected
2026-05-07 18:04:16,164 [INFO] 1 change detected
2026-05-07 18:04:16,582 [INFO] 1 change detected
2026-05-07 18:04:16,941 [INFO] 1 change detected
2026-05-07 18:04:17,343 [INFO] 1 change detected
2026-05-07 18:04:17,754 [INFO] 1 change detected
2026-05-07 18:04:18,160 [INFO] 1 change detected
2026-05-07 18:04:18,565 [INFO] 1 change detected
2026-05-07 18:04:18,971 [INFO] 1 change detected
2026-05-07 18:04:19,371 [INFO] 1 change detected
2026-05-07 18:04:19,732 [INFO] 1 change detected
2026-05-07 18:04:20,134 [INFO] 1 change detected
2026-05-07 18:04:20,542 [INFO] 1 change detected
2026-05-07 18:04:20,903 [INFO] 1 change detected
2026-05-07 18:04:21,310 [INFO] 1 change detected
2026-05-07 18:04:21,726 [INFO] 1 change detected
2026-05-07 18:04:22,136 [INFO] 1 change detected
2026-05-07 18:04:22,493 [INFO] 1 change detected
2026-05-07 18:04:22,903 [INFO] 1 change detected
2026-05-07 18:04:23,315 [INFO] 1 change detected
2026-05-07 18:04:23,727 [INFO] 1 change detected
2026-05-07 18:04:24,086 [INFO] 1 change detected
2026-05-07 18:04:24,496 [INFO] 1 change detected
2026-05-07 18:04:24,899 [INFO] 1 change detected
2026-05-07 18:04:25,301 [INFO] 1 change detected
2026-05-07 18:04:25,704 [INFO] 1 change detected
2026-05-07 18:04:26,112 [INFO] 1 change detected
2026-05-07 18:04:26,524 [INFO] 1 change detected
2026-05-07 18:04:26,890 [INFO] 1 change detected
2026-05-07 18:04:27,305 [INFO] 1 change detected
2026-05-07 18:04:27,708 [INFO] 1 change detected
2026-05-07 18:04:28,125 [INFO] 1 change detected
2026-05-07 18:04:28,487 [INFO] 1 change detected
2026-05-07 18:04:28,894 [INFO] 1 change detected
2026-05-07 18:04:29,248 [INFO] 5 changes detected
2026-05-07 18:04:29,602 [INFO] 1 change detected
2026-05-07 18:04:29,960 [INFO] 1 change detected
2026-05-07 18:04:30,322 [INFO] 1 change detected
2026-05-07 18:04:30,681 [INFO] 2 changes detected
2026-05-07 18:04:31,036 [INFO] 1 change detected
2026-05-07 18:04:31,269 [INFO] 1 change detected
2026-05-07 18:04:31,292 [INFO] 数据库初始化完成
2026-05-07 18:04:31,387 [INFO] 6 changes detected
2026-05-07 18:04:31,625 [INFO] 6 changes detected
2026-05-07 18:04:31,794 [INFO] 1 change detected
2026-05-07 18:04:31,987 [INFO] 1 change detected
2026-05-07 18:04:32,201 [INFO] 1 change detected
2026-05-07 18:04:32,343 [INFO] 1 change detected
2026-05-07 18:04:32,604 [INFO] 1 change detected
2026-05-07 18:04:32,702 [INFO] 1 change detected
2026-05-07 18:04:33,010 [INFO] 1 change detected
2026-05-07 18:04:33,059 [INFO] 1 change detected
2026-05-07 18:04:33,415 [INFO] 1 change detected
2026-05-07 18:04:33,421 [INFO] 1 change detected
2026-05-07 18:04:33,775 [INFO] 1 change detected
2026-05-07 18:04:33,775 [INFO] 1 change detected
2026-05-07 18:04:34,179 [INFO] 1 change detected
2026-05-07 18:04:34,586 [INFO] 1 change detected
2026-05-07 18:04:34,587 [INFO] 1 change detected
2026-05-07 18:04:34,993 [INFO] 1 change detected
2026-05-07 18:04:35,355 [INFO] 1 change detected
2026-05-07 18:04:35,759 [INFO] 1 change detected
2026-05-07 18:04:36,165 [INFO] 1 change detected
2026-05-07 18:04:36,581 [INFO] 1 change detected
2026-05-07 18:04:36,989 [INFO] 1 change detected
2026-05-07 18:04:37,348 [INFO] 1 change detected
2026-05-07 18:04:37,760 [INFO] 1 change detected
2026-05-07 18:04:38,165 [INFO] 1 change detected
2026-05-07 18:04:38,576 [INFO] 1 change detected
2026-05-07 18:04:38,982 [INFO] 1 change detected
2026-05-07 18:04:38,982 [INFO] 1 change detected
2026-05-07 18:04:39,386 [INFO] 1 change detected
2026-05-07 18:04:39,386 [INFO] 1 change detected
2026-05-07 18:04:39,747 [INFO] 1 change detected
2026-05-07 18:04:40,149 [INFO] 1 change detected
2026-05-07 18:04:40,551 [INFO] 1 change detected
2026-05-07 18:04:40,551 [INFO] 1 change detected
2026-05-07 18:04:40,965 [INFO] 1 change detected
2026-05-07 18:04:40,965 [INFO] 1 change detected
2026-05-07 18:04:41,376 [INFO] 1 change detected
2026-05-07 18:04:41,377 [INFO] 1 change detected
2026-05-07 18:04:41,731 [INFO] 1 change detected
2026-05-07 18:04:42,143 [INFO] 1 change detected
2026-05-07 18:04:42,551 [INFO] 1 change detected
2026-05-07 18:04:42,965 [INFO] 1 change detected
2026-05-07 18:04:43,371 [INFO] 1 change detected
2026-05-07 18:04:43,733 [INFO] 1 change detected
2026-05-07 18:04:44,146 [INFO] 1 change detected
2026-05-07 18:04:44,548 [INFO] 1 change detected
2026-05-07 18:04:44,548 [INFO] 1 change detected
2026-05-07 18:04:44,950 [INFO] 1 change detected
2026-05-07 18:04:45,355 [INFO] 1 change detected
2026-05-07 18:04:45,771 [INFO] 1 change detected
2026-05-07 18:04:45,771 [INFO] 1 change detected
2026-05-07 18:04:46,176 [INFO] 1 change detected
2026-05-07 18:04:46,541 [INFO] 1 change detected
2026-05-07 18:04:46,950 [INFO] 1 change detected
2026-05-07 18:04:46,950 [INFO] 1 change detected
2026-05-07 18:04:47,360 [INFO] 1 change detected
2026-05-07 18:04:47,762 [INFO] 1 change detected
2026-05-07 18:04:48,176 [INFO] 1 change detected
2026-05-07 18:04:48,592 [INFO] 1 change detected
2026-05-07 18:04:48,954 [INFO] 1 change detected
2026-05-07 18:04:49,362 [INFO] 1 change detected
2026-05-07 18:04:49,771 [INFO] 1 change detected
2026-05-07 18:04:50,127 [INFO] 1 change detected
2026-05-07 18:04:50,177 [INFO] 1 change detected
2026-05-07 18:04:50,538 [INFO] 1 change detected
2026-05-07 18:04:50,950 [INFO] 1 change detected
2026-05-07 18:04:51,364 [INFO] 1 change detected
2026-05-07 18:04:51,771 [INFO] 1 change detected
2026-05-07 18:04:52,183 [INFO] 1 change detected
2026-05-07 18:04:52,596 [INFO] 1 change detected
2026-05-07 18:04:53,004 [INFO] 1 change detected
2026-05-07 18:04:53,415 [INFO] 1 change detected
2026-05-07 18:04:53,771 [INFO] 1 change detected
2026-05-07 18:04:54,181 [INFO] 1 change detected
2026-05-07 18:04:54,182 [INFO] 1 change detected
2026-05-07 18:04:54,588 [INFO] 1 change detected
2026-05-07 18:04:54,997 [INFO] 1 change detected
2026-05-07 18:04:54,997 [INFO] 1 change detected
2026-05-07 18:04:55,359 [INFO] 1 change detected
2026-05-07 18:04:55,359 [INFO] 1 change detected
2026-05-07 18:04:55,771 [INFO] 1 change detected
2026-05-07 18:04:55,771 [INFO] 1 change detected
2026-05-07 18:04:56,180 [INFO] 1 change detected
2026-05-07 18:04:56,588 [INFO] 1 change detected
2026-05-07 18:04:56,939 [INFO] 1 change detected
2026-05-07 18:04:57,354 [INFO] 1 change detected
2026-05-07 18:04:57,761 [INFO] 1 change detected
2026-05-07 18:04:58,120 [INFO] 1 change detected
2026-05-07 18:04:58,536 [INFO] 1 change detected
2026-05-07 18:04:58,536 [INFO] 1 change detected
2026-05-07 18:04:58,946 [INFO] 1 change detected
2026-05-07 18:04:59,310 [INFO] 1 change detected
2026-05-07 18:04:59,727 [INFO] 1 change detected
2026-05-07 18:05:00,132 [INFO] 1 change detected
2026-05-07 18:05:00,493 [INFO] 1 change detected
2026-05-07 18:05:00,904 [INFO] 1 change detected
2026-05-07 18:05:01,309 [INFO] 1 change detected
2026-05-07 18:05:01,309 [INFO] 1 change detected
2026-05-07 18:05:01,710 [INFO] 1 change detected
2026-05-07 18:05:02,114 [INFO] 1 change detected
2026-05-07 18:05:02,114 [INFO] 1 change detected
2026-05-07 18:05:02,521 [INFO] 1 change detected
2026-05-07 18:05:02,521 [INFO] 1 change detected
2026-05-07 18:05:02,931 [INFO] 1 change detected
2026-05-07 18:05:03,296 [INFO] 1 change detected
2026-05-07 18:05:03,296 [INFO] 1 change detected
2026-05-07 18:05:03,708 [INFO] 1 change detected
2026-05-07 18:05:04,112 [INFO] 1 change detected
2026-05-07 18:05:04,112 [INFO] 1 change detected
2026-05-07 18:05:04,526 [INFO] 1 change detected
2026-05-07 18:05:04,930 [INFO] 1 change detected
2026-05-07 18:05:04,930 [INFO] 1 change detected
2026-05-07 18:05:05,287 [INFO] 1 change detected
2026-05-07 18:05:05,697 [INFO] 1 change detected
2026-05-07 18:05:05,697 [INFO] 1 change detected
2026-05-07 18:05:06,103 [INFO] 1 change detected
2026-05-07 18:05:06,519 [INFO] 1 change detected
2026-05-07 18:05:06,519 [INFO] 1 change detected
2026-05-07 18:05:06,921 [INFO] 1 change detected
2026-05-07 18:05:06,921 [INFO] 1 change detected
2026-05-07 18:05:07,324 [INFO] 1 change detected
2026-05-07 18:05:07,729 [INFO] 1 change detected
2026-05-07 18:05:07,729 [INFO] 1 change detected
2026-05-07 18:05:08,087 [INFO] 5 changes detected
2026-05-07 18:05:08,438 [INFO] 1 change detected
2026-05-07 18:05:08,793 [INFO] 1 change detected
2026-05-07 18:05:09,153 [INFO] 1 change detected
2026-05-07 18:05:09,153 [INFO] 1 change detected
2026-05-07 18:05:09,510 [INFO] 1 change detected
2026-05-07 18:05:09,862 [INFO] 1 change detected
2026-05-07 18:05:10,271 [INFO] 1 change detected
2026-05-07 18:05:10,687 [INFO] 1 change detected
2026-05-07 18:05:11,098 [INFO] 1 change detected
2026-05-07 18:05:11,099 [INFO] 1 change detected
2026-05-07 18:05:11,510 [INFO] 1 change detected
2026-05-07 18:05:11,916 [INFO] 1 change detected
2026-05-07 18:05:11,916 [INFO] 1 change detected
2026-05-07 18:05:12,272 [INFO] 1 change detected
2026-05-07 18:05:12,686 [INFO] 1 change detected
2026-05-07 18:05:12,687 [INFO] 1 change detected
2026-05-07 18:05:13,088 [INFO] 1 change detected
2026-05-07 18:05:13,494 [INFO] 1 change detected
2026-05-07 18:05:13,897 [INFO] 1 change detected
2026-05-07 18:05:14,310 [INFO] 1 change detected
2026-05-07 18:05:14,715 [INFO] 1 change detected
2026-05-07 18:05:15,121 [INFO] 1 change detected
2026-05-07 18:05:15,121 [INFO] 1 change detected
2026-05-07 18:05:15,472 [INFO] 1 change detected
2026-05-07 18:05:15,884 [INFO] 1 change detected
2026-05-07 18:05:16,295 [INFO] 1 change detected
2026-05-07 18:05:16,699 [INFO] 1 change detected
2026-05-07 18:05:17,111 [INFO] 1 change detected
2026-05-07 18:05:17,522 [INFO] 1 change detected
2026-05-07 18:05:17,877 [INFO] 1 change detected
2026-05-07 18:05:18,286 [INFO] 1 change detected
2026-05-07 18:05:18,287 [INFO] 1 change detected
2026-05-07 18:05:18,699 [INFO] 1 change detected
2026-05-07 18:05:19,105 [INFO] 1 change detected
2026-05-07 18:05:19,512 [INFO] 1 change detected
2026-05-07 18:05:19,513 [INFO] 1 change detected
2026-05-07 18:05:19,871 [INFO] 1 change detected
2026-05-07 18:05:20,282 [INFO] 1 change detected
2026-05-07 18:05:20,693 [INFO] 1 change detected
2026-05-07 18:05:21,098 [INFO] 1 change detected
2026-05-07 18:05:21,453 [INFO] 1 change detected
2026-05-07 18:05:21,871 [INFO] 1 change detected
2026-05-07 18:05:22,281 [INFO] 1 change detected
2026-05-07 18:05:22,282 [INFO] 1 change detected
2026-05-07 18:05:22,687 [INFO] 1 change detected
2026-05-07 18:05:23,038 [INFO] 1 change detected
2026-05-07 18:05:23,446 [INFO] 1 change detected
2026-05-07 18:05:23,849 [INFO] 1 change detected
2026-05-07 18:05:23,849 [INFO] 1 change detected
2026-05-07 18:05:24,261 [INFO] 1 change detected
2026-05-07 18:05:24,665 [INFO] 1 change detected
2026-05-07 18:05:25,076 [INFO] 1 change detected
2026-05-07 18:05:25,077 [INFO] 1 change detected
2026-05-07 18:05:25,431 [INFO] 1 change detected
2026-05-07 18:05:25,432 [INFO] 1 change detected
2026-05-07 18:05:25,837 [INFO] 1 change detected
2026-05-07 18:05:26,242 [INFO] 1 change detected
2026-05-07 18:05:26,243 [INFO] 1 change detected
2026-05-07 18:05:26,654 [INFO] 1 change detected
2026-05-07 18:05:27,065 [INFO] 1 change detected
2026-05-07 18:05:27,066 [INFO] 1 change detected
2026-05-07 18:05:27,422 [INFO] 1 change detected
2026-05-07 18:05:27,787 [INFO] 5 changes detected
2026-05-07 18:05:28,153 [INFO] 1 change detected
2026-05-07 18:05:28,153 [INFO] 1 change detected
2026-05-07 18:05:28,517 [INFO] 1 change detected
2026-05-07 18:05:28,877 [INFO] 1 change detected
2026-05-07 18:05:29,282 [INFO] 1 change detected
2026-05-07 18:05:29,695 [INFO] 1 change detected
2026-05-07 18:05:30,048 [INFO] 1 change detected
2026-05-07 18:05:30,455 [INFO] 1 change detected
2026-05-07 18:05:30,455 [INFO] 1 change detected
2026-05-07 18:05:30,861 [INFO] 1 change detected
2026-05-07 18:05:30,861 [INFO] 1 change detected
2026-05-07 18:05:31,264 [INFO] 1 change detected
2026-05-07 18:05:31,264 [INFO] 1 change detected
2026-05-07 18:05:31,671 [INFO] 1 change detected
2026-05-07 18:05:32,043 [INFO] 1 change detected
2026-05-07 18:05:32,450 [INFO] 1 change detected
2026-05-07 18:05:32,865 [INFO] 1 change detected
2026-05-07 18:05:33,277 [INFO] 1 change detected
2026-05-07 18:05:33,638 [INFO] 1 change detected
2026-05-07 18:05:34,045 [INFO] 1 change detected
2026-05-07 18:05:34,045 [INFO] 1 change detected
2026-05-07 18:05:34,447 [INFO] 1 change detected
2026-05-07 18:05:34,460 [INFO] 1 change detected
2026-05-07 18:05:34,850 [INFO] 1 change detected
2026-05-07 18:05:34,862 [INFO] 1 change detected
2026-05-07 18:05:35,256 [INFO] 1 change detected
2026-05-07 18:05:35,267 [INFO] 1 change detected
2026-05-07 18:05:35,627 [INFO] 1 change detected
2026-05-07 18:05:35,665 [INFO] 1 change detected
2026-05-07 18:05:36,026 [INFO] 1 change detected
2026-05-07 18:05:36,033 [INFO] 1 change detected
2026-05-07 18:05:36,438 [INFO] 1 change detected
2026-05-07 18:05:36,849 [INFO] 1 change detected
2026-05-07 18:05:37,255 [INFO] 1 change detected
2026-05-07 18:05:37,660 [INFO] 1 change detected
2026-05-07 18:05:38,012 [INFO] 1 change detected
2026-05-07 18:05:38,416 [INFO] 1 change detected
2026-05-07 18:05:38,822 [INFO] 1 change detected
2026-05-07 18:05:39,225 [INFO] 1 change detected
2026-05-07 18:05:39,583 [INFO] 1 change detected
2026-05-07 18:05:39,634 [INFO] 1 change detected
2026-05-07 18:05:39,987 [INFO] 1 change detected
2026-05-07 18:05:39,988 [INFO] 1 change detected
2026-05-07 18:05:40,399 [INFO] 1 change detected
2026-05-07 18:05:40,810 [INFO] 1 change detected
2026-05-07 18:05:41,223 [INFO] 1 change detected
2026-05-07 18:05:41,583 [INFO] 1 change detected
2026-05-07 18:05:41,995 [INFO] 1 change detected
2026-05-07 18:05:42,405 [INFO] 1 change detected
2026-05-07 18:05:42,406 [INFO] 1 change detected
2026-05-07 18:05:42,812 [INFO] 1 change detected
2026-05-07 18:05:43,216 [INFO] 1 change detected
2026-05-07 18:05:43,622 [INFO] 1 change detected
2026-05-07 18:05:44,032 [INFO] 1 change detected
2026-05-07 18:05:44,394 [INFO] 1 change detected
2026-05-07 18:05:44,801 [INFO] 1 change detected
2026-05-07 18:05:44,802 [INFO] 1 change detected
2026-05-07 18:05:45,206 [INFO] 1 change detected
2026-05-07 18:05:45,616 [INFO] 1 change detected
2026-05-07 18:05:46,021 [INFO] 1 change detected
2026-05-07 18:05:46,021 [INFO] 1 change detected
2026-05-07 18:05:46,432 [INFO] 1 change detected
2026-05-07 18:05:46,787 [INFO] 1 change detected
2026-05-07 18:05:46,787 [INFO] 1 change detected
2026-05-07 18:05:47,192 [INFO] 1 change detected
2026-05-07 18:05:47,192 [INFO] 1 change detected
2026-05-07 18:05:47,604 [INFO] 1 change detected
2026-05-07 18:05:48,019 [INFO] 1 change detected
2026-05-07 18:05:48,422 [INFO] 1 change detected
2026-05-07 18:05:48,782 [INFO] 1 change detected
2026-05-07 18:05:49,193 [INFO] 1 change detected
2026-05-07 18:05:49,598 [INFO] 1 change detected
2026-05-07 18:05:50,013 [INFO] 1 change detected
2026-05-07 18:05:50,478 [INFO] 6 changes detected
2026-05-07 18:05:50,478 [INFO] 6 changes detected
2026-05-07 18:05:50,840 [INFO] 1 change detected
2026-05-07 18:05:51,250 [INFO] 1 change detected
2026-05-07 18:05:51,662 [INFO] 1 change detected
2026-05-07 18:05:52,066 [INFO] 1 change detected
2026-05-07 18:05:52,476 [INFO] 1 change detected
2026-05-07 18:05:52,476 [INFO] 1 change detected
2026-05-07 18:05:52,837 [INFO] 1 change detected
2026-05-07 18:05:52,837 [INFO] 1 change detected
2026-05-07 18:05:53,289 [INFO] 1 change detected
2026-05-07 18:05:53,653 [INFO] 1 change detected
2026-05-07 18:05:53,654 [INFO] 1 change detected
2026-05-07 18:05:54,061 [INFO] 1 change detected
2026-05-07 18:05:54,464 [INFO] 1 change detected
2026-05-07 18:05:54,876 [INFO] 1 change detected
2026-05-07 18:05:55,282 [INFO] 1 change detected
2026-05-07 18:05:55,638 [INFO] 1 change detected
2026-05-07 18:05:55,638 [INFO] 1 change detected
2026-05-07 18:05:56,038 [INFO] 新用户注册: id=2 phone=13800138000
2026-05-07 18:05:56,144 [INFO] 7 changes detected
2026-05-07 18:05:56,505 [INFO] 2 changes detected
2026-05-07 18:05:56,910 [INFO] 1 change detected
2026-05-07 18:05:57,312 [INFO] 1 change detected
2026-05-07 18:05:57,726 [INFO] 1 change detected
2026-05-07 18:05:58,087 [INFO] 1 change detected
2026-05-07 18:05:58,493 [INFO] 1 change detected
2026-05-07 18:05:58,909 [INFO] 1 change detected
2026-05-07 18:05:59,271 [INFO] 1 change detected
2026-05-07 18:05:59,687 [INFO] 1 change detected
2026-05-07 18:06:00,099 [INFO] 1 change detected
2026-05-07 18:06:00,504 [INFO] 1 change detected
2026-05-07 18:06:00,915 [INFO] 1 change detected
2026-05-07 18:06:01,276 [INFO] 1 change detected
2026-05-07 18:06:01,276 [INFO] 1 change detected
2026-05-07 18:06:01,688 [INFO] 1 change detected
2026-05-07 18:06:02,099 [INFO] 1 change detected
2026-05-07 18:06:02,502 [INFO] 1 change detected
2026-05-07 18:06:02,909 [INFO] 1 change detected
2026-05-07 18:06:02,909 [INFO] 1 change detected
2026-05-07 18:06:03,321 [INFO] 1 change detected
2026-05-07 18:06:03,732 [INFO] 1 change detected
2026-05-07 18:06:04,136 [INFO] 1 change detected
2026-05-07 18:06:04,136 [INFO] 1 change detected
2026-05-07 18:06:04,547 [INFO] 1 change detected
2026-05-07 18:06:04,901 [INFO] 1 change detected
2026-05-07 18:06:05,307 [INFO] 1 change detected
2026-05-07 18:06:05,709 [INFO] 1 change detected
2026-05-07 18:06:06,111 [INFO] 1 change detected
2026-05-07 18:06:06,111 [INFO] 1 change detected
2026-05-07 18:06:06,470 [INFO] 1 change detected
2026-05-07 18:06:06,883 [INFO] 1 change detected
2026-05-07 18:06:07,293 [INFO] 1 change detected
2026-05-07 18:06:07,694 [INFO] 1 change detected
2026-05-07 18:06:08,060 [INFO] 1 change detected
2026-05-07 18:06:08,060 [INFO] 1 change detected
2026-05-07 18:06:08,471 [INFO] 1 change detected
2026-05-07 18:06:08,876 [INFO] 1 change detected
2026-05-07 18:06:08,876 [INFO] 1 change detected
2026-05-07 18:06:09,288 [INFO] 1 change detected
2026-05-07 18:06:09,649 [INFO] 1 change detected
2026-05-07 18:06:10,060 [INFO] 1 change detected
2026-05-07 18:06:10,473 [INFO] 1 change detected
2026-05-07 18:06:10,876 [INFO] 1 change detected
2026-05-07 18:06:11,278 [INFO] 1 change detected
2026-05-07 18:06:11,682 [INFO] 1 change detected
2026-05-07 18:06:12,044 [INFO] 1 change detected
2026-05-07 18:06:12,455 [INFO] 1 change detected
2026-05-07 18:06:12,860 [INFO] 1 change detected
2026-05-07 18:06:13,271 [INFO] 1 change detected
2026-05-07 18:06:13,272 [INFO] 1 change detected
2026-05-07 18:06:13,627 [INFO] 1 change detected
2026-05-07 18:06:14,032 [INFO] 1 change detected
2026-05-07 18:06:14,485 [INFO] 1 change detected
2026-05-07 18:06:14,486 [INFO] 1 change detected
2026-05-07 18:06:14,848 [INFO] 1 change detected
2026-05-07 18:06:15,255 [INFO] 1 change detected
2026-05-07 18:06:15,665 [INFO] 1 change detected
2026-05-07 18:06:16,067 [INFO] 1 change detected
2026-05-07 18:06:16,418 [INFO] 1 change detected
2026-05-07 18:06:16,826 [INFO] 1 change detected
2026-05-07 18:06:17,237 [INFO] 1 change detected
2026-05-07 18:06:17,596 [INFO] 1 change detected
2026-05-07 18:06:18,004 [INFO] 1 change detected
2026-05-07 18:06:18,004 [INFO] 1 change detected
2026-05-07 18:06:18,416 [INFO] 1 change detected
2026-05-07 18:06:18,821 [INFO] 1 change detected
2026-05-07 18:06:19,180 [INFO] 1 change detected
2026-05-07 18:06:19,583 [INFO] 1 change detected
2026-05-07 18:06:19,992 [INFO] 1 change detected
2026-05-07 18:06:20,402 [INFO] 1 change detected
2026-05-07 18:06:20,766 [INFO] 1 change detected
2026-05-07 18:06:20,766 [INFO] 1 change detected
2026-05-07 18:06:21,176 [INFO] 1 change detected
2026-05-07 18:06:21,585 [INFO] 1 change detected
2026-05-07 18:06:21,949 [INFO] 1 change detected
2026-05-07 18:06:22,362 [INFO] 1 change detected
2026-05-07 18:06:22,362 [INFO] 1 change detected
2026-05-07 18:06:22,778 [INFO] 1 change detected
2026-05-07 18:06:23,136 [INFO] 1 change detected
2026-05-07 18:06:23,136 [INFO] 1 change detected
2026-05-07 18:06:23,588 [INFO] 1 change detected
2026-05-07 18:06:23,589 [INFO] 1 change detected
2026-05-07 18:06:23,994 [INFO] 1 change detected
2026-05-07 18:06:24,398 [INFO] 1 change detected
2026-05-07 18:06:24,399 [INFO] 1 change detected
2026-05-07 18:06:24,803 [INFO] 1 change detected
2026-05-07 18:06:24,804 [INFO] 1 change detected
2026-05-07 18:06:25,167 [INFO] 1 change detected
2026-05-07 18:06:25,571 [INFO] 1 change detected
2026-05-07 18:06:25,980 [INFO] 1 change detected
2026-05-07 18:06:26,383 [INFO] 1 change detected
2026-05-07 18:06:26,383 [INFO] 1 change detected
2026-05-07 18:06:26,798 [INFO] 1 change detected
2026-05-07 18:06:27,150 [INFO] 1 change detected
2026-05-07 18:06:27,603 [INFO] 1 change detected
2026-05-07 18:06:27,966 [INFO] 1 change detected
2026-05-07 18:06:28,375 [INFO] 1 change detected
2026-05-07 18:06:28,375 [INFO] 1 change detected
2026-05-07 18:06:28,787 [INFO] 1 change detected
2026-05-07 18:06:29,198 [INFO] 1 change detected
2026-05-07 18:06:29,558 [INFO] 1 change detected
2026-05-07 18:06:29,973 [INFO] 1 change detected
2026-05-07 18:06:30,376 [INFO] 1 change detected
2026-05-07 18:06:30,786 [INFO] 1 change detected
2026-05-07 18:06:30,787 [INFO] 1 change detected
2026-05-07 18:06:31,197 [INFO] 1 change detected
2026-05-07 18:06:31,608 [INFO] 1 change detected
2026-05-07 18:06:32,011 [INFO] 1 change detected
2026-05-07 18:06:32,416 [INFO] 1 change detected
2026-05-07 18:06:32,417 [INFO] 1 change detected
2026-05-07 18:06:32,781 [INFO] 1 change detected
2026-05-07 18:06:32,781 [INFO] 1 change detected
2026-05-07 18:06:33,193 [INFO] 1 change detected
2026-05-07 18:06:33,193 [INFO] 1 change detected
2026-05-07 18:06:33,603 [INFO] 1 change detected
2026-05-07 18:06:33,603 [INFO] 1 change detected
2026-05-07 18:06:34,007 [INFO] 1 change detected
2026-05-07 18:06:34,412 [INFO] 1 change detected
2026-05-07 18:06:34,826 [INFO] 1 change detected
2026-05-07 18:06:34,826 [INFO] 1 change detected
2026-05-07 18:06:35,237 [INFO] 1 change detected
2026-05-07 18:06:35,639 [INFO] 1 change detected
2026-05-07 18:06:35,639 [INFO] 1 change detected
2026-05-07 18:06:36,051 [INFO] 1 change detected
2026-05-07 18:06:36,051 [INFO] 1 change detected
2026-05-07 18:06:36,461 [INFO] 1 change detected
2026-05-07 18:06:36,461 [INFO] 1 change detected
2026-05-07 18:06:36,866 [INFO] 1 change detected
2026-05-07 18:06:37,271 [INFO] 1 change detected
2026-05-07 18:06:37,674 [INFO] 1 change detected
2026-05-07 18:06:38,083 [INFO] 1 change detected
2026-05-07 18:06:38,444 [INFO] 1 change detected
2026-05-07 18:06:38,855 [INFO] 1 change detected
2026-05-07 18:06:39,260 [INFO] 1 change detected
2026-05-07 18:06:39,261 [INFO] 1 change detected
2026-05-07 18:06:39,623 [INFO] 1 change detected
2026-05-07 18:06:40,028 [INFO] 1 change detected
2026-05-07 18:06:40,438 [INFO] 1 change detected
2026-05-07 18:06:40,849 [INFO] 1 change detected
2026-05-07 18:06:41,260 [INFO] 1 change detected
2026-05-07 18:06:41,260 [INFO] 1 change detected
2026-05-07 18:06:41,666 [INFO] 1 change detected
2026-05-07 18:06:42,026 [INFO] 1 change detected
2026-05-07 18:06:42,026 [INFO] 1 change detected
2026-05-07 18:06:42,438 [INFO] 1 change detected
2026-05-07 18:06:42,438 [INFO] 1 change detected
2026-05-07 18:06:42,846 [INFO] 1 change detected
2026-05-07 18:06:43,256 [INFO] 1 change detected
2026-05-07 18:06:43,616 [INFO] 1 change detected
2026-05-07 18:06:44,023 [INFO] 1 change detected
2026-05-07 18:06:44,024 [INFO] 1 change detected
2026-05-07 18:06:44,432 [INFO] 1 change detected
2026-05-07 18:06:44,839 [INFO] 1 change detected
2026-05-07 18:06:45,253 [INFO] 1 change detected
2026-05-07 18:06:45,253 [INFO] 1 change detected
2026-05-07 18:06:45,659 [INFO] 1 change detected
2026-05-07 18:06:45,659 [INFO] 1 change detected
2026-05-07 18:06:46,065 [INFO] 1 change detected
2026-05-07 18:06:46,430 [INFO] 1 change detected
2026-05-07 18:06:46,832 [INFO] 1 change detected
2026-05-07 18:06:47,248 [INFO] 1 change detected
2026-05-07 18:06:47,662 [INFO] 1 change detected
2026-05-07 18:06:48,071 [INFO] 1 change detected
2026-05-07 18:06:48,072 [INFO] 1 change detected
2026-05-07 18:06:48,426 [INFO] 1 change detected
2026-05-07 18:06:48,833 [INFO] 1 change detected
2026-05-07 18:06:49,245 [INFO] 1 change detected
2026-05-07 18:06:49,659 [INFO] 1 change detected
2026-05-07 18:06:49,659 [INFO] 1 change detected
2026-05-07 18:06:50,070 [INFO] 1 change detected
2026-05-07 18:06:50,070 [INFO] 1 change detected
2026-05-07 18:06:50,476 [INFO] 1 change detected
2026-05-07 18:06:50,842 [INFO] 1 change detected
2026-05-07 18:06:51,244 [INFO] 1 change detected
2026-05-07 18:06:51,657 [INFO] 1 change detected
2026-05-07 18:06:52,061 [INFO] 1 change detected
2026-05-07 18:06:52,061 [INFO] 1 change detected
2026-05-07 18:06:52,466 [INFO] 1 change detected
2026-05-07 18:06:52,466 [INFO] 1 change detected
2026-05-07 18:06:52,832 [INFO] 1 change detected
2026-05-07 18:06:53,241 [INFO] 1 change detected
2026-05-07 18:06:53,241 [INFO] 1 change detected
2026-05-07 18:06:53,653 [INFO] 1 change detected
2026-05-07 18:06:54,017 [INFO] 1 change detected
2026-05-07 18:06:54,017 [INFO] 1 change detected
2026-05-07 18:06:54,432 [INFO] 1 change detected
2026-05-07 18:06:54,835 [INFO] 1 change detected
2026-05-07 18:06:55,247 [INFO] 1 change detected
2026-05-07 18:06:55,654 [INFO] 1 change detected
2026-05-07 18:06:55,654 [INFO] 1 change detected
2026-05-07 18:06:56,017 [INFO] 1 change detected
2026-05-07 18:06:56,425 [INFO] 1 change detected
2026-05-07 18:06:56,828 [INFO] 1 change detected
2026-05-07 18:06:57,241 [INFO] 1 change detected
2026-05-07 18:06:57,643 [INFO] 1 change detected
2026-05-07 18:06:58,047 [INFO] 1 change detected
2026-05-07 18:06:58,456 [INFO] 1 change detected
2026-05-07 18:06:58,456 [INFO] 1 change detected
2026-05-07 18:06:58,867 [INFO] 1 change detected
2026-05-07 18:06:59,229 [INFO] 1 change detected
2026-05-07 18:06:59,630 [INFO] 1 change detected
2026-05-07 18:06:59,630 [INFO] 1 change detected
2026-05-07 18:07:00,032 [INFO] 1 change detected
2026-05-07 18:07:00,441 [INFO] 1 change detected
2026-05-07 18:07:00,442 [INFO] 1 change detected
2026-05-07 18:07:00,857 [INFO] 1 change detected
2026-05-07 18:07:01,220 [INFO] 1 change detected
2026-05-07 18:07:01,636 [INFO] 1 change detected
2026-05-07 18:07:01,636 [INFO] 1 change detected
2026-05-07 18:07:02,054 [INFO] 1 change detected
2026-05-07 18:07:02,417 [INFO] 1 change detected
2026-05-07 18:07:02,819 [INFO] 1 change detected
2026-05-07 18:07:03,222 [INFO] 1 change detected
2026-05-07 18:07:03,629 [INFO] 1 change detected
2026-05-07 18:07:04,034 [INFO] 1 change detected
2026-05-07 18:07:04,387 [INFO] 1 change detected
2026-05-07 18:07:04,802 [INFO] 1 change detected
2026-05-07 18:07:04,802 [INFO] 1 change detected
2026-05-07 18:07:05,205 [INFO] 1 change detected
2026-05-07 18:07:05,205 [INFO] 1 change detected
2026-05-07 18:07:05,619 [INFO] 1 change detected
2026-05-07 18:07:05,619 [INFO] 1 change detected
2026-05-07 18:07:06,026 [INFO] 1 change detected
2026-05-07 18:07:06,429 [INFO] 1 change detected
2026-05-07 18:07:06,843 [INFO] 1 change detected
2026-05-07 18:07:07,247 [INFO] 1 change detected
2026-05-07 18:07:07,248 [INFO] 1 change detected
2026-05-07 18:07:07,604 [INFO] 1 change detected
2026-05-07 18:07:07,604 [INFO] 1 change detected
2026-05-07 18:07:08,017 [INFO] 1 change detected
2026-05-07 18:07:08,017 [INFO] 1 change detected
2026-05-07 18:07:08,426 [INFO] 1 change detected
2026-05-07 18:07:08,839 [INFO] 1 change detected
2026-05-07 18:07:08,839 [INFO] 1 change detected
2026-05-07 18:07:09,201 [INFO] 1 change detected
2026-05-07 18:07:09,613 [INFO] 1 change detected
2026-05-07 18:07:09,613 [INFO] 1 change detected
2026-05-07 18:07:10,025 [INFO] 1 change detected
2026-05-07 18:07:10,434 [INFO] 1 change detected
2026-05-07 18:07:10,839 [INFO] 1 change detected
2026-05-07 18:07:11,242 [INFO] 1 change detected
2026-05-07 18:07:11,242 [INFO] 1 change detected
2026-05-07 18:07:11,653 [INFO] 1 change detected
2026-05-07 18:07:12,067 [INFO] 1 change detected
2026-05-07 18:07:12,483 [INFO] 1 change detected
2026-05-07 18:07:12,483 [INFO] 1 change detected
2026-05-07 18:07:12,843 [INFO] 1 change detected
2026-05-07 18:07:12,843 [INFO] 1 change detected
2026-05-07 18:07:13,259 [INFO] 1 change detected
2026-05-07 18:07:13,624 [INFO] 1 change detected
2026-05-07 18:07:14,037 [INFO] 1 change detected
2026-05-07 18:07:14,444 [INFO] 1 change detected
2026-05-07 18:07:14,795 [INFO] 1 change detected
2026-05-07 18:07:15,206 [INFO] 1 change detected
2026-05-07 18:07:15,206 [INFO] 1 change detected
2026-05-07 18:07:15,617 [INFO] 1 change detected
2026-05-07 18:07:16,027 [INFO] 1 change detected
2026-05-07 18:07:16,386 [INFO] 1 change detected
2026-05-07 18:07:16,386 [INFO] 1 change detected
2026-05-07 18:07:16,796 [INFO] 1 change detected
2026-05-07 18:07:16,797 [INFO] 1 change detected
2026-05-07 18:07:17,206 [INFO] 1 change detected
2026-05-07 18:07:17,207 [INFO] 1 change detected
2026-05-07 18:07:17,610 [INFO] 1 change detected
2026-05-07 18:07:17,610 [INFO] 1 change detected
2026-05-07 18:07:18,022 [INFO] 1 change detected
2026-05-07 18:07:18,022 [INFO] 1 change detected
2026-05-07 18:07:18,427 [INFO] 1 change detected
2026-05-07 18:07:18,427 [INFO] 1 change detected
2026-05-07 18:07:18,836 [INFO] 1 change detected
2026-05-07 18:07:19,195 [INFO] 1 change detected
2026-05-07 18:07:19,599 [INFO] 1 change detected
2026-05-07 18:07:20,008 [INFO] 1 change detected
2026-05-07 18:07:20,008 [INFO] 1 change detected
2026-05-07 18:07:20,372 [INFO] 1 change detected
2026-05-07 18:07:20,372 [INFO] 1 change detected
2026-05-07 18:07:20,786 [INFO] 1 change detected
2026-05-07 18:07:21,137 [INFO] 4 changes detected
2026-05-07 18:08:14,592 [INFO] 数据库初始化完成
2026-05-07 18:08:14,650 [INFO] 10 changes detected
2026-05-07 18:08:15,015 [INFO] 1 change detected
2026-05-07 18:08:15,368 [INFO] 1 change detected
2026-05-07 18:08:15,728 [INFO] 1 change detected
2026-05-07 18:08:16,082 [INFO] 1 change detected
2026-05-07 18:08:16,446 [INFO] 1 change detected
2026-05-07 18:08:16,804 [INFO] 1 change detected
2026-05-07 18:08:17,160 [INFO] 6 changes detected
2026-05-07 18:08:17,571 [INFO] 1 change detected
2026-05-07 18:08:17,923 [INFO] 1 change detected
2026-05-07 18:08:18,336 [INFO] 1 change detected
2026-05-07 18:08:18,750 [INFO] 1 change detected
2026-05-07 18:08:19,110 [INFO] 1 change detected
2026-05-07 18:08:19,516 [INFO] 1 change detected
2026-05-07 18:08:19,922 [INFO] 1 change detected
2026-05-07 18:08:20,337 [INFO] 1 change detected
2026-05-07 18:08:20,746 [INFO] 1 change detected
2026-05-07 18:08:21,105 [INFO] 1 change detected
2026-05-07 18:08:21,511 [INFO] 1 change detected
2026-05-07 18:08:21,922 [INFO] 1 change detected
2026-05-07 18:08:22,337 [INFO] 1 change detected
2026-05-07 18:08:22,747 [INFO] 1 change detected
2026-05-07 18:08:23,113 [INFO] 1 change detected
2026-05-07 18:08:23,527 [INFO] 1 change detected
2026-05-07 18:08:23,932 [INFO] 1 change detected
2026-05-07 18:08:24,338 [INFO] 1 change detected
2026-05-07 18:08:24,742 [INFO] 1 change detected
2026-05-07 18:08:25,100 [INFO] 1 change detected
2026-05-07 18:08:25,515 [INFO] 1 change detected
2026-05-07 18:08:25,927 [INFO] 1 change detected
2026-05-07 18:08:26,339 [INFO] 1 change detected
2026-05-07 18:08:26,744 [INFO] 1 change detected
2026-05-07 18:08:27,147 [INFO] 1 change detected
2026-05-07 18:08:27,553 [INFO] 1 change detected
2026-05-07 18:08:27,964 [INFO] 1 change detected
2026-05-07 18:08:28,370 [INFO] 1 change detected
2026-05-07 18:08:28,773 [INFO] 1 change detected
2026-05-07 18:08:29,130 [INFO] 1 change detected
2026-05-07 18:08:29,542 [INFO] 1 change detected
2026-05-07 18:08:29,954 [INFO] 1 change detected
2026-05-07 18:08:30,356 [INFO] 1 change detected
2026-05-07 18:08:30,773 [INFO] 1 change detected
2026-05-07 18:08:31,128 [INFO] 1 change detected
2026-05-07 18:08:31,539 [INFO] 1 change detected
2026-05-07 18:08:31,948 [INFO] 1 change detected
2026-05-07 18:08:32,352 [INFO] 1 change detected
2026-05-07 18:08:32,768 [INFO] 1 change detected
2026-05-07 18:08:33,182 [INFO] 1 change detected
2026-05-07 18:08:33,547 [INFO] 1 change detected
2026-05-07 18:08:33,953 [INFO] 1 change detected
2026-05-07 18:08:34,367 [INFO] 1 change detected
2026-05-07 18:08:34,724 [INFO] 1 change detected
2026-05-07 18:08:35,131 [INFO] 1 change detected
2026-05-07 18:08:35,544 [INFO] 1 change detected
2026-05-07 18:08:35,949 [INFO] 1 change detected
2026-05-07 18:08:36,354 [INFO] 1 change detected
2026-05-07 18:08:36,756 [INFO] 1 change detected
2026-05-07 18:08:37,122 [INFO] 1 change detected
2026-05-07 18:08:37,537 [INFO] 1 change detected
2026-05-07 18:08:37,943 [INFO] 1 change detected
2026-05-07 18:08:38,355 [INFO] 1 change detected
2026-05-07 18:08:38,767 [INFO] 1 change detected
2026-05-07 18:08:39,131 [INFO] 1 change detected
2026-05-07 18:08:39,533 [INFO] 1 change detected
2026-05-07 18:08:39,947 [INFO] 1 change detected
2026-05-07 18:08:40,363 [INFO] 1 change detected
2026-05-07 18:08:40,767 [INFO] 1 change detected
2026-05-07 18:08:41,175 [INFO] 1 change detected
2026-05-07 18:08:41,586 [INFO] 1 change detected
2026-05-07 18:08:41,997 [INFO] 1 change detected
2026-05-07 18:08:42,353 [INFO] 1 change detected
2026-05-07 18:08:42,763 [INFO] 1 change detected
2026-05-07 18:08:43,177 [INFO] 1 change detected
2026-05-07 18:08:43,538 [INFO] 1 change detected
2026-05-07 18:08:43,950 [INFO] 1 change detected
2026-05-07 18:08:44,362 [INFO] 1 change detected
2026-05-07 18:08:44,777 [INFO] 1 change detected
2026-05-07 18:08:45,185 [INFO] 1 change detected
2026-05-07 18:08:45,547 [INFO] 1 change detected
2026-05-07 18:08:45,966 [INFO] 1 change detected
2026-05-07 18:08:46,372 [INFO] 1 change detected
2026-05-07 18:08:46,774 [INFO] 1 change detected
2026-05-07 18:08:47,136 [INFO] 1 change detected
2026-05-07 18:08:47,547 [INFO] 1 change detected
2026-05-07 18:08:47,954 [INFO] 1 change detected
2026-05-07 18:08:48,366 [INFO] 6 changes detected
2026-05-07 18:08:48,779 [INFO] 1 change detected
2026-05-07 18:08:49,138 [INFO] 1 change detected
2026-05-07 18:08:49,552 [INFO] 1 change detected
2026-05-07 18:08:49,958 [INFO] 1 change detected
2026-05-07 18:08:50,361 [INFO] 1 change detected
2026-05-07 18:08:50,721 [INFO] 1 change detected
2026-05-07 18:08:51,131 [INFO] 1 change detected
2026-05-07 18:08:51,534 [INFO] 1 change detected
2026-05-07 18:08:51,947 [INFO] 1 change detected
2026-05-07 18:08:52,310 [INFO] 1 change detected
2026-05-07 18:08:52,723 [INFO] 1 change detected
2026-05-07 18:08:53,137 [INFO] 1 change detected
2026-05-07 18:08:53,546 [INFO] 1 change detected
2026-05-07 18:08:53,948 [INFO] 1 change detected
2026-05-07 18:08:54,358 [INFO] 1 change detected
2026-05-07 18:08:54,717 [INFO] 5 changes detected
2026-05-07 18:08:55,076 [INFO] 1 change detected
2026-05-07 18:08:55,435 [INFO] 1 change detected
2026-05-07 18:08:55,794 [INFO] 1 change detected
2026-05-07 18:08:56,152 [INFO] 1 change detected
2026-05-07 18:08:56,558 [INFO] 1 change detected
2026-05-07 18:08:56,923 [INFO] 1 change detected
2026-05-07 18:08:57,326 [INFO] 1 change detected
2026-05-07 18:08:57,730 [INFO] 1 change detected
2026-05-07 18:08:58,145 [INFO] 1 change detected
2026-05-07 18:08:58,497 [INFO] 1 change detected
2026-05-07 18:08:58,906 [INFO] 1 change detected
2026-05-07 18:08:59,317 [INFO] 1 change detected
2026-05-07 18:08:59,721 [INFO] 1 change detected
2026-05-07 18:09:00,133 [INFO] 1 change detected
2026-05-07 18:09:00,492 [INFO] 1 change detected
2026-05-07 18:09:00,908 [INFO] 1 change detected
2026-05-07 18:09:01,365 [INFO] 6 changes detected
2026-05-07 18:09:01,782 [INFO] 1 change detected
2026-05-07 18:09:02,140 [INFO] 1 change detected
2026-05-07 18:09:02,553 [INFO] 1 change detected
2026-05-07 18:09:02,967 [INFO] 1 change detected
2026-05-07 18:09:03,371 [INFO] 1 change detected
2026-05-07 18:09:03,732 [INFO] 1 change detected
2026-05-07 18:09:04,147 [INFO] 1 change detected
2026-05-07 18:09:04,557 [INFO] 1 change detected
2026-05-07 18:09:04,963 [INFO] 1 change detected
2026-05-07 18:09:05,365 [INFO] 1 change detected
2026-05-07 18:09:05,727 [INFO] 1 change detected
2026-05-07 18:09:06,144 [INFO] 1 change detected
2026-05-07 18:09:06,549 [INFO] 1 change detected
2026-05-07 18:09:06,962 [INFO] 1 change detected
2026-05-07 18:09:07,373 [INFO] 1 change detected
2026-05-07 18:09:07,777 [INFO] 1 change detected
2026-05-07 18:09:08,142 [INFO] 1 change detected
2026-05-07 18:09:08,555 [INFO] 1 change detected
2026-05-07 18:09:08,961 [INFO] 1 change detected
2026-05-07 18:09:09,365 [INFO] 1 change detected
2026-05-07 18:09:09,769 [INFO] 1 change detected
2026-05-07 18:09:10,171 [INFO] 1 change detected
2026-05-07 18:09:10,534 [INFO] 1 change detected
2026-05-07 18:09:10,944 [INFO] 1 change detected
2026-05-07 18:09:11,350 [INFO] 1 change detected
2026-05-07 18:09:11,761 [INFO] 1 change detected
2026-05-07 18:09:12,164 [INFO] 1 change detected
2026-05-07 18:09:12,566 [INFO] 1 change detected
2026-05-07 18:09:12,926 [INFO] 1 change detected
2026-05-07 18:09:13,333 [INFO] 1 change detected
2026-05-07 18:09:13,738 [INFO] 1 change detected
2026-05-07 18:09:14,147 [INFO] 1 change detected
2026-05-07 18:09:14,507 [INFO] 1 change detected
2026-05-07 18:09:14,923 [INFO] 1 change detected
2026-05-07 18:09:15,333 [INFO] 1 change detected
2026-05-07 18:09:15,737 [INFO] 1 change detected
2026-05-07 18:09:16,146 [INFO] 1 change detected
2026-05-07 18:09:16,555 [INFO] 1 change detected
2026-05-07 18:09:16,910 [INFO] 1 change detected
2026-05-07 18:09:17,325 [INFO] 1 change detected
2026-05-07 18:09:17,734 [INFO] 1 change detected
2026-05-07 18:09:18,097 [INFO] 1 change detected
2026-05-07 18:09:18,511 [INFO] 1 change detected
2026-05-07 18:09:18,875 [INFO] 1 change detected
2026-05-07 18:09:19,277 [INFO] 1 change detected
2026-05-07 18:09:19,682 [INFO] 1 change detected
2026-05-07 18:09:20,096 [INFO] 1 change detected
2026-05-07 18:09:20,500 [INFO] 1 change detected
2026-05-07 18:09:20,867 [INFO] 1 change detected
2026-05-07 18:09:21,279 [INFO] 1 change detected
2026-05-07 18:09:21,687 [INFO] 1 change detected
2026-05-07 18:09:22,045 [INFO] 1 change detected
2026-05-07 18:09:22,461 [INFO] 1 change detected
2026-05-07 18:09:22,872 [INFO] 1 change detected
2026-05-07 18:09:23,231 [INFO] 1 change detected
2026-05-07 18:09:23,636 [INFO] 1 change detected
2026-05-07 18:09:24,044 [INFO] 1 change detected
2026-05-07 18:09:24,450 [INFO] 1 change detected
2026-05-07 18:09:24,855 [INFO] 1 change detected
2026-05-07 18:09:25,206 [INFO] 1 change detected
2026-05-07 18:09:25,619 [INFO] 1 change detected
2026-05-07 18:09:26,032 [INFO] 1 change detected
2026-05-07 18:09:26,396 [INFO] 1 change detected
2026-05-07 18:09:26,808 [INFO] 1 change detected
2026-05-07 18:09:27,222 [INFO] 1 change detected
2026-05-07 18:09:27,627 [INFO] 1 change detected
2026-05-07 18:09:28,038 [INFO] 1 change detected
2026-05-07 18:09:28,450 [INFO] 1 change detected
2026-05-07 18:09:28,867 [INFO] 1 change detected
2026-05-07 18:09:29,271 [INFO] 1 change detected
2026-05-07 18:09:29,689 [INFO] 1 change detected
2026-05-07 18:09:30,045 [INFO] 1 change detected
2026-05-07 18:09:30,449 [INFO] 1 change detected
2026-05-07 18:09:30,855 [INFO] 1 change detected
2026-05-07 18:09:31,270 [INFO] 1 change detected
2026-05-07 18:09:31,682 [INFO] 1 change detected
2026-05-07 18:09:32,088 [INFO] 1 change detected
2026-05-07 18:09:32,500 [INFO] 1 change detected
2026-05-07 18:09:32,911 [INFO] 1 change detected
2026-05-07 18:09:33,316 [INFO] 1 change detected
2026-05-07 18:09:33,673 [INFO] 1 change detected
2026-05-07 18:09:34,082 [INFO] 1 change detected
2026-05-07 18:09:34,496 [INFO] 1 change detected
2026-05-07 18:09:34,850 [INFO] 5 changes detected
2026-05-07 18:09:35,201 [INFO] 1 change detected
2026-05-07 18:09:35,565 [INFO] 1 change detected
2026-05-07 18:09:35,916 [INFO] 1 change detected
2026-05-07 18:09:36,283 [INFO] 1 change detected
2026-05-07 18:09:36,640 [INFO] 1 change detected
2026-05-07 18:09:37,044 [INFO] 1 change detected
2026-05-07 18:09:37,455 [INFO] 1 change detected
2026-05-07 18:09:37,816 [INFO] 1 change detected
2026-05-07 18:09:38,227 [INFO] 1 change detected
2026-05-07 18:09:38,630 [INFO] 1 change detected
2026-05-07 18:09:39,032 [INFO] 1 change detected
2026-05-07 18:09:39,444 [INFO] 1 change detected
2026-05-07 18:09:39,806 [INFO] 1 change detected
2026-05-07 18:09:40,217 [INFO] 1 change detected
2026-05-07 18:09:40,579 [INFO] 1 change detected
2026-05-07 18:09:41,035 [INFO] 1 change detected
2026-05-07 18:09:41,395 [INFO] 1 change detected
2026-05-07 18:09:41,797 [INFO] 1 change detected
2026-05-07 18:09:42,206 [INFO] 1 change detected
2026-05-07 18:09:42,611 [INFO] 1 change detected
2026-05-07 18:09:42,972 [INFO] 1 change detected
2026-05-07 18:09:43,383 [INFO] 1 change detected
2026-05-07 18:09:43,785 [INFO] 1 change detected
2026-05-07 18:09:44,193 [INFO] 1 change detected
2026-05-07 18:09:44,607 [INFO] 1 change detected
2026-05-07 18:09:45,017 [INFO] 1 change detected
2026-05-07 18:09:45,382 [INFO] 1 change detected
2026-05-07 18:09:45,797 [INFO] 1 change detected
2026-05-07 18:09:46,203 [INFO] 1 change detected
2026-05-07 18:09:46,619 [INFO] 1 change detected
2026-05-07 18:09:46,976 [INFO] 1 change detected
2026-05-07 18:09:47,384 [INFO] 1 change detected
2026-05-07 18:09:47,794 [INFO] 1 change detected
2026-05-07 18:09:48,206 [INFO] 1 change detected
2026-05-07 18:09:48,571 [INFO] 1 change detected
2026-05-07 18:09:48,977 [INFO] 1 change detected
2026-05-07 18:09:49,381 [INFO] 1 change detected
2026-05-07 18:09:49,783 [INFO] 1 change detected
2026-05-07 18:09:50,195 [INFO] 1 change detected
2026-05-07 18:09:50,653 [INFO] 6 changes detected
2026-05-07 18:09:51,056 [INFO] 1 change detected
2026-05-07 18:09:51,472 [INFO] 1 change detected
2026-05-07 18:09:51,877 [INFO] 1 change detected
2026-05-07 18:09:52,244 [INFO] 1 change detected
2026-05-07 18:09:52,652 [INFO] 1 change detected
2026-05-07 18:09:53,056 [INFO] 1 change detected
2026-05-07 18:09:53,419 [INFO] 1 change detected
2026-05-07 18:09:53,826 [INFO] 1 change detected
2026-05-07 18:09:54,234 [INFO] 1 change detected
2026-05-07 18:09:54,641 [INFO] 1 change detected
2026-05-07 18:09:55,045 [INFO] 1 change detected
2026-05-07 18:09:55,404 [INFO] 1 change detected
2026-05-07 18:09:55,808 [INFO] 1 change detected
2026-05-07 18:09:56,172 [INFO] 1 change detected
2026-05-07 18:09:56,582 [INFO] 1 change detected
2026-05-07 18:09:56,999 [INFO] 1 change detected
2026-05-07 18:09:57,406 [INFO] 1 change detected
2026-05-07 18:09:57,772 [INFO] 1 change detected
2026-05-07 18:09:58,175 [INFO] 1 change detected
2026-05-07 18:09:58,578 [INFO] 1 change detected
2026-05-07 18:09:58,981 [INFO] 1 change detected
2026-05-07 18:09:59,384 [INFO] 1 change detected
2026-05-07 18:09:59,748 [INFO] 1 change detected
2026-05-07 18:10:00,155 [INFO] 1 change detected
2026-05-07 18:10:00,565 [INFO] 1 change detected
2026-05-07 18:10:00,972 [INFO] 1 change detected
2026-05-07 18:10:01,332 [INFO] 1 change detected
2026-05-07 18:10:01,744 [INFO] 1 change detected
2026-05-07 18:10:02,155 [INFO] 1 change detected
2026-05-07 18:10:02,560 [INFO] 1 change detected
2026-05-07 18:10:02,912 [INFO] 1 change detected
2026-05-07 18:10:03,321 [INFO] 1 change detected
2026-05-07 18:10:03,727 [INFO] 1 change detected
2026-05-07 18:10:04,138 [INFO] 1 change detected
2026-05-07 18:10:04,547 [INFO] 1 change detected
2026-05-07 18:10:04,905 [INFO] 5 changes detected
2026-05-07 18:10:05,256 [INFO] 1 change detected
2026-05-07 18:10:05,616 [INFO] 1 change detected
2026-05-07 18:10:05,972 [INFO] 1 change detected
2026-05-07 18:10:06,337 [INFO] 1 change detected
2026-05-07 18:10:06,744 [INFO] 1 change detected
2026-05-07 18:10:07,111 [INFO] 1 change detected
2026-05-07 18:10:07,522 [INFO] 1 change detected
2026-05-07 18:10:07,924 [INFO] 1 change detected
2026-05-07 18:10:08,286 [INFO] 1 change detected
2026-05-07 18:10:08,702 [INFO] 1 change detected
2026-05-07 18:10:09,107 [INFO] 1 change detected
2026-05-07 18:10:09,463 [INFO] 1 change detected
2026-05-07 18:10:09,865 [INFO] 1 change detected
2026-05-07 18:10:10,276 [INFO] 1 change detected
2026-05-07 18:10:10,681 [INFO] 1 change detected
2026-05-07 18:10:11,087 [INFO] 1 change detected
2026-05-07 18:10:11,496 [INFO] 1 change detected
2026-05-07 18:10:11,849 [INFO] 5 changes detected
2026-05-07 18:10:12,211 [INFO] 1 change detected
2026-05-07 18:10:12,562 [INFO] 1 change detected
2026-05-07 18:10:12,925 [INFO] 1 change detected
2026-05-07 18:10:13,335 [INFO] 1 change detected
2026-05-07 18:10:13,702 [INFO] 1 change detected
2026-05-07 18:10:14,103 [INFO] 1 change detected
2026-05-07 18:10:14,517 [INFO] 1 change detected
2026-05-07 18:10:14,922 [INFO] 1 change detected
2026-05-07 18:10:15,286 [INFO] 1 change detected
2026-05-07 18:10:15,696 [INFO] 1 change detected
2026-05-07 18:10:16,105 [INFO] 1 change detected
2026-05-07 18:10:16,513 [INFO] 1 change detected
2026-05-07 18:10:16,914 [INFO] 1 change detected
2026-05-07 18:10:17,327 [INFO] 1 change detected
2026-05-07 18:10:17,690 [INFO] 1 change detected
2026-05-07 18:10:18,093 [INFO] 1 change detected
2026-05-07 18:10:18,505 [INFO] 1 change detected
2026-05-07 18:10:18,863 [INFO] 1 change detected
2026-05-07 18:10:19,267 [INFO] 1 change detected
2026-05-07 18:10:19,674 [INFO] 1 change detected
2026-05-07 18:10:20,077 [INFO] 1 change detected
2026-05-07 18:10:20,439 [INFO] 1 change detected
2026-05-07 18:10:20,846 [INFO] 1 change detected
2026-05-07 18:10:21,257 [INFO] 1 change detected
2026-05-07 18:10:21,663 [INFO] 1 change detected
2026-05-07 18:10:22,073 [INFO] 1 change detected
2026-05-07 18:10:22,477 [INFO] 1 change detected
2026-05-07 18:10:22,878 [INFO] 6 changes detected
2026-05-07 18:10:23,280 [INFO] 1 change detected
2026-05-07 18:10:23,680 [INFO] 数据库初始化完成
2026-05-07 18:10:23,737 [INFO] 6 changes detected
2026-05-07 18:10:24,096 [INFO] 1 change detected
2026-05-07 18:10:24,501 [INFO] 1 change detected
2026-05-07 18:10:24,907 [INFO] 1 change detected
2026-05-07 18:10:25,311 [INFO] 1 change detected
2026-05-07 18:10:25,716 [INFO] 1 change detected
2026-05-07 18:10:26,076 [INFO] 1 change detected
2026-05-07 18:10:26,489 [INFO] 1 change detected
2026-05-07 18:10:26,855 [INFO] 1 change detected
2026-05-07 18:10:27,261 [INFO] 1 change detected
2026-05-07 18:10:27,673 [INFO] 1 change detected
2026-05-07 18:10:28,037 [INFO] 1 change detected
2026-05-07 18:10:28,450 [INFO] 1 change detected
2026-05-07 18:10:28,866 [INFO] 1 change detected
2026-05-07 18:10:29,281 [INFO] 1 change detected
2026-05-07 18:10:29,693 [INFO] 1 change detected
2026-05-07 18:10:30,101 [INFO] 1 change detected
2026-05-07 18:10:30,506 [INFO] 1 change detected
2026-05-07 18:10:30,916 [INFO] 1 change detected
2026-05-07 18:10:31,322 [INFO] 1 change detected
2026-05-07 18:10:31,685 [INFO] 1 change detected
2026-05-07 18:10:32,095 [INFO] 1 change detected
2026-05-07 18:10:32,511 [INFO] 1 change detected
2026-05-07 18:10:32,866 [INFO] 1 change detected
2026-05-07 18:10:33,277 [INFO] 1 change detected
2026-05-07 18:10:33,683 [INFO] 1 change detected
2026-05-07 18:10:34,092 [INFO] 1 change detected
2026-05-07 18:10:34,505 [INFO] 1 change detected
2026-05-07 18:10:34,858 [INFO] 1 change detected
2026-05-07 18:10:35,267 [INFO] 1 change detected
2026-05-07 18:10:35,677 [INFO] 1 change detected
2026-05-07 18:10:36,088 [INFO] 1 change detected
2026-05-07 18:10:36,497 [INFO] 1 change detected
2026-05-07 18:10:36,862 [INFO] 1 change detected
2026-05-07 18:10:37,279 [INFO] 1 change detected
2026-05-07 18:10:37,682 [INFO] 1 change detected
2026-05-07 18:10:38,093 [INFO] 1 change detected
2026-05-07 18:10:38,448 [INFO] 1 change detected
2026-05-07 18:10:38,861 [INFO] 1 change detected
2026-05-07 18:10:39,272 [INFO] 1 change detected
2026-05-07 18:10:39,673 [INFO] 1 change detected
2026-05-07 18:10:40,086 [INFO] 1 change detected
2026-05-07 18:10:40,503 [INFO] 1 change detected
2026-05-07 18:10:40,865 [INFO] 1 change detected
2026-05-07 18:10:41,267 [INFO] 1 change detected
2026-05-07 18:10:41,669 [INFO] 1 change detected
2026-05-07 18:10:42,079 [INFO] 1 change detected
2026-05-07 18:10:42,482 [INFO] 1 change detected
2026-05-07 18:10:42,895 [INFO] 6 changes detected
2026-05-07 18:10:43,299 [INFO] 1 change detected
2026-05-07 18:10:43,704 [INFO] 1 change detected
2026-05-07 18:10:44,065 [INFO] 1 change detected
2026-05-07 18:10:44,475 [INFO] 1 change detected
2026-05-07 18:10:44,883 [INFO] 数据库初始化完成
2026-05-07 18:10:44,982 [INFO] 6 changes detected
2026-05-07 18:10:45,343 [INFO] 1 change detected
2026-05-07 18:10:45,756 [INFO] 1 change detected
2026-05-07 18:10:46,164 [INFO] 1 change detected
2026-05-07 18:10:46,569 [INFO] 1 change detected
2026-05-07 18:10:46,976 [INFO] 1 change detected
2026-05-07 18:10:47,339 [INFO] 1 change detected
2026-05-07 18:10:47,747 [INFO] 1 change detected
2026-05-07 18:10:48,112 [INFO] 1 change detected
2026-05-07 18:10:48,517 [INFO] 1 change detected
2026-05-07 18:10:48,930 [INFO] 1 change detected
2026-05-07 18:10:49,340 [INFO] 1 change detected
2026-05-07 18:10:49,742 [INFO] 1 change detected
2026-05-07 18:10:50,154 [INFO] 1 change detected
2026-05-07 18:10:50,515 [INFO] 1 change detected
2026-05-07 18:10:50,917 [INFO] 1 change detected
2026-05-07 18:10:51,333 [INFO] 1 change detected
2026-05-07 18:10:51,746 [INFO] 1 change detected
2026-05-07 18:10:52,153 [INFO] 1 change detected
2026-05-07 18:10:52,566 [INFO] 1 change detected
2026-05-07 18:10:52,972 [INFO] 1 change detected
2026-05-07 18:10:53,384 [INFO] 1 change detected
2026-05-07 18:10:53,796 [INFO] 1 change detected
2026-05-07 18:10:54,159 [INFO] 1 change detected
2026-05-07 18:10:54,575 [INFO] 1 change detected
2026-05-07 18:10:54,984 [INFO] 1 change detected
2026-05-07 18:10:55,387 [INFO] 1 change detected
2026-05-07 18:10:55,798 [INFO] 1 change detected
2026-05-07 18:10:56,202 [INFO] 1 change detected
2026-05-07 18:10:56,609 [INFO] 1 change detected
2026-05-07 18:10:57,011 [INFO] 1 change detected
2026-05-07 18:10:57,363 [INFO] 1 change detected
2026-05-07 18:10:57,766 [INFO] 1 change detected
2026-05-07 18:10:58,175 [INFO] 1 change detected
2026-05-07 18:10:58,586 [INFO] 1 change detected
2026-05-07 18:10:58,989 [INFO] 1 change detected
2026-05-07 18:10:59,353 [INFO] 1 change detected
2026-05-07 18:10:59,766 [INFO] 1 change detected
2026-05-07 18:11:00,169 [INFO] 1 change detected
2026-05-07 18:11:00,576 [INFO] 1 change detected
2026-05-07 18:11:00,986 [INFO] 1 change detected
2026-05-07 18:11:01,390 [INFO] 1 change detected
2026-05-07 18:11:01,750 [INFO] 1 change detected
2026-05-07 18:11:02,156 [INFO] 1 change detected
2026-05-07 18:11:02,562 [INFO] 1 change detected
2026-05-07 18:11:02,965 [INFO] 1 change detected
2026-05-07 18:11:03,379 [INFO] 1 change detected
2026-05-07 18:11:03,783 [INFO] 1 change detected
2026-05-07 18:11:04,188 [INFO] 1 change detected
2026-05-07 18:11:04,539 [INFO] 1 change detected
2026-05-07 18:11:04,950 [INFO] 1 change detected
2026-05-07 18:11:05,356 [INFO] 1 change detected
2026-05-07 18:11:05,766 [INFO] 1 change detected
2026-05-07 18:11:06,133 [INFO] 1 change detected
2026-05-07 18:11:06,549 [INFO] 1 change detected
2026-05-07 18:11:06,956 [INFO] 1 change detected
2026-05-07 18:11:07,360 [INFO] 1 change detected
2026-05-07 18:11:07,763 [INFO] 1 change detected
2026-05-07 18:11:08,171 [INFO] 1 change detected
2026-05-07 18:11:34,907 [INFO] 数据库初始化完成
2026-05-07 18:11:34,982 [INFO] 5 changes detected
2026-05-07 18:11:35,343 [INFO] 1 change detected
2026-05-07 18:11:35,695 [INFO] 1 change detected
2026-05-07 18:11:36,056 [INFO] 1 change detected
2026-05-07 18:11:36,417 [INFO] 1 change detected
2026-05-07 18:11:36,774 [INFO] 1 change detected
2026-05-07 18:11:37,139 [INFO] 1 change detected
2026-05-07 18:11:37,494 [INFO] 1 change detected
2026-05-07 18:11:37,848 [INFO] 1 change detected
2026-05-07 18:11:38,218 [INFO] 1 change detected
2026-05-07 18:11:38,631 [INFO] 1 change detected
2026-05-07 18:11:39,046 [INFO] 1 change detected
2026-05-07 18:11:39,458 [INFO] 1 change detected
2026-05-07 18:11:39,872 [INFO] 1 change detected
2026-05-07 18:11:40,281 [INFO] 1 change detected
2026-05-07 18:11:40,686 [INFO] 1 change detected
2026-05-07 18:11:41,091 [INFO] 1 change detected
2026-05-07 18:11:41,444 [INFO] 1 change detected
2026-05-07 18:11:41,851 [INFO] 1 change detected
2026-05-07 18:11:42,260 [INFO] 1 change detected
2026-05-07 18:11:42,663 [INFO] 1 change detected
2026-05-07 18:11:43,077 [INFO] 1 change detected
2026-05-07 18:11:43,483 [INFO] 1 change detected
2026-05-07 18:11:43,886 [INFO] 1 change detected
2026-05-07 18:11:44,239 [INFO] 1 change detected
2026-05-07 18:11:44,655 [INFO] 1 change detected
2026-05-07 18:11:45,067 [INFO] 1 change detected
2026-05-07 18:11:45,478 [INFO] 1 change detected
2026-05-07 18:11:45,893 [INFO] 1 change detected
2026-05-07 18:11:46,256 [INFO] 1 change detected
2026-05-07 18:11:46,663 [INFO] 1 change detected
2026-05-07 18:11:47,067 [INFO] 1 change detected
2026-05-07 18:11:47,482 [INFO] 1 change detected
2026-05-07 18:11:47,889 [INFO] 1 change detected
2026-05-07 18:11:48,250 [INFO] 1 change detected
2026-05-07 18:11:48,660 [INFO] 1 change detected
2026-05-07 18:11:49,072 [INFO] 1 change detected
2026-05-07 18:11:49,433 [INFO] 1 change detected
2026-05-07 18:11:49,845 [INFO] 1 change detected
2026-05-07 18:11:50,250 [INFO] 1 change detected
2026-05-07 18:11:50,527 [INFO] 新用户注册: id=3 phone=+8613992626213
2026-05-07 18:11:50,655 [INFO] 7 changes detected
2026-05-07 18:11:51,022 [INFO] 2 changes detected
2026-05-07 18:11:51,434 [INFO] 1 change detected
2026-05-07 18:11:51,839 [INFO] 1 change detected
2026-05-07 18:11:52,250 [INFO] 1 change detected
2026-05-07 18:11:52,666 [INFO] 1 change detected
2026-05-07 18:11:53,078 [INFO] 1 change detected
2026-05-07 18:11:53,440 [INFO] 1 change detected
2026-05-07 18:11:53,853 [INFO] 1 change detected
2026-05-07 18:11:54,256 [INFO] 1 change detected
2026-05-07 18:11:54,666 [INFO] 1 change detected
2026-05-07 18:11:55,072 [INFO] 1 change detected
2026-05-07 18:11:55,477 [INFO] 1 change detected
2026-05-07 18:11:55,833 [INFO] 1 change detected
2026-05-07 18:11:56,243 [INFO] 1 change detected
2026-05-07 18:11:56,656 [INFO] 1 change detected
2026-05-07 18:11:57,061 [INFO] 1 change detected
2026-05-07 18:11:57,463 [INFO] 1 change detected
2026-05-07 18:11:57,876 [INFO] 1 change detected
2026-05-07 18:11:58,227 [INFO] 1 change detected
2026-05-07 18:11:58,633 [INFO] 1 change detected
2026-05-07 18:11:59,038 [INFO] 1 change detected
2026-05-07 18:11:59,450 [INFO] 1 change detected
2026-05-07 18:11:59,855 [INFO] 1 change detected
2026-05-07 18:12:00,266 [INFO] 1 change detected
2026-05-07 18:12:00,666 [INFO] 视频已保存: task=89f6db9a-7181-414c-9721-47a449f20b38 size=2726170 bytes
2026-05-07 18:12:00,716 [INFO] Whisper 请求开始: task=89f6db9a-7181-414c-9721-47a449f20b38
2026-05-07 18:12:00,778 [INFO] 9 changes detected
2026-05-07 18:12:01,183 [INFO] 1 change detected
2026-05-07 18:12:01,594 [INFO] 1 change detected
2026-05-07 18:12:01,959 [INFO] 1 change detected
2026-05-07 18:12:02,367 [INFO] 1 change detected
2026-05-07 18:12:02,777 [INFO] 1 change detected
2026-05-07 18:12:03,189 [INFO] 1 change detected
2026-05-07 18:12:03,549 [INFO] 1 change detected
2026-05-07 18:12:03,951 [INFO] 1 change detected
2026-05-07 18:12:04,362 [INFO] 1 change detected
2026-05-07 18:12:04,776 [INFO] 1 change detected
2026-05-07 18:12:05,134 [INFO] 1 change detected
2026-05-07 18:12:05,539 [INFO] 1 change detected
2026-05-07 18:12:05,787 [INFO] HTTP Request: POST https://api.aihubmix.com/v1/audio/transcriptions "HTTP/1.1 200 OK"
2026-05-07 18:12:05,788 [INFO] Whisper 完成: task=89f6db9a-7181-414c-9721-47a449f20b38 长度=43 字符
2026-05-07 18:12:05,941 [INFO] 6 changes detected
2026-05-07 18:12:06,300 [INFO] 2 changes detected
2026-05-07 18:12:06,660 [INFO] 1 change detected
2026-05-07 18:12:07,016 [INFO] 6 changes detected
2026-05-07 18:12:07,381 [INFO] 1 change detected
2026-05-07 18:12:07,733 [INFO] 1 change detected
2026-05-07 18:12:08,096 [INFO] 1 change detected
2026-05-07 18:12:08,456 [INFO] 1 change detected
2026-05-07 18:12:08,821 [INFO] 1 change detected
2026-05-07 18:12:09,183 [INFO] 1 change detected
2026-05-07 18:12:09,545 [INFO] 1 change detected
2026-05-07 18:12:09,905 [INFO] 1 change detected
2026-05-07 18:12:10,266 [INFO] 1 change detected
2026-05-07 18:12:10,626 [INFO] 1 change detected
2026-05-07 18:12:10,977 [INFO] 1 change detected
2026-05-07 18:12:11,383 [INFO] 1 change detected
2026-05-07 18:12:11,745 [INFO] 1 change detected
2026-05-07 18:12:12,161 [INFO] 1 change detected
2026-05-07 18:12:12,578 [INFO] 1 change detected
2026-05-07 18:12:12,988 [INFO] 1 change detected
2026-05-07 18:12:13,394 [INFO] 1 change detected
2026-05-07 18:12:13,796 [INFO] 1 change detected
2026-05-07 18:12:14,156 [INFO] 1 change detected
2026-05-07 18:12:14,566 [INFO] 1 change detected
2026-05-07 18:12:14,972 [INFO] 1 change detected
2026-05-07 18:12:15,376 [INFO] 1 change detected
2026-05-07 18:12:15,789 [INFO] 1 change detected
2026-05-07 18:12:16,155 [INFO] 1 change detected
2026-05-07 18:12:16,567 [INFO] 1 change detected
2026-05-07 18:12:16,928 [INFO] 1 change detected
2026-05-07 18:12:17,333 [INFO] 1 change detected
2026-05-07 18:12:17,737 [INFO] 1 change detected
2026-05-07 18:12:18,145 [INFO] 1 change detected
2026-05-07 18:12:18,562 [INFO] 1 change detected
2026-05-07 18:12:18,926 [INFO] 1 change detected
2026-05-07 18:12:19,333 [INFO] 1 change detected
2026-05-07 18:12:19,740 [INFO] 1 change detected
2026-05-07 18:12:20,145 [INFO] 1 change detected
2026-05-07 18:12:20,511 [INFO] 1 change detected
2026-05-07 18:12:20,967 [INFO] 1 change detected
2026-05-07 18:12:21,322 [INFO] 1 change detected
2026-05-07 18:12:21,727 [INFO] 1 change detected
2026-05-07 18:12:22,139 [INFO] 1 change detected
2026-05-07 18:12:22,545 [INFO] 1 change detected
2026-05-07 18:12:22,949 [INFO] 1 change detected
2026-05-07 18:12:23,354 [INFO] 1 change detected
2026-05-07 18:12:23,771 [INFO] 1 change detected
2026-05-07 18:12:24,133 [INFO] 1 change detected
2026-05-07 18:12:24,539 [INFO] 1 change detected
2026-05-07 18:12:24,945 [INFO] 1 change detected
2026-05-07 18:12:25,356 [INFO] 1 change detected
2026-05-07 18:12:25,767 [INFO] 1 change detected
2026-05-07 18:12:26,173 [INFO] 1 change detected
2026-05-07 18:12:26,530 [INFO] 1 change detected
2026-05-07 18:12:26,940 [INFO] 1 change detected
2026-05-07 18:12:27,344 [INFO] 1 change detected
2026-05-07 18:12:27,709 [INFO] 1 change detected
2026-05-07 18:12:28,121 [INFO] 1 change detected
2026-05-07 18:12:28,531 [INFO] 1 change detected
2026-05-07 18:12:28,934 [INFO] 1 change detected
2026-05-07 18:12:29,346 [INFO] 1 change detected
2026-05-07 18:12:29,755 [INFO] 1 change detected
2026-05-07 18:12:30,161 [INFO] 1 change detected
2026-05-07 18:12:30,520 [INFO] 1 change detected
2026-05-07 18:12:30,923 [INFO] 1 change detected
2026-05-07 18:12:31,339 [INFO] 1 change detected
2026-05-07 18:12:31,755 [INFO] 1 change detected
2026-05-07 18:12:32,166 [INFO] 1 change detected
2026-05-07 18:12:32,526 [INFO] 1 change detected
2026-05-07 18:12:32,935 [INFO] 1 change detected
2026-05-07 18:12:33,343 [INFO] 1 change detected
2026-05-07 18:12:33,756 [INFO] 1 change detected
2026-05-07 18:12:34,119 [INFO] 1 change detected
2026-05-07 18:12:34,528 [INFO] 1 change detected
2026-05-07 18:12:34,939 [INFO] 1 change detected
2026-05-07 18:12:35,348 [INFO] 1 change detected
2026-05-07 18:12:35,756 [INFO] 1 change detected
2026-05-07 18:12:36,161 [INFO] 1 change detected
2026-05-07 18:12:36,521 [INFO] 1 change detected
2026-05-07 18:12:36,924 [INFO] 1 change detected
2026-05-07 18:12:37,327 [INFO] 1 change detected
2026-05-07 18:12:37,739 [INFO] 1 change detected
2026-05-07 18:12:38,150 [INFO] 1 change detected
2026-05-07 18:12:38,514 [INFO] 1 change detected
2026-05-07 18:12:38,918 [INFO] 1 change detected
2026-05-07 18:12:39,323 [INFO] 1 change detected
2026-05-07 18:12:39,734 [INFO] 1 change detected
2026-05-07 18:12:40,140 [INFO] 1 change detected
2026-05-07 18:12:40,551 [INFO] 1 change detected
2026-05-07 18:12:40,912 [INFO] 1 change detected
2026-05-07 18:12:41,328 [INFO] 1 change detected
2026-05-07 18:12:41,739 [INFO] 1 change detected
2026-05-07 18:12:42,144 [INFO] 1 change detected
2026-05-07 18:12:42,506 [INFO] 1 change detected
2026-05-07 18:12:42,913 [INFO] 1 change detected
2026-05-07 18:12:43,322 [INFO] 1 change detected
2026-05-07 18:12:43,727 [INFO] 1 change detected
2026-05-07 18:12:44,138 [INFO] 1 change detected
2026-05-07 18:12:44,551 [INFO] 1 change detected
2026-05-07 18:12:44,915 [INFO] 1 change detected
2026-05-07 18:12:45,323 [INFO] 1 change detected
2026-05-07 18:12:45,738 [INFO] 1 change detected
2026-05-07 18:12:46,100 [INFO] 1 change detected
2026-05-07 18:12:46,506 [INFO] 1 change detected
2026-05-07 18:12:46,917 [INFO] 2 changes detected
2026-05-07 18:12:47,323 [INFO] 1 change detected
2026-05-07 18:12:47,734 [INFO] 1 change detected
2026-05-07 18:12:48,138 [INFO] 1 change detected
2026-05-07 18:12:48,500 [INFO] 1 change detected
2026-05-07 18:12:48,906 [INFO] 1 change detected
2026-05-07 18:12:49,322 [INFO] 1 change detected
2026-05-07 18:12:49,733 [INFO] 1 change detected
2026-05-07 18:12:50,137 [INFO] 1 change detected
2026-05-07 18:12:50,501 [INFO] 1 change detected
2026-05-07 18:12:50,912 [INFO] 1 change detected
2026-05-07 18:12:51,317 [INFO] 1 change detected
2026-05-07 18:12:51,722 [INFO] 1 change detected
2026-05-07 18:12:52,133 [INFO] 1 change detected
2026-05-07 18:12:52,544 [INFO] 1 change detected
2026-05-07 18:12:52,950 [INFO] 1 change detected
2026-05-07 18:12:53,358 [INFO] 1 change detected
2026-05-07 18:12:53,761 [INFO] 1 change detected
2026-05-07 18:12:54,166 [INFO] 1 change detected
2026-05-07 18:12:54,570 [INFO] 1 change detected
2026-05-07 18:12:54,979 [INFO] 1 change detected
2026-05-07 18:12:55,383 [INFO] 1 change detected
2026-05-07 18:12:55,788 [INFO] 1 change detected
2026-05-07 18:12:56,194 [INFO] 1 change detected
2026-05-07 18:12:56,599 [INFO] 1 change detected
2026-05-07 18:12:57,005 [INFO] 1 change detected
2026-05-07 18:12:57,409 [INFO] 1 change detected
2026-05-07 18:12:57,814 [INFO] 1 change detected
2026-05-07 18:12:58,219 [INFO] 1 change detected
2026-05-07 18:12:58,625 [INFO] 1 change detected
2026-05-07 18:12:59,029 [INFO] 1 change detected
2026-05-07 18:12:59,436 [INFO] 1 change detected
2026-05-07 18:12:59,839 [INFO] 1 change detected
2026-05-07 18:13:00,245 [INFO] 1 change detected
2026-05-07 18:13:00,602 [INFO] 1 change detected
2026-05-07 18:13:01,011 [INFO] 1 change detected
2026-05-07 18:13:01,416 [INFO] 1 change detected
2026-05-07 18:13:01,821 [INFO] 1 change detected
2026-05-07 18:13:02,227 [INFO] 1 change detected
2026-05-07 18:13:02,634 [INFO] 1 change detected
2026-05-07 18:13:03,036 [INFO] 1 change detected
2026-05-07 18:13:03,439 [INFO] 1 change detected
2026-05-07 18:13:03,846 [INFO] 1 change detected
2026-05-07 18:13:04,250 [INFO] 1 change detected
2026-05-07 18:13:04,653 [INFO] 1 change detected
2026-05-07 18:13:05,058 [INFO] 1 change detected
2026-05-07 18:13:05,464 [INFO] 1 change detected
2026-05-07 18:13:05,871 [INFO] 1 change detected
2026-05-07 18:13:06,276 [INFO] 1 change detected
2026-05-07 18:13:06,678 [INFO] 1 change detected
2026-05-07 18:13:07,084 [INFO] 1 change detected
2026-05-07 18:13:07,490 [INFO] 1 change detected
2026-05-07 18:13:07,895 [INFO] 1 change detected
2026-05-07 18:13:08,301 [INFO] 1 change detected
2026-05-07 18:13:08,708 [INFO] 1 change detected
2026-05-07 18:13:09,112 [INFO] 1 change detected
2026-05-07 18:13:09,517 [INFO] 1 change detected
2026-05-07 18:13:09,875 [INFO] 1 change detected
2026-05-07 18:13:10,284 [INFO] 1 change detected
2026-05-07 18:13:10,688 [INFO] 1 change detected
2026-05-07 18:13:11,093 [INFO] 1 change detected
2026-05-07 18:13:11,495 [INFO] 1 change detected
2026-05-07 18:13:11,903 [INFO] 1 change detected
2026-05-07 18:13:12,307 [INFO] 1 change detected
2026-05-07 18:13:12,664 [INFO] 1 change detected
2026-05-07 18:13:13,074 [INFO] 1 change detected
2026-05-07 18:13:13,478 [INFO] 1 change detected
2026-05-07 18:13:13,886 [INFO] 1 change detected
2026-05-07 18:13:14,292 [INFO] 1 change detected
2026-05-07 18:13:14,698 [INFO] 1 change detected
2026-05-07 18:13:15,102 [INFO] 1 change detected
2026-05-07 18:13:15,507 [INFO] 1 change detected
2026-05-07 18:13:15,915 [INFO] 1 change detected
2026-05-07 18:13:16,321 [INFO] 1 change detected
2026-05-07 18:13:16,725 [INFO] 1 change detected
2026-05-07 18:13:17,134 [INFO] 1 change detected
2026-05-07 18:13:17,537 [INFO] 1 change detected
2026-05-07 18:13:17,946 [INFO] 1 change detected
2026-05-07 18:13:18,352 [INFO] 1 change detected
2026-05-07 18:13:18,760 [INFO] 1 change detected
2026-05-07 18:13:19,167 [INFO] 1 change detected
2026-05-07 18:13:19,572 [INFO] 1 change detected
2026-05-07 18:13:19,928 [INFO] 1 change detected
2026-05-07 18:13:20,337 [INFO] 1 change detected
2026-05-07 18:13:20,743 [INFO] 1 change detected
2026-05-07 18:13:21,147 [INFO] 1 change detected
2026-05-07 18:13:21,555 [INFO] 1 change detected
2026-05-07 18:13:21,961 [INFO] 1 change detected
2026-05-07 18:13:22,367 [INFO] 1 change detected
2026-05-07 18:13:22,770 [INFO] 1 change detected
2026-05-07 18:13:23,176 [INFO] 1 change detected
2026-05-07 18:13:23,582 [INFO] 1 change detected
2026-05-07 18:13:23,985 [INFO] 1 change detected
2026-05-07 18:13:24,393 [INFO] 1 change detected
2026-05-07 18:13:24,800 [INFO] 1 change detected
2026-05-07 18:13:25,207 [INFO] 1 change detected
2026-05-07 18:13:25,610 [INFO] 1 change detected
2026-05-07 18:13:26,015 [INFO] 1 change detected
2026-05-07 18:13:26,420 [INFO] 1 change detected
2026-05-07 18:13:26,822 [INFO] 1 change detected
2026-05-07 18:13:27,227 [INFO] 1 change detected
2026-05-07 18:13:27,632 [INFO] 1 change detected
2026-05-07 18:13:28,038 [INFO] 1 change detected
2026-05-07 18:13:28,443 [INFO] 1 change detected
2026-05-07 18:13:28,845 [INFO] 1 change detected
2026-05-07 18:13:29,200 [INFO] 1 change detected
2026-05-07 18:13:29,609 [INFO] 1 change detected
2026-05-07 18:13:30,012 [INFO] 1 change detected
2026-05-07 18:13:30,417 [INFO] 1 change detected
2026-05-07 18:13:30,826 [INFO] 1 change detected
2026-05-07 18:13:31,228 [INFO] 1 change detected
2026-05-07 18:13:31,632 [INFO] 1 change detected
2026-05-07 18:13:31,989 [INFO] 1 change detected
2026-05-07 18:13:32,452 [INFO] 1 change detected
2026-05-07 18:13:32,855 [INFO] 1 change detected
2026-05-07 18:13:33,261 [INFO] 1 change detected
2026-05-07 18:13:33,663 [INFO] 1 change detected
2026-05-07 18:13:34,020 [INFO] 1 change detected
2026-05-07 18:13:34,429 [INFO] 1 change detected
2026-05-07 18:13:34,833 [INFO] 1 change detected
2026-05-07 18:13:35,237 [INFO] 1 change detected
2026-05-07 18:13:35,645 [INFO] 1 change detected
2026-05-07 18:13:36,050 [INFO] 1 change detected
2026-05-07 18:13:36,456 [INFO] 1 change detected
2026-05-07 18:13:36,860 [INFO] 1 change detected
2026-05-07 18:13:37,264 [INFO] 1 change detected
2026-05-07 18:13:37,671 [INFO] 1 change detected
2026-05-07 18:13:38,076 [INFO] 1 change detected
2026-05-07 18:13:38,482 [INFO] 1 change detected
2026-05-07 18:13:38,886 [INFO] 1 change detected
2026-05-07 18:13:39,290 [INFO] 1 change detected
2026-05-07 18:13:39,693 [INFO] 1 change detected
2026-05-07 18:13:40,049 [INFO] 1 change detected
2026-05-07 18:13:40,455 [INFO] 1 change detected
2026-05-07 18:13:40,861 [INFO] 1 change detected
2026-05-07 18:13:41,269 [INFO] 1 change detected
2026-05-07 18:13:41,671 [INFO] 1 change detected
2026-05-07 18:13:42,080 [INFO] 1 change detected
2026-05-07 18:13:42,486 [INFO] 1 change detected
2026-05-07 18:13:42,892 [INFO] 1 change detected
2026-05-07 18:13:43,297 [INFO] 1 change detected
2026-05-07 18:13:43,703 [INFO] 1 change detected
2026-05-07 18:13:44,106 [INFO] 1 change detected
2026-05-07 18:13:44,511 [INFO] 1 change detected
2026-05-07 18:13:44,916 [INFO] 1 change detected
2026-05-07 18:13:45,319 [INFO] 1 change detected
2026-05-07 18:13:45,725 [INFO] 1 change detected
2026-05-07 18:13:46,129 [INFO] 1 change detected
2026-05-07 18:13:46,535 [INFO] 1 change detected
2026-05-07 18:13:46,944 [INFO] 1 change detected
2026-05-07 18:13:47,310 [INFO] 1 change detected
2026-05-07 18:13:47,717 [INFO] 1 change detected
2026-05-07 18:13:48,123 [INFO] 1 change detected
2026-05-07 18:13:48,527 [INFO] 1 change detected
2026-05-07 18:13:48,930 [INFO] 1 change detected
2026-05-07 18:13:49,334 [INFO] 1 change detected
2026-05-07 18:13:49,739 [INFO] 1 change detected
2026-05-07 18:13:50,150 [INFO] 1 change detected
2026-05-07 18:13:50,556 [INFO] 1 change detected
2026-05-07 18:13:50,964 [INFO] 1 change detected
2026-05-07 18:13:51,319 [INFO] 1 change detected
2026-05-07 18:13:51,722 [INFO] 1 change detected
2026-05-07 18:13:52,137 [INFO] 1 change detected
2026-05-07 18:13:52,543 [INFO] 1 change detected
2026-05-07 18:13:52,956 [INFO] 1 change detected
2026-05-07 18:13:53,365 [INFO] 1 change detected
2026-05-07 18:13:53,772 [INFO] 1 change detected
2026-05-07 18:13:54,187 [INFO] 1 change detected
2026-05-07 18:13:54,595 [INFO] 1 change detected
2026-05-07 18:13:55,003 [INFO] 1 change detected
2026-05-07 18:13:55,406 [INFO] 1 change detected
2026-05-07 18:13:55,771 [INFO] 1 change detected
2026-05-07 18:13:56,178 [INFO] 1 change detected
2026-05-07 18:13:56,584 [INFO] 1 change detected
2026-05-07 18:13:56,989 [INFO] 1 change detected
2026-05-07 18:13:57,351 [INFO] 1 change detected
2026-05-07 18:13:57,760 [INFO] 1 change detected
2026-05-07 18:13:58,162 [INFO] 1 change detected
2026-05-07 18:13:58,573 [INFO] 1 change detected
2026-05-07 18:13:58,977 [INFO] 1 change detected
2026-05-07 18:13:59,383 [INFO] 1 change detected
2026-05-07 18:13:59,784 [INFO] 1 change detected
2026-05-07 18:14:00,194 [INFO] 1 change detected
2026-05-07 18:14:00,612 [INFO] 1 change detected
2026-05-07 18:14:00,972 [INFO] 1 change detected
2026-05-07 18:14:01,386 [INFO] 1 change detected
2026-05-07 18:14:01,789 [INFO] 1 change detected
2026-05-07 18:14:02,199 [INFO] 1 change detected
2026-05-07 18:14:02,606 [INFO] 1 change detected
2026-05-07 18:14:03,011 [INFO] 1 change detected
2026-05-07 18:14:03,372 [INFO] 1 change detected
2026-05-07 18:14:03,784 [INFO] 1 change detected
2026-05-07 18:14:04,191 [INFO] 1 change detected
2026-05-07 18:14:04,594 [INFO] 1 change detected
2026-05-07 18:14:04,951 [INFO] 1 change detected
2026-05-07 18:14:05,357 [INFO] 1 change detected
2026-05-07 18:14:05,761 [INFO] 1 change detected
2026-05-07 18:14:06,172 [INFO] 1 change detected
2026-05-07 18:14:06,582 [INFO] 1 change detected
2026-05-07 18:14:06,938 [INFO] 1 change detected
2026-05-07 18:14:07,345 [INFO] 1 change detected
2026-05-07 18:14:07,751 [INFO] 1 change detected
2026-05-07 18:14:08,167 [INFO] 1 change detected
2026-05-07 18:14:08,574 [INFO] 1 change detected
2026-05-07 18:14:08,936 [INFO] 1 change detected
2026-05-07 18:14:09,349 [INFO] 1 change detected
2026-05-07 18:14:09,761 [INFO] 1 change detected
2026-05-07 18:14:10,167 [INFO] 1 change detected
2026-05-07 18:14:10,522 [INFO] 1 change detected
2026-05-07 18:14:10,927 [INFO] 1 change detected
2026-05-07 18:14:11,334 [INFO] 1 change detected
2026-05-07 18:14:11,747 [INFO] 1 change detected
2026-05-07 18:14:12,155 [INFO] 1 change detected
2026-05-07 18:14:12,515 [INFO] 1 change detected
2026-05-07 18:14:12,930 [INFO] 1 change detected
2026-05-07 18:14:13,342 [INFO] 1 change detected
2026-05-07 18:14:13,754 [INFO] 1 change detected
2026-05-07 18:14:14,160 [INFO] 1 change detected
2026-05-07 18:14:14,567 [INFO] 1 change detected
2026-05-07 18:14:14,926 [INFO] 1 change detected
2026-05-07 18:14:15,334 [INFO] 1 change detected
2026-05-07 18:14:15,743 [INFO] 1 change detected
2026-05-07 18:14:16,150 [INFO] 1 change detected
2026-05-07 18:14:16,566 [INFO] 1 change detected
2026-05-07 18:14:16,973 [INFO] 1 change detected
2026-05-07 18:14:17,336 [INFO] 1 change detected
2026-05-07 18:14:17,751 [INFO] 1 change detected
2026-05-07 18:14:18,162 [INFO] 1 change detected
2026-05-07 18:14:18,574 [INFO] 1 change detected
2026-05-07 18:14:18,938 [INFO] 1 change detected
2026-05-07 18:14:19,346 [INFO] 1 change detected
2026-05-07 18:14:19,749 [INFO] 1 change detected
2026-05-07 18:14:20,157 [INFO] 1 change detected
2026-05-07 18:14:20,559 [INFO] 1 change detected
2026-05-07 18:14:20,975 [INFO] 1 change detected
2026-05-07 18:14:21,384 [INFO] 1 change detected
2026-05-07 18:14:21,786 [INFO] 1 change detected
2026-05-07 18:14:22,197 [INFO] 1 change detected
2026-05-07 18:14:22,602 [INFO] 1 change detected
2026-05-07 18:14:23,012 [INFO] 1 change detected
2026-05-07 18:14:23,376 [INFO] 1 change detected
2026-05-07 18:14:23,785 [INFO] 1 change detected
2026-05-07 18:14:24,197 [INFO] 1 change detected
2026-05-07 18:14:24,600 [INFO] 1 change detected
2026-05-07 18:14:25,006 [INFO] 1 change detected
2026-05-07 18:14:25,408 [INFO] 1 change detected
2026-05-07 18:14:25,823 [INFO] 1 change detected
2026-05-07 18:14:26,182 [INFO] 1 change detected
2026-05-07 18:14:26,598 [INFO] 1 change detected
2026-05-07 18:14:27,006 [INFO] 1 change detected
2026-05-07 18:14:27,411 [INFO] 1 change detected
2026-05-07 18:14:27,821 [INFO] 1 change detected
2026-05-07 18:14:28,227 [INFO] 1 change detected
2026-05-07 18:14:28,635 [INFO] 1 change detected
2026-05-07 18:14:28,995 [INFO] 1 change detected
2026-05-07 18:14:29,404 [INFO] 1 change detected
2026-05-07 18:14:29,771 [INFO] 1 change detected
2026-05-07 18:14:30,184 [INFO] 1 change detected
2026-05-07 18:14:30,587 [INFO] 1 change detected
2026-05-07 18:14:30,990 [INFO] 1 change detected
2026-05-07 18:14:31,403 [INFO] 1 change detected
2026-05-07 18:14:31,814 [INFO] 1 change detected
2026-05-07 18:14:32,223 [INFO] 1 change detected
2026-05-07 18:14:32,632 [INFO] 1 change detected
2026-05-07 18:14:32,985 [INFO] 1 change detected
2026-05-07 18:14:33,396 [INFO] 1 change detected
2026-05-07 18:14:33,808 [INFO] 1 change detected
2026-05-07 18:14:34,169 [INFO] 1 change detected
2026-05-07 18:14:34,582 [INFO] 1 change detected
2026-05-07 18:14:35,034 [INFO] 1 change detected
2026-05-07 18:14:35,391 [INFO] 1 change detected
2026-05-07 18:14:35,807 [INFO] 1 change detected
2026-05-07 18:14:36,221 [INFO] 1 change detected
2026-05-07 18:14:36,587 [INFO] 1 change detected
2026-05-07 18:14:36,997 [INFO] 1 change detected
2026-05-07 18:14:37,410 [INFO] 1 change detected
2026-05-07 18:14:37,770 [INFO] 1 change detected
2026-05-07 18:14:38,182 [INFO] 1 change detected
2026-05-07 18:14:38,591 [INFO] 1 change detected
2026-05-07 18:14:38,997 [INFO] 1 change detected
2026-05-07 18:14:39,408 [INFO] 1 change detected
2026-05-07 18:14:39,813 [INFO] 1 change detected
2026-05-07 18:14:40,178 [INFO] 1 change detected
2026-05-07 18:14:40,594 [INFO] 1 change detected
2026-05-07 18:14:41,006 [INFO] 1 change detected
2026-05-07 18:14:41,365 [INFO] 1 change detected
2026-05-07 18:14:41,775 [INFO] 1 change detected
2026-05-07 18:14:42,180 [INFO] 1 change detected
2026-05-07 18:14:42,582 [INFO] 1 change detected
2026-05-07 18:14:42,988 [INFO] 1 change detected
2026-05-07 18:14:43,397 [INFO] 1 change detected
2026-05-07 18:14:43,760 [INFO] 1 change detected
2026-05-07 18:14:44,169 [INFO] 1 change detected
2026-05-07 18:14:44,584 [INFO] 1 change detected
2026-05-07 18:14:44,986 [INFO] 1 change detected
2026-05-07 18:14:45,397 [INFO] 1 change detected
2026-05-07 18:14:45,801 [INFO] 1 change detected
2026-05-07 18:14:46,215 [INFO] 1 change detected
2026-05-07 18:14:46,626 [INFO] 1 change detected
2026-05-07 18:14:47,042 [INFO] 1 change detected
2026-05-07 18:14:47,447 [INFO] 1 change detected
2026-05-07 18:14:47,851 [INFO] 1 change detected
2026-05-07 18:14:48,214 [INFO] 1 change detected
2026-05-07 18:14:48,617 [INFO] 1 change detected
2026-05-07 18:14:49,020 [INFO] 1 change detected
2026-05-07 18:14:49,435 [INFO] 1 change detected
2026-05-07 18:14:49,849 [INFO] 1 change detected
2026-05-07 18:14:50,217 [INFO] 1 change detected
2026-05-07 18:14:50,629 [INFO] 1 change detected
2026-05-07 18:14:50,994 [INFO] 1 change detected
2026-05-07 18:14:51,402 [INFO] 1 change detected
2026-05-07 18:14:51,857 [INFO] 1 change detected
2026-05-07 18:14:52,221 [INFO] 1 change detected
2026-05-07 18:14:52,627 [INFO] 1 change detected
2026-05-07 18:14:53,043 [INFO] 1 change detected
2026-05-07 18:14:53,452 [INFO] 1 change detected
2026-05-07 18:14:53,811 [INFO] 1 change detected
2026-05-07 18:14:54,220 [INFO] 1 change detected
2026-05-07 18:14:54,627 [INFO] 1 change detected
2026-05-07 18:14:55,036 [INFO] 1 change detected
2026-05-07 18:14:55,439 [INFO] 1 change detected
2026-05-07 18:14:55,843 [INFO] 1 change detected
2026-05-07 18:14:56,252 [INFO] 1 change detected
2026-05-07 18:14:56,654 [INFO] 1 change detected
2026-05-07 18:14:57,057 [INFO] 1 change detected
2026-05-07 18:14:57,416 [INFO] 1 change detected
2026-05-07 18:14:57,820 [INFO] 1 change detected
2026-05-07 18:14:58,233 [INFO] 1 change detected
2026-05-07 18:14:58,643 [INFO] 1 change detected
2026-05-07 18:14:59,047 [INFO] 1 change detected
2026-05-07 18:14:59,461 [INFO] 1 change detected
2026-05-07 18:14:59,874 [INFO] 1 change detected
2026-05-07 18:15:00,277 [INFO] 1 change detected
2026-05-07 18:15:00,685 [INFO] 1 change detected
2026-05-07 18:15:01,039 [INFO] 1 change detected
2026-05-07 18:15:01,450 [INFO] 1 change detected
2026-05-07 18:15:01,862 [INFO] 1 change detected
2026-05-07 18:15:02,274 [INFO] 1 change detected
2026-05-07 18:15:02,636 [INFO] 1 change detected
2026-05-07 18:15:03,090 [INFO] 1 change detected
2026-05-07 18:15:03,444 [INFO] 1 change detected
2026-05-07 18:15:03,855 [INFO] 1 change detected
2026-05-07 18:15:04,257 [INFO] 1 change detected
2026-05-07 18:15:04,663 [INFO] 1 change detected
2026-05-07 18:15:05,067 [INFO] 1 change detected
2026-05-07 18:15:05,472 [INFO] 1 change detected
2026-05-07 18:15:05,877 [INFO] 1 change detected
2026-05-07 18:15:06,286 [INFO] 1 change detected
2026-05-07 18:15:06,641 [INFO] 1 change detected
2026-05-07 18:15:07,051 [INFO] 1 change detected
2026-05-07 18:15:07,467 [INFO] 1 change detected
2026-05-07 18:15:07,882 [INFO] 1 change detected
2026-05-07 18:15:08,245 [INFO] 1 change detected
2026-05-07 18:15:08,651 [INFO] 1 change detected
2026-05-07 18:15:09,065 [INFO] 1 change detected
2026-05-07 18:15:09,468 [INFO] 1 change detected
2026-05-07 18:15:09,883 [INFO] 1 change detected
2026-05-07 18:15:10,242 [INFO] 1 change detected
2026-05-07 18:15:10,652 [INFO] 1 change detected
2026-05-07 18:15:11,061 [INFO] 1 change detected
2026-05-07 18:15:11,467 [INFO] 1 change detected
2026-05-07 18:15:11,879 [INFO] 1 change detected
2026-05-07 18:15:12,245 [INFO] 1 change detected
2026-05-07 18:15:12,656 [INFO] 1 change detected
2026-05-07 18:15:13,067 [INFO] 1 change detected
2026-05-07 18:15:13,479 [INFO] 1 change detected
2026-05-07 18:15:13,885 [INFO] 1 change detected
2026-05-07 18:15:14,245 [INFO] 1 change detected
2026-05-07 18:15:14,650 [INFO] 1 change detected
2026-05-07 18:15:15,063 [INFO] 1 change detected
2026-05-07 18:15:15,467 [INFO] 1 change detected
2026-05-07 18:15:15,873 [INFO] 1 change detected
2026-05-07 18:15:16,279 [INFO] 1 change detected
2026-05-07 18:15:16,683 [INFO] 1 change detected
2026-05-07 18:15:17,045 [INFO] 1 change detected
2026-05-07 18:15:17,461 [INFO] 1 change detected
2026-05-07 18:15:17,873 [INFO] 1 change detected
2026-05-07 18:15:18,235 [INFO] 1 change detected
2026-05-07 18:15:18,646 [INFO] 1 change detected
2026-05-07 18:15:19,057 [INFO] 1 change detected
2026-05-07 18:15:19,472 [INFO] 1 change detected
2026-05-07 18:15:19,879 [INFO] 1 change detected
2026-05-07 18:15:20,234 [INFO] 1 change detected
2026-05-07 18:15:20,645 [INFO] 1 change detected
2026-05-07 18:15:21,061 [INFO] 1 change detected
2026-05-07 18:15:21,428 [INFO] 1 change detected
2026-05-07 18:15:21,830 [INFO] 1 change detected
2026-05-07 18:15:22,237 [INFO] 1 change detected
2026-05-07 18:15:22,652 [INFO] 1 change detected
2026-05-07 18:15:23,064 [INFO] 1 change detected
2026-05-07 18:15:23,423 [INFO] 1 change detected
2026-05-07 18:15:23,834 [INFO] 1 change detected
2026-05-07 18:15:24,240 [INFO] 1 change detected
2026-05-07 18:15:24,643 [INFO] 1 change detected
2026-05-07 18:15:25,054 [INFO] 1 change detected
2026-05-07 18:15:25,457 [INFO] 1 change detected
2026-05-07 18:15:25,867 [INFO] 1 change detected
2026-05-07 18:15:26,233 [INFO] 1 change detected
2026-05-07 18:15:26,637 [INFO] 1 change detected
2026-05-07 18:15:27,042 [INFO] 1 change detected
2026-05-07 18:15:27,447 [INFO] 1 change detected
2026-05-07 18:15:27,857 [INFO] 1 change detected
2026-05-07 18:15:28,267 [INFO] 1 change detected
2026-05-07 18:15:28,672 [INFO] 1 change detected
2026-05-07 18:15:29,034 [INFO] 1 change detected
2026-05-07 18:15:29,446 [INFO] 1 change detected
2026-05-07 18:15:29,854 [INFO] 1 change detected
2026-05-07 18:15:30,265 [INFO] 1 change detected
2026-05-07 18:15:30,628 [INFO] 1 change detected
2026-05-07 18:15:31,042 [INFO] 1 change detected
2026-05-07 18:15:31,454 [INFO] 1 change detected
2026-05-07 18:15:31,860 [INFO] 1 change detected
2026-05-07 18:15:32,268 [INFO] 1 change detected
2026-05-07 18:15:32,674 [INFO] 1 change detected
2026-05-07 18:15:33,082 [INFO] 1 change detected
2026-05-07 18:15:33,439 [INFO] 1 change detected
2026-05-07 18:15:33,855 [INFO] 1 change detected
2026-05-07 18:15:34,264 [INFO] 1 change detected
2026-05-07 18:15:34,626 [INFO] 1 change detected
2026-05-07 18:15:35,039 [INFO] 1 change detected
2026-05-07 18:15:35,448 [INFO] 1 change detected
2026-05-07 18:15:35,809 [INFO] 1 change detected
2026-05-07 18:15:36,222 [INFO] 1 change detected
2026-05-07 18:15:36,580 [INFO] 1 change detected
2026-05-07 18:15:36,991 [INFO] 1 change detected
2026-05-07 18:15:37,401 [INFO] 1 change detected
2026-05-07 18:15:37,813 [INFO] 1 change detected
2026-05-07 18:15:38,217 [INFO] 1 change detected
2026-05-07 18:15:38,581 [INFO] 1 change detected
2026-05-07 18:15:38,987 [INFO] 1 change detected
2026-05-07 18:15:39,405 [INFO] 1 change detected
2026-05-07 18:15:39,812 [INFO] 1 change detected
2026-05-07 18:15:40,174 [INFO] 1 change detected
2026-05-07 18:15:40,583 [INFO] 1 change detected
2026-05-07 18:15:40,986 [INFO] 1 change detected
2026-05-07 18:15:41,399 [INFO] 1 change detected
2026-05-07 18:15:41,811 [INFO] 1 change detected
2026-05-07 18:15:42,221 [INFO] 1 change detected
2026-05-07 18:15:42,580 [INFO] 1 change detected
2026-05-07 18:15:43,033 [INFO] 1 change detected
2026-05-07 18:15:43,387 [INFO] 1 change detected
2026-05-07 18:15:43,792 [INFO] 1 change detected
2026-05-07 18:15:44,196 [INFO] 1 change detected
2026-05-07 18:15:44,611 [INFO] 1 change detected
2026-05-07 18:15:45,016 [INFO] 1 change detected
2026-05-07 18:15:45,384 [INFO] 1 change detected
2026-05-07 18:15:45,791 [INFO] 1 change detected
2026-05-07 18:15:46,197 [INFO] 1 change detected
2026-05-07 18:15:46,562 [INFO] 1 change detected
2026-05-07 18:15:46,973 [INFO] 1 change detected
2026-05-07 18:15:47,377 [INFO] 1 change detected
2026-05-07 18:15:47,790 [INFO] 1 change detected
2026-05-07 18:15:48,200 [INFO] 1 change detected
2026-05-07 18:15:48,563 [INFO] 1 change detected
2026-05-07 18:15:48,972 [INFO] 1 change detected
2026-05-07 18:15:49,386 [INFO] 1 change detected
2026-05-07 18:15:49,798 [INFO] 1 change detected
2026-05-07 18:15:50,159 [INFO] 1 change detected
2026-05-07 18:15:50,568 [INFO] 1 change detected
2026-05-07 18:15:50,980 [INFO] 1 change detected
2026-05-07 18:15:51,335 [INFO] 1 change detected
2026-05-07 18:15:51,743 [INFO] 1 change detected
2026-05-07 18:15:52,154 [INFO] 1 change detected
2026-05-07 18:15:52,569 [INFO] 1 change detected
2026-05-07 18:15:52,976 [INFO] 1 change detected
2026-05-07 18:15:53,382 [INFO] 1 change detected
2026-05-07 18:15:53,793 [INFO] 1 change detected
2026-05-07 18:15:54,154 [INFO] 1 change detected
2026-05-07 18:15:54,565 [INFO] 1 change detected
2026-05-07 18:15:54,973 [INFO] 1 change detected
2026-05-07 18:15:55,375 [INFO] 1 change detected
2026-05-07 18:15:55,784 [INFO] 1 change detected
2026-05-07 18:15:56,147 [INFO] 1 change detected
2026-05-07 18:15:56,555 [INFO] 1 change detected
2026-05-07 18:15:56,967 [INFO] 1 change detected
2026-05-07 18:15:57,371 [INFO] 1 change detected
2026-05-07 18:15:57,732 [INFO] 1 change detected
2026-05-07 18:15:58,146 [INFO] 1 change detected
2026-05-07 18:15:58,558 [INFO] 1 change detected
2026-05-07 18:15:58,967 [INFO] 1 change detected
2026-05-07 18:15:59,325 [INFO] 1 change detected
2026-05-07 18:15:59,736 [INFO] 1 change detected
2026-05-07 18:16:00,152 [INFO] 1 change detected
2026-05-07 18:16:00,558 [INFO] 1 change detected
2026-05-07 18:16:00,974 [INFO] 1 change detected
2026-05-07 18:16:01,336 [INFO] 1 change detected
2026-05-07 18:16:01,746 [INFO] 1 change detected
2026-05-07 18:16:02,163 [INFO] 1 change detected
2026-05-07 18:16:02,566 [INFO] 1 change detected
2026-05-07 18:16:02,932 [INFO] 1 change detected
2026-05-07 18:16:03,334 [INFO] 1 change detected
2026-05-07 18:16:03,742 [INFO] 1 change detected
2026-05-07 18:16:04,147 [INFO] 1 change detected
2026-05-07 18:16:04,552 [INFO] 1 change detected
2026-05-07 18:16:04,962 [INFO] 1 change detected
2026-05-07 18:16:05,375 [INFO] 1 change detected
2026-05-07 18:16:05,790 [INFO] 1 change detected
2026-05-07 18:16:06,195 [INFO] 1 change detected
2026-05-07 18:16:06,602 [INFO] 1 change detected
2026-05-07 18:16:07,016 [INFO] 1 change detected
2026-05-07 18:16:07,375 [INFO] 1 change detected
2026-05-07 18:16:07,782 [INFO] 1 change detected
2026-05-07 18:16:08,184 [INFO] 1 change detected
2026-05-07 18:16:08,591 [INFO] 1 change detected
2026-05-07 18:16:08,994 [INFO] 1 change detected
2026-05-07 18:16:09,400 [INFO] 1 change detected
2026-05-07 18:16:09,803 [INFO] 1 change detected
2026-05-07 18:16:10,213 [INFO] 1 change detected
2026-05-07 18:16:10,567 [INFO] 1 change detected
2026-05-07 18:16:11,025 [INFO] 1 change detected
2026-05-07 18:16:11,387 [INFO] 1 change detected
2026-05-07 18:16:11,789 [INFO] 1 change detected
2026-05-07 18:16:12,198 [INFO] 1 change detected
2026-05-07 18:16:12,608 [INFO] 1 change detected
2026-05-07 18:16:13,015 [INFO] 1 change detected
2026-05-07 18:16:13,417 [INFO] 1 change detected
2026-05-07 18:16:13,782 [INFO] 1 change detected
2026-05-07 18:16:14,193 [INFO] 1 change detected
2026-05-07 18:16:14,599 [INFO] 1 change detected
2026-05-07 18:16:15,007 [INFO] 1 change detected
2026-05-07 18:16:15,415 [INFO] 1 change detected
2026-05-07 18:16:15,826 [INFO] 1 change detected
2026-05-07 18:16:16,234 [INFO] 1 change detected
2026-05-07 18:16:16,641 [INFO] 1 change detected
2026-05-07 18:16:17,003 [INFO] 1 change detected
2026-05-07 18:16:17,408 [INFO] 1 change detected
2026-05-07 18:16:17,814 [INFO] 1 change detected
2026-05-07 18:16:18,216 [INFO] 1 change detected
2026-05-07 18:16:18,628 [INFO] 1 change detected
2026-05-07 18:16:18,992 [INFO] 1 change detected
2026-05-07 18:16:19,397 [INFO] 1 change detected
2026-05-07 18:16:19,805 [INFO] 1 change detected
2026-05-07 18:16:20,212 [INFO] 1 change detected
2026-05-07 18:16:20,620 [INFO] 1 change detected
2026-05-07 18:16:21,035 [INFO] 1 change detected
2026-05-07 18:16:21,391 [INFO] 1 change detected
2026-05-07 18:16:21,799 [INFO] 1 change detected
2026-05-07 18:16:22,201 [INFO] 1 change detected
2026-05-07 18:16:22,608 [INFO] 1 change detected
2026-05-07 18:16:23,013 [INFO] 1 change detected
2026-05-07 18:16:23,415 [INFO] 1 change detected
2026-05-07 18:16:23,819 [INFO] 1 change detected
2026-05-07 18:16:24,224 [INFO] 1 change detected
2026-05-07 18:16:24,636 [INFO] 1 change detected
2026-05-07 18:16:25,041 [INFO] 1 change detected
2026-05-07 18:16:25,453 [INFO] 1 change detected
2026-05-07 18:16:25,857 [INFO] 1 change detected
2026-05-07 18:16:26,217 [INFO] 1 change detected
2026-05-07 18:16:26,623 [INFO] 1 change detected
2026-05-07 18:16:27,028 [INFO] 1 change detected
2026-05-07 18:16:27,441 [INFO] 1 change detected
2026-05-07 18:16:27,847 [INFO] 1 change detected
2026-05-07 18:16:28,252 [INFO] 1 change detected
2026-05-07 18:16:28,659 [INFO] 1 change detected
2026-05-07 18:16:29,013 [INFO] 1 change detected
2026-05-07 18:16:29,425 [INFO] 1 change detected
2026-05-07 18:16:29,787 [INFO] 1 change detected
2026-05-07 18:16:30,195 [INFO] 1 change detected
2026-05-07 18:16:30,600 [INFO] 1 change detected
2026-05-07 18:16:31,016 [INFO] 1 change detected
2026-05-07 18:16:31,422 [INFO] 1 change detected
2026-05-07 18:16:31,833 [INFO] 1 change detected
2026-05-07 18:16:32,235 [INFO] 1 change detected
2026-05-07 18:16:32,597 [INFO] 1 change detected
2026-05-07 18:16:33,001 [INFO] 1 change detected
2026-05-07 18:16:33,409 [INFO] 1 change detected
2026-05-07 18:16:33,822 [INFO] 1 change detected
2026-05-07 18:16:34,227 [INFO] 1 change detected
2026-05-07 18:16:34,590 [INFO] 1 change detected
2026-05-07 18:16:35,000 [INFO] 1 change detected
2026-05-07 18:16:35,428 [INFO] 1 change detected
2026-05-07 18:16:35,840 [INFO] 1 change detected
2026-05-07 18:16:36,253 [INFO] 1 change detected
2026-05-07 18:16:36,617 [INFO] 1 change detected
2026-05-07 18:16:37,032 [INFO] 1 change detected
2026-05-07 18:16:37,442 [INFO] 1 change detected
2026-05-07 18:16:37,846 [INFO] 1 change detected
2026-05-07 18:16:38,212 [INFO] 1 change detected
2026-05-07 18:16:38,623 [INFO] 1 change detected
2026-05-07 18:16:39,028 [INFO] 1 change detected
2026-05-07 18:16:39,435 [INFO] 1 change detected
2026-05-07 18:16:39,802 [INFO] 1 change detected
2026-05-07 18:16:40,214 [INFO] 1 change detected
2026-05-07 18:16:40,618 [INFO] 1 change detected
2026-05-07 18:16:41,033 [INFO] 1 change detected
2026-05-07 18:16:41,443 [INFO] 1 change detected
2026-05-07 18:16:41,848 [INFO] 1 change detected
2026-05-07 18:16:42,257 [INFO] 1 change detected
2026-05-07 18:16:42,611 [INFO] 1 change detected
2026-05-07 18:16:43,018 [INFO] 1 change detected
2026-05-07 18:16:43,426 [INFO] 1 change detected
2026-05-07 18:16:43,835 [INFO] 1 change detected
2026-05-07 18:16:44,241 [INFO] 1 change detected
2026-05-07 18:16:44,597 [INFO] 1 change detected
2026-05-07 18:16:45,003 [INFO] 1 change detected
2026-05-07 18:16:45,414 [INFO] 1 change detected
2026-05-07 18:16:45,828 [INFO] 1 change detected
2026-05-07 18:16:46,190 [INFO] 1 change detected
2026-05-07 18:16:46,593 [INFO] 1 change detected
2026-05-07 18:16:46,995 [INFO] 1 change detected
2026-05-07 18:16:47,407 [INFO] 1 change detected
2026-05-07 18:16:47,766 [INFO] 1 change detected
2026-05-07 18:16:48,177 [INFO] 1 change detected
2026-05-07 18:16:48,583 [INFO] 1 change detected
2026-05-07 18:16:48,987 [INFO] 1 change detected
2026-05-07 18:16:49,352 [INFO] 1 change detected
2026-05-07 18:16:49,760 [INFO] 1 change detected
2026-05-07 18:16:50,172 [INFO] 1 change detected
2026-05-07 18:16:50,577 [INFO] 1 change detected
2026-05-07 18:16:50,987 [INFO] 1 change detected
2026-05-07 18:16:51,349 [INFO] 1 change detected
2026-05-07 18:16:51,766 [INFO] 1 change detected
2026-05-07 18:16:52,183 [INFO] 1 change detected
2026-05-07 18:16:52,547 [INFO] 1 change detected
2026-05-07 18:16:52,963 [INFO] 1 change detected
2026-05-07 18:16:53,368 [INFO] 1 change detected
2026-05-07 18:16:53,722 [INFO] 1 change detected
2026-05-07 18:16:54,134 [INFO] 1 change detected
2026-05-07 18:16:54,547 [INFO] 1 change detected
2026-05-07 18:16:54,957 [INFO] 1 change detected
2026-05-07 18:16:55,321 [INFO] 1 change detected
2026-05-07 18:16:55,727 [INFO] 1 change detected
2026-05-07 18:16:56,138 [INFO] 1 change detected
2026-05-07 18:16:56,544 [INFO] 1 change detected
2026-05-07 18:16:56,897 [INFO] 1 change detected
2026-05-07 18:16:57,304 [INFO] 1 change detected
2026-05-07 18:16:57,715 [INFO] 1 change detected
2026-05-07 18:16:58,128 [INFO] 1 change detected
2026-05-07 18:16:58,488 [INFO] 1 change detected
2026-05-07 18:16:58,890 [INFO] 1 change detected
2026-05-07 18:16:59,296 [INFO] 1 change detected
2026-05-07 18:16:59,706 [INFO] 1 change detected
2026-05-07 18:17:00,071 [INFO] 1 change detected
2026-05-07 18:17:00,475 [INFO] 1 change detected
2026-05-07 18:17:00,890 [INFO] 1 change detected
2026-05-07 18:17:01,292 [INFO] 1 change detected
2026-05-07 18:17:01,696 [INFO] 1 change detected
2026-05-07 18:17:02,063 [INFO] 1 change detected
2026-05-07 18:17:02,467 [INFO] 1 change detected
2026-05-07 18:17:02,882 [INFO] 1 change detected
2026-05-07 18:17:03,242 [INFO] 1 change detected
2026-05-07 18:17:03,652 [INFO] 1 change detected
2026-05-07 18:17:04,062 [INFO] 1 change detected
2026-05-07 18:17:04,426 [INFO] 1 change detected
2026-05-07 18:17:04,831 [INFO] 1 change detected
2026-05-07 18:17:05,239 [INFO] 1 change detected
2026-05-07 18:17:05,652 [INFO] 1 change detected
2026-05-07 18:17:06,063 [INFO] 1 change detected
2026-05-07 18:17:06,468 [INFO] 1 change detected
2026-05-07 18:17:06,879 [INFO] 1 change detected
2026-05-07 18:17:07,286 [INFO] 1 change detected
2026-05-07 18:17:07,697 [INFO] 1 change detected
2026-05-07 18:17:08,051 [INFO] 1 change detected
2026-05-07 18:17:08,457 [INFO] 1 change detected
2026-05-07 18:17:08,870 [INFO] 1 change detected
2026-05-07 18:17:09,272 [INFO] 1 change detected
2026-05-07 18:17:09,688 [INFO] 1 change detected
2026-05-07 18:17:10,046 [INFO] 1 change detected
2026-05-07 18:17:10,462 [INFO] 1 change detected
2026-05-07 18:17:10,879 [INFO] 1 change detected
2026-05-07 18:17:11,231 [INFO] 1 change detected
2026-05-07 18:17:11,643 [INFO] 1 change detected
2026-05-07 18:17:12,047 [INFO] 1 change detected
2026-05-07 18:17:12,457 [INFO] 1 change detected
2026-05-07 18:17:12,822 [INFO] 1 change detected
2026-05-07 18:17:13,237 [INFO] 1 change detected
2026-05-07 18:17:13,648 [INFO] 1 change detected
2026-05-07 18:17:14,056 [INFO] 1 change detected
2026-05-07 18:17:14,409 [INFO] 1 change detected
2026-05-07 18:17:14,817 [INFO] 1 change detected
2026-05-07 18:17:15,232 [INFO] 1 change detected
2026-05-07 18:17:15,639 [INFO] 1 change detected
2026-05-07 18:17:16,045 [INFO] 1 change detected
2026-05-07 18:17:16,453 [INFO] 1 change detected
2026-05-07 18:17:16,813 [INFO] 1 change detected
2026-05-07 18:17:17,222 [INFO] 1 change detected
2026-05-07 18:17:17,623 [INFO] 1 change detected
2026-05-07 18:17:18,038 [INFO] 1 change detected
2026-05-07 18:17:18,395 [INFO] 1 change detected
2026-05-07 18:17:18,807 [INFO] 1 change detected
2026-05-07 18:17:19,210 [INFO] 1 change detected
2026-05-07 18:17:19,617 [INFO] 1 change detected
2026-05-07 18:17:20,029 [INFO] 1 change detected
2026-05-07 18:17:20,433 [INFO] 1 change detected
2026-05-07 18:17:20,837 [INFO] 1 change detected
2026-05-07 18:17:21,196 [INFO] 1 change detected
2026-05-07 18:17:21,606 [INFO] 1 change detected
2026-05-07 18:17:22,018 [INFO] 1 change detected
2026-05-07 18:17:22,426 [INFO] 1 change detected
2026-05-07 18:17:22,840 [INFO] 1 change detected
2026-05-07 18:17:23,252 [INFO] 1 change detected
2026-05-07 18:17:23,657 [INFO] 1 change detected
2026-05-07 18:17:24,026 [INFO] 1 change detected
2026-05-07 18:17:24,436 [INFO] 1 change detected
2026-05-07 18:17:24,841 [INFO] 1 change detected
2026-05-07 18:17:25,252 [INFO] 1 change detected
2026-05-07 18:17:25,613 [INFO] 1 change detected
2026-05-07 18:17:26,019 [INFO] 1 change detected
2026-05-07 18:17:26,428 [INFO] 1 change detected
2026-05-07 18:17:26,786 [INFO] 1 change detected
2026-05-07 18:17:27,194 [INFO] 1 change detected
2026-05-07 18:17:27,607 [INFO] 1 change detected
2026-05-07 18:17:28,011 [INFO] 1 change detected
2026-05-07 18:17:28,415 [INFO] 1 change detected
2026-05-07 18:17:28,776 [INFO] 1 change detected
2026-05-07 18:17:29,189 [INFO] 1 change detected
2026-05-07 18:17:29,591 [INFO] 1 change detected
2026-05-07 18:17:29,998 [INFO] 1 change detected
2026-05-07 18:17:30,415 [INFO] 1 change detected
2026-05-07 18:17:30,776 [INFO] 1 change detected
2026-05-07 18:17:31,185 [INFO] 1 change detected
2026-05-07 18:17:31,593 [INFO] 1 change detected
2026-05-07 18:17:32,006 [INFO] 1 change detected
2026-05-07 18:17:32,411 [INFO] 1 change detected
2026-05-07 18:17:32,771 [INFO] 1 change detected
2026-05-07 18:17:33,173 [INFO] 1 change detected
2026-05-07 18:17:33,584 [INFO] 1 change detected
2026-05-07 18:17:33,946 [INFO] 1 change detected
2026-05-07 18:17:34,356 [INFO] 1 change detected
2026-05-07 18:17:34,771 [INFO] 1 change detected
2026-05-07 18:17:35,186 [INFO] 1 change detected
2026-05-07 18:17:35,545 [INFO] 1 change detected
2026-05-07 18:17:35,961 [INFO] 1 change detected
2026-05-07 18:17:36,366 [INFO] 1 change detected
2026-05-07 18:17:36,776 [INFO] 1 change detected
2026-05-07 18:17:37,189 [INFO] 1 change detected
2026-05-07 18:17:37,554 [INFO] 1 change detected
2026-05-07 18:17:37,956 [INFO] 1 change detected
2026-05-07 18:17:38,372 [INFO] 1 change detected
2026-05-07 18:17:38,776 [INFO] 1 change detected
2026-05-07 18:17:39,186 [INFO] 1 change detected
2026-05-07 18:17:39,596 [INFO] 1 change detected
2026-05-07 18:17:39,950 [INFO] 1 change detected
2026-05-07 18:17:40,362 [INFO] 1 change detected
2026-05-07 18:17:40,726 [INFO] 1 change detected
2026-05-07 18:17:41,127 [INFO] 1 change detected
2026-05-07 18:17:41,533 [INFO] 1 change detected
2026-05-07 18:17:41,944 [INFO] 1 change detected
2026-05-07 18:17:42,303 [INFO] 1 change detected
2026-05-07 18:17:42,757 [INFO] 1 change detected
2026-05-07 18:17:43,161 [INFO] 1 change detected
2026-05-07 18:17:43,524 [INFO] 1 change detected
2026-05-07 18:17:43,928 [INFO] 1 change detected
2026-05-07 18:17:44,331 [INFO] 1 change detected
2026-05-07 18:17:44,740 [INFO] 1 change detected
2026-05-07 18:17:45,147 [INFO] 1 change detected
2026-05-07 18:17:45,553 [INFO] 1 change detected
2026-05-07 18:17:45,960 [INFO] 1 change detected
2026-05-07 18:17:46,312 [INFO] 1 change detected
2026-05-07 18:17:46,723 [INFO] 1 change detected
2026-05-07 18:17:47,129 [INFO] 1 change detected
2026-05-07 18:17:47,495 [INFO] 1 change detected
2026-05-07 18:17:47,911 [INFO] 1 change detected
2026-05-07 18:17:48,266 [INFO] 1 change detected
2026-05-07 18:17:48,682 [INFO] 1 change detected
2026-05-07 18:17:49,085 [INFO] 1 change detected
2026-05-07 18:17:49,489 [INFO] 1 change detected
2026-05-07 18:17:49,850 [INFO] 1 change detected
2026-05-07 18:17:50,262 [INFO] 1 change detected
2026-05-07 18:17:50,667 [INFO] 1 change detected
2026-05-07 18:17:51,069 [INFO] 1 change detected
2026-05-07 18:17:51,472 [INFO] 1 change detected
2026-05-07 18:17:51,879 [INFO] 1 change detected
2026-05-07 18:17:52,244 [INFO] 1 change detected
2026-05-07 18:17:52,654 [INFO] 1 change detected
2026-05-07 18:17:53,060 [INFO] 1 change detected
2026-05-07 18:17:53,464 [INFO] 1 change detected
2026-05-07 18:17:53,870 [INFO] 1 change detected
2026-05-07 18:17:54,276 [INFO] 1 change detected
2026-05-07 18:17:54,678 [INFO] 1 change detected
2026-05-07 18:17:55,086 [INFO] 1 change detected
2026-05-07 18:17:55,496 [INFO] 1 change detected
2026-05-07 18:17:55,859 [INFO] 1 change detected
2026-05-07 18:17:56,263 [INFO] 1 change detected
2026-05-07 18:17:56,667 [INFO] 1 change detected
2026-05-07 18:17:57,082 [INFO] 1 change detected
2026-05-07 18:17:57,485 [INFO] 1 change detected
2026-05-07 18:17:57,891 [INFO] 1 change detected
2026-05-07 18:17:58,300 [INFO] 1 change detected
2026-05-07 18:17:58,662 [INFO] 1 change detected
2026-05-07 18:17:59,078 [INFO] 1 change detected
2026-05-07 18:17:59,481 [INFO] 1 change detected
2026-05-07 18:17:59,885 [INFO] 1 change detected
2026-05-07 18:18:00,296 [INFO] 1 change detected
2026-05-07 18:18:00,706 [INFO] 1 change detected
2026-05-07 18:18:01,108 [INFO] 1 change detected
2026-05-07 18:18:01,512 [INFO] 1 change detected
2026-05-07 18:18:01,866 [INFO] 1 change detected
2026-05-07 18:18:02,273 [INFO] 1 change detected
2026-05-07 18:18:02,682 [INFO] 1 change detected
2026-05-07 18:18:03,098 [INFO] 1 change detected
2026-05-07 18:18:03,505 [INFO] 1 change detected
2026-05-07 18:18:03,910 [INFO] 1 change detected
2026-05-07 18:18:04,317 [INFO] 1 change detected
2026-05-07 18:18:04,722 [INFO] 1 change detected
2026-05-07 18:18:05,126 [INFO] 1 change detected
2026-05-07 18:18:05,528 [INFO] 1 change detected
2026-05-07 18:18:05,931 [INFO] 1 change detected
2026-05-07 18:18:06,337 [INFO] 1 change detected
2026-05-07 18:18:06,740 [INFO] 1 change detected
2026-05-07 18:18:07,146 [INFO] 1 change detected
2026-05-07 18:18:07,549 [INFO] 1 change detected
2026-05-07 18:18:07,951 [INFO] 1 change detected
2026-05-07 18:18:08,309 [INFO] 1 change detected
2026-05-07 18:18:08,716 [INFO] 1 change detected
2026-05-07 18:18:09,122 [INFO] 1 change detected
2026-05-07 18:18:09,527 [INFO] 1 change detected
2026-05-07 18:18:09,931 [INFO] 1 change detected
2026-05-07 18:18:10,337 [INFO] 1 change detected
2026-05-07 18:18:10,742 [INFO] 1 change detected
2026-05-07 18:18:11,147 [INFO] 1 change detected
2026-05-07 18:18:11,502 [INFO] 1 change detected
2026-05-07 18:18:11,913 [INFO] 1 change detected
2026-05-07 18:18:12,318 [INFO] 1 change detected
2026-05-07 18:18:12,720 [INFO] 1 change detected
2026-05-07 18:18:13,126 [INFO] 1 change detected
2026-05-07 18:18:13,534 [INFO] 1 change detected
2026-05-07 18:18:13,937 [INFO] 1 change detected
2026-05-07 18:18:14,353 [INFO] 1 change detected
2026-05-07 18:18:14,756 [INFO] 1 change detected
2026-05-07 18:18:15,161 [INFO] 1 change detected
2026-05-07 18:18:15,565 [INFO] 1 change detected
2026-05-07 18:18:15,968 [INFO] 1 change detected
2026-05-07 18:18:16,375 [INFO] 1 change detected
2026-05-07 18:18:16,778 [INFO] 1 change detected
2026-05-07 18:18:17,149 [INFO] 1 change detected
2026-05-07 18:18:17,559 [INFO] 1 change detected
2026-05-07 18:18:17,964 [INFO] 1 change detected
2026-05-07 18:18:18,368 [INFO] 1 change detected
2026-05-07 18:18:18,772 [INFO] 1 change detected
2026-05-07 18:18:19,179 [INFO] 1 change detected
2026-05-07 18:18:19,585 [INFO] 1 change detected
2026-05-07 18:18:19,987 [INFO] 1 change detected
2026-05-07 18:18:20,391 [INFO] 1 change detected
2026-05-07 18:18:20,792 [INFO] 1 change detected
2026-05-07 18:18:21,194 [INFO] 1 change detected
2026-05-07 18:18:21,599 [INFO] 1 change detected
2026-05-07 18:18:22,004 [INFO] 1 change detected
2026-05-07 18:18:22,410 [INFO] 1 change detected
2026-05-07 18:18:22,815 [INFO] 1 change detected
2026-05-07 18:18:23,221 [INFO] 1 change detected
2026-05-07 18:18:23,628 [INFO] 1 change detected
2026-05-07 18:18:24,033 [INFO] 1 change detected
2026-05-07 18:18:24,437 [INFO] 1 change detected
2026-05-07 18:18:24,843 [INFO] 1 change detected
2026-05-07 18:18:25,245 [INFO] 1 change detected
2026-05-07 18:18:25,662 [INFO] 1 change detected
2026-05-07 18:18:26,065 [INFO] 1 change detected
2026-05-07 18:18:26,469 [INFO] 1 change detected
2026-05-07 18:18:26,873 [INFO] 1 change detected
2026-05-07 18:18:27,277 [INFO] 1 change detected
2026-05-07 18:18:27,683 [INFO] 1 change detected
2026-05-07 18:18:28,085 [INFO] 1 change detected
2026-05-07 18:18:28,490 [INFO] 1 change detected
2026-05-07 18:18:28,896 [INFO] 1 change detected
2026-05-07 18:18:29,302 [INFO] 1 change detected
2026-05-07 18:18:29,705 [INFO] 1 change detected
2026-05-07 18:18:30,112 [INFO] 1 change detected
2026-05-07 18:18:30,518 [INFO] 1 change detected
2026-05-07 18:18:30,925 [INFO] 1 change detected
2026-05-07 18:18:31,327 [INFO] 1 change detected
2026-05-07 18:18:31,731 [INFO] 1 change detected
2026-05-07 18:18:32,136 [INFO] 1 change detected
2026-05-07 18:18:32,543 [INFO] 1 change detected
2026-05-07 18:18:32,948 [INFO] 1 change detected
2026-05-07 18:18:33,352 [INFO] 1 change detected
2026-05-07 18:18:33,758 [INFO] 1 change detected
2026-05-07 18:18:34,164 [INFO] 1 change detected
2026-05-07 18:18:34,570 [INFO] 1 change detected
2026-05-07 18:18:34,976 [INFO] 1 change detected
2026-05-07 18:18:35,380 [INFO] 1 change detected
2026-05-07 18:18:35,784 [INFO] 1 change detected
2026-05-07 18:18:36,140 [INFO] 1 change detected
2026-05-07 18:18:36,550 [INFO] 1 change detected
2026-05-07 18:18:36,952 [INFO] 1 change detected
2026-05-07 18:18:37,367 [INFO] 1 change detected
2026-05-07 18:18:37,771 [INFO] 1 change detected
2026-05-07 18:18:38,177 [INFO] 1 change detected
2026-05-07 18:18:38,582 [INFO] 1 change detected
2026-05-07 18:18:38,990 [INFO] 1 change detected
2026-05-07 18:18:39,349 [INFO] 1 change detected
2026-05-07 18:18:39,759 [INFO] 1 change detected
2026-05-07 18:18:40,166 [INFO] 1 change detected
2026-05-07 18:18:40,571 [INFO] 1 change detected
2026-05-07 18:18:40,977 [INFO] 1 change detected
2026-05-07 18:18:41,382 [INFO] 1 change detected
2026-05-07 18:18:41,796 [INFO] 1 change detected
2026-05-07 18:18:42,206 [INFO] 1 change detected
2026-05-07 18:18:42,611 [INFO] 1 change detected
2026-05-07 18:18:43,025 [INFO] 1 change detected
2026-05-07 18:18:43,394 [INFO] 1 change detected
2026-05-07 18:18:43,796 [INFO] 1 change detected
2026-05-07 18:18:44,209 [INFO] 1 change detected
2026-05-07 18:18:44,574 [INFO] 1 change detected
2026-05-07 18:18:44,990 [INFO] 1 change detected
2026-05-07 18:18:45,397 [INFO] 1 change detected
2026-05-07 18:18:45,817 [INFO] 1 change detected
2026-05-07 18:18:46,228 [INFO] 1 change detected
2026-05-07 18:18:46,591 [INFO] 1 change detected
2026-05-07 18:18:47,002 [INFO] 1 change detected
2026-05-07 18:18:47,408 [INFO] 1 change detected
2026-05-07 18:18:47,812 [INFO] 1 change detected
2026-05-07 18:18:48,223 [INFO] 1 change detected
2026-05-07 18:18:48,629 [INFO] 1 change detected
2026-05-07 18:18:49,041 [INFO] 1 change detected
2026-05-07 18:18:49,403 [INFO] 1 change detected
2026-05-07 18:18:49,814 [INFO] 1 change detected
2026-05-07 18:18:50,227 [INFO] 1 change detected
2026-05-07 18:18:50,635 [INFO] 1 change detected
2026-05-07 18:18:51,044 [INFO] 1 change detected
2026-05-07 18:18:51,453 [INFO] 1 change detected
2026-05-07 18:18:51,863 [INFO] 1 change detected
2026-05-07 18:18:52,226 [INFO] 1 change detected
2026-05-07 18:18:52,633 [INFO] 1 change detected
2026-05-07 18:18:53,037 [INFO] 1 change detected
2026-05-07 18:18:53,445 [INFO] 1 change detected
2026-05-07 18:18:53,859 [INFO] 1 change detected
2026-05-07 18:18:54,220 [INFO] 1 change detected
2026-05-07 18:18:54,636 [INFO] 1 change detected
2026-05-07 18:18:55,046 [INFO] 1 change detected
2026-05-07 18:18:55,459 [INFO] 1 change detected
2026-05-07 18:18:55,876 [INFO] 1 change detected
2026-05-07 18:18:56,245 [INFO] 1 change detected
2026-05-07 18:18:56,658 [INFO] 1 change detected
2026-05-07 18:18:57,067 [INFO] 1 change detected
2026-05-07 18:18:57,477 [INFO] 1 change detected
2026-05-07 18:18:57,883 [INFO] 1 change detected
2026-05-07 18:18:58,291 [INFO] 1 change detected
2026-05-07 18:18:58,701 [INFO] 1 change detected
2026-05-07 18:18:59,060 [INFO] 1 change detected
2026-05-07 18:18:59,466 [INFO] 1 change detected
2026-05-07 18:18:59,876 [INFO] 1 change detected
2026-05-07 18:19:00,282 [INFO] 1 change detected
2026-05-07 18:19:00,635 [INFO] 1 change detected
2026-05-07 18:19:01,042 [INFO] 1 change detected
2026-05-07 18:19:01,457 [INFO] 1 change detected
2026-05-07 18:19:01,862 [INFO] 1 change detected
2026-05-07 18:19:02,264 [INFO] 1 change detected
2026-05-07 18:19:02,622 [INFO] 1 change detected
2026-05-07 18:19:03,035 [INFO] 1 change detected
2026-05-07 18:19:03,438 [INFO] 1 change detected
2026-05-07 18:19:03,853 [INFO] 1 change detected
2026-05-07 18:19:04,259 [INFO] 1 change detected
2026-05-07 18:19:04,675 [INFO] 1 change detected
2026-05-07 18:19:05,083 [INFO] 1 change detected
2026-05-07 18:19:05,488 [INFO] 1 change detected
2026-05-07 18:19:05,846 [INFO] 1 change detected
2026-05-07 18:19:06,259 [INFO] 1 change detected
2026-05-07 18:19:06,669 [INFO] 1 change detected
2026-05-07 18:19:07,075 [INFO] 1 change detected
2026-05-07 18:19:07,491 [INFO] 1 change detected
2026-05-07 18:19:07,850 [INFO] 1 change detected
2026-05-07 18:19:08,263 [INFO] 1 change detected
2026-05-07 18:19:08,673 [INFO] 1 change detected
2026-05-07 18:19:09,086 [INFO] 1 change detected
2026-05-07 18:19:09,441 [INFO] 1 change detected
2026-05-07 18:19:09,854 [INFO] 1 change detected
2026-05-07 18:19:10,267 [INFO] 1 change detected
2026-05-07 18:19:10,680 [INFO] 1 change detected
2026-05-07 18:19:11,036 [INFO] 1 change detected
2026-05-07 18:19:11,447 [INFO] 1 change detected
2026-05-07 18:19:11,863 [INFO] 1 change detected
2026-05-07 18:19:12,268 [INFO] 1 change detected
2026-05-07 18:19:12,680 [INFO] 1 change detected
2026-05-07 18:19:13,044 [INFO] 1 change detected
2026-05-07 18:19:13,447 [INFO] 1 change detected
2026-05-07 18:19:13,859 [INFO] 1 change detected
2026-05-07 18:19:14,265 [INFO] 1 change detected
2026-05-07 18:19:14,674 [INFO] 1 change detected
2026-05-07 18:19:15,077 [INFO] 1 change detected
2026-05-07 18:19:15,435 [INFO] 1 change detected
2026-05-07 18:19:15,848 [INFO] 1 change detected
2026-05-07 18:19:16,256 [INFO] 1 change detected
2026-05-07 18:19:16,663 [INFO] 1 change detected
2026-05-07 18:19:17,019 [INFO] 1 change detected
2026-05-07 18:19:17,434 [INFO] 1 change detected
2026-05-07 18:19:17,847 [INFO] 1 change detected
2026-05-07 18:19:18,210 [INFO] 1 change detected
2026-05-07 18:19:18,616 [INFO] 1 change detected
2026-05-07 18:19:19,029 [INFO] 1 change detected
2026-05-07 18:19:19,443 [INFO] 1 change detected
2026-05-07 18:19:19,797 [INFO] 1 change detected
2026-05-07 18:19:20,206 [INFO] 1 change detected
2026-05-07 18:19:20,613 [INFO] 1 change detected
2026-05-07 18:19:21,022 [INFO] 1 change detected
2026-05-07 18:19:21,429 [INFO] 1 change detected
2026-05-07 18:19:21,841 [INFO] 1 change detected
2026-05-07 18:19:22,244 [INFO] 1 change detected
2026-05-07 18:19:22,612 [INFO] 1 change detected
2026-05-07 18:19:23,018 [INFO] 1 change detected
2026-05-07 18:19:23,428 [INFO] 1 change detected
2026-05-07 18:19:23,838 [INFO] 1 change detected
2026-05-07 18:19:24,252 [INFO] 1 change detected
2026-05-07 18:19:24,607 [INFO] 1 change detected
2026-05-07 18:19:25,019 [INFO] 1 change detected
2026-05-07 18:19:25,423 [INFO] 1 change detected
2026-05-07 18:19:25,785 [INFO] 1 change detected
2026-05-07 18:19:26,198 [INFO] 1 change detected
2026-05-07 18:19:26,559 [INFO] 1 change detected
2026-05-07 18:19:26,969 [INFO] 1 change detected
2026-05-07 18:19:27,372 [INFO] 1 change detected
2026-05-07 18:19:27,777 [INFO] 1 change detected
2026-05-07 18:19:28,184 [INFO] 1 change detected
2026-05-07 18:19:28,600 [INFO] 1 change detected
2026-05-07 18:19:29,010 [INFO] 1 change detected
2026-05-07 18:19:29,424 [INFO] 1 change detected
2026-05-07 18:19:29,786 [INFO] 1 change detected
2026-05-07 18:19:30,192 [INFO] 1 change detected
2026-05-07 18:19:30,607 [INFO] 1 change detected
2026-05-07 18:19:31,009 [INFO] 1 change detected
2026-05-07 18:19:31,413 [INFO] 1 change detected
2026-05-07 18:19:31,821 [INFO] 1 change detected
2026-05-07 18:19:32,226 [INFO] 1 change detected
2026-05-07 18:19:32,636 [INFO] 1 change detected
2026-05-07 18:19:32,992 [INFO] 1 change detected
2026-05-07 18:19:33,396 [INFO] 1 change detected
2026-05-07 18:19:33,804 [INFO] 1 change detected
2026-05-07 18:19:34,206 [INFO] 1 change detected
2026-05-07 18:19:34,572 [INFO] 1 change detected
2026-05-07 18:19:34,981 [INFO] 1 change detected
2026-05-07 18:19:35,395 [INFO] 1 change detected
2026-05-07 18:19:35,798 [INFO] 1 change detected
2026-05-07 18:19:36,156 [INFO] 1 change detected
2026-05-07 18:19:36,566 [INFO] 1 change detected
2026-05-07 18:19:36,979 [INFO] 1 change detected
2026-05-07 18:19:37,391 [INFO] 1 change detected
2026-05-07 18:19:37,756 [INFO] 1 change detected
2026-05-07 18:19:38,171 [INFO] 1 change detected
2026-05-07 18:19:38,577 [INFO] 1 change detected
2026-05-07 18:19:38,936 [INFO] 1 change detected
2026-05-07 18:19:39,347 [INFO] 1 change detected
2026-05-07 18:19:39,762 [INFO] 1 change detected
2026-05-07 18:19:40,176 [INFO] 1 change detected
2026-05-07 18:19:40,536 [INFO] 1 change detected
2026-05-07 18:19:40,940 [INFO] 1 change detected
2026-05-07 18:19:41,350 [INFO] 1 change detected
2026-05-07 18:19:41,711 [INFO] 1 change detected
2026-05-07 18:19:42,122 [INFO] 1 change detected
2026-05-07 18:19:42,532 [INFO] 1 change detected
2026-05-07 18:19:42,888 [INFO] 1 change detected
2026-05-07 18:19:43,292 [INFO] 1 change detected
2026-05-07 18:19:43,704 [INFO] 1 change detected
2026-05-07 18:19:44,107 [INFO] 1 change detected
2026-05-07 18:19:44,512 [INFO] 1 change detected
2026-05-07 18:19:44,925 [INFO] 1 change detected
2026-05-07 18:19:45,336 [INFO] 1 change detected
2026-05-07 18:19:45,698 [INFO] 1 change detected
2026-05-07 18:19:46,152 [INFO] 1 change detected
2026-05-07 18:19:46,556 [INFO] 1 change detected
2026-05-07 18:19:46,914 [INFO] 1 change detected
2026-05-07 18:19:47,317 [INFO] 1 change detected
2026-05-07 18:19:47,722 [INFO] 1 change detected
2026-05-07 18:19:48,125 [INFO] 1 change detected
2026-05-07 18:19:48,532 [INFO] 1 change detected
2026-05-07 18:19:48,891 [INFO] 1 change detected
2026-05-07 18:19:49,298 [INFO] 1 change detected
2026-05-07 18:19:49,701 [INFO] 1 change detected
2026-05-07 18:19:50,106 [INFO] 1 change detected
2026-05-07 18:19:50,518 [INFO] 1 change detected
2026-05-07 18:19:50,924 [INFO] 1 change detected
2026-05-07 18:19:51,328 [INFO] 1 change detected
2026-05-07 18:19:51,687 [INFO] 1 change detected
2026-05-07 18:19:52,097 [INFO] 1 change detected
2026-05-07 18:19:52,512 [INFO] 1 change detected
2026-05-07 18:19:52,916 [INFO] 1 change detected
2026-05-07 18:19:53,324 [INFO] 1 change detected
2026-05-07 18:19:53,683 [INFO] 1 change detected
2026-05-07 18:19:54,097 [INFO] 1 change detected
2026-05-07 18:19:54,503 [INFO] 1 change detected
2026-05-07 18:19:54,905 [INFO] 1 change detected
2026-05-07 18:19:55,307 [INFO] 1 change detected
2026-05-07 18:19:55,720 [INFO] 1 change detected
2026-05-07 18:19:56,135 [INFO] 1 change detected
2026-05-07 18:19:56,646 [INFO] 35 changes detected
2026-05-07 18:19:57,049 [INFO] 3 changes detected
2026-05-07 18:19:57,462 [INFO] 1 change detected
2026-05-07 18:19:57,875 [INFO] 1 change detected
2026-05-07 18:19:58,286 [INFO] 1 change detected
2026-05-07 18:19:58,690 [INFO] 4 changes detected
2026-05-07 18:19:59,102 [INFO] 1 change detected
2026-05-07 18:19:59,506 [INFO] 1 change detected
2026-05-07 18:19:59,864 [INFO] 1 change detected
2026-05-07 18:20:00,266 [INFO] 1 change detected
2026-05-07 18:20:00,676 [INFO] 1 change detected
2026-05-07 18:20:01,083 [INFO] 1 change detected
2026-05-07 18:20:01,497 [INFO] 1 change detected
2026-05-07 18:20:01,906 [INFO] 1 change detected
2026-05-07 18:20:02,318 [INFO] 1 change detected
2026-05-07 18:20:02,678 [INFO] 1 change detected
2026-05-07 18:20:03,081 [INFO] 1 change detected
2026-05-07 18:20:03,496 [INFO] 1 change detected
2026-05-07 18:20:03,901 [INFO] 1 change detected
2026-05-07 18:20:04,259 [INFO] 1 change detected
2026-05-07 18:20:04,667 [INFO] 1 change detected
2026-05-07 18:20:05,083 [INFO] 1 change detected
2026-05-07 18:20:05,489 [INFO] 1 change detected
2026-05-07 18:20:05,854 [INFO] 1 change detected
2026-05-07 18:20:06,260 [INFO] 1 change detected
2026-05-07 18:20:06,668 [INFO] 1 change detected
2026-05-07 18:20:07,080 [INFO] 1 change detected
2026-05-07 18:20:07,485 [INFO] 1 change detected
2026-05-07 18:20:07,843 [INFO] 1 change detected
2026-05-07 18:20:08,256 [INFO] 1 change detected
2026-05-07 18:20:08,662 [INFO] 1 change detected
2026-05-07 18:20:09,074 [INFO] 1 change detected
2026-05-07 18:20:09,436 [INFO] 1 change detected
2026-05-07 18:20:09,845 [INFO] 1 change detected
2026-05-07 18:20:10,256 [INFO] 1 change detected
2026-05-07 18:20:10,661 [INFO] 1 change detected
2026-05-07 18:20:11,026 [INFO] 1 change detected
2026-05-07 18:20:11,436 [INFO] 1 change detected
2026-05-07 18:20:11,852 [INFO] 1 change detected
2026-05-07 18:20:12,213 [INFO] 1 change detected
2026-05-07 18:20:12,626 [INFO] 1 change detected
2026-05-07 18:20:13,037 [INFO] 1 change detected
2026-05-07 18:20:13,445 [INFO] 1 change detected
2026-05-07 18:20:13,856 [INFO] 1 change detected
2026-05-07 18:20:14,211 [INFO] 1 change detected
2026-05-07 18:20:14,621 [INFO] 1 change detected
2026-05-07 18:20:15,034 [INFO] 1 change detected
2026-05-07 18:20:15,396 [INFO] 1 change detected
2026-05-07 18:20:15,811 [INFO] 1 change detected
2026-05-07 18:20:16,175 [INFO] 1 change detected
2026-05-07 18:20:16,631 [INFO] 1 change detected
2026-05-07 18:20:16,986 [INFO] 1 change detected
2026-05-07 18:20:17,397 [INFO] 1 change detected
2026-05-07 18:20:17,809 [INFO] 1 change detected
2026-05-07 18:20:18,212 [INFO] 1 change detected
2026-05-07 18:20:18,615 [INFO] 1 change detected
2026-05-07 18:20:18,982 [INFO] 1 change detected
2026-05-07 18:20:19,385 [INFO] 1 change detected
2026-05-07 18:20:19,788 [INFO] 1 change detected
2026-05-07 18:20:20,206 [INFO] 1 change detected
2026-05-07 18:20:20,618 [INFO] 1 change detected
2026-05-07 18:20:20,986 [INFO] 1 change detected
2026-05-07 18:20:21,402 [INFO] 1 change detected
2026-05-07 18:20:21,812 [INFO] 1 change detected
2026-05-07 18:20:22,173 [INFO] 1 change detected
2026-05-07 18:20:22,583 [INFO] 1 change detected
2026-05-07 18:20:22,985 [INFO] 1 change detected
2026-05-07 18:20:23,397 [INFO] 1 change detected
2026-05-07 18:20:23,806 [INFO] 1 change detected
2026-05-07 18:20:24,173 [INFO] 1 change detected
2026-05-07 18:20:24,582 [INFO] 1 change detected
2026-05-07 18:20:24,986 [INFO] 1 change detected
2026-05-07 18:20:25,391 [INFO] 1 change detected
2026-05-07 18:20:25,807 [INFO] 1 change detected
2026-05-07 18:20:26,161 [INFO] 1 change detected
2026-05-07 18:20:26,566 [INFO] 1 change detected
2026-05-07 18:20:26,977 [INFO] 1 change detected
2026-05-07 18:20:27,343 [INFO] 1 change detected
2026-05-07 18:20:27,753 [INFO] 1 change detected
2026-05-07 18:20:28,167 [INFO] 1 change detected
2026-05-07 18:20:28,577 [INFO] 1 change detected
2026-05-07 18:20:28,987 [INFO] 1 change detected
2026-05-07 18:20:29,397 [INFO] 1 change detected
2026-05-07 18:20:29,799 [INFO] 1 change detected
2026-05-07 18:20:30,166 [INFO] 1 change detected
2026-05-07 18:20:30,569 [INFO] 1 change detected
2026-05-07 18:20:30,974 [INFO] 1 change detected
2026-05-07 18:20:31,377 [INFO] 1 change detected
2026-05-07 18:20:31,741 [INFO] 1 change detected
2026-05-07 18:20:32,152 [INFO] 1 change detected
2026-05-07 18:20:32,563 [INFO] 1 change detected
2026-05-07 18:20:32,971 [INFO] 1 change detected
2026-05-07 18:20:33,378 [INFO] 1 change detected
2026-05-07 18:20:33,789 [INFO] 1 change detected
2026-05-07 18:20:34,197 [INFO] 1 change detected
2026-05-07 18:20:34,561 [INFO] 1 change detected
2026-05-07 18:20:34,976 [INFO] 1 change detected
2026-05-07 18:20:35,382 [INFO] 1 change detected
2026-05-07 18:20:35,794 [INFO] 1 change detected
2026-05-07 18:20:36,209 [INFO] 1 change detected
2026-05-07 18:20:36,575 [INFO] 1 change detected
2026-05-07 18:20:36,979 [INFO] 1 change detected
2026-05-07 18:20:37,387 [INFO] 1 change detected
2026-05-07 18:20:37,747 [INFO] 1 change detected
2026-05-07 18:20:38,157 [INFO] 1 change detected
2026-05-07 18:20:38,571 [INFO] 1 change detected
2026-05-07 18:20:38,985 [INFO] 1 change detected
2026-05-07 18:20:39,392 [INFO] 1 change detected
2026-05-07 18:20:39,795 [INFO] 1 change detected
2026-05-07 18:20:40,153 [INFO] 1 change detected
2026-05-07 18:20:40,567 [INFO] 7 changes detected
2026-05-07 18:20:40,977 [INFO] 1 change detected
2026-05-07 18:20:41,382 [INFO] 1 change detected
2026-05-07 18:20:41,784 [INFO] 1 change detected
2026-05-07 18:20:42,190 [INFO] 1 change detected
2026-05-07 18:20:42,547 [INFO] 1 change detected
2026-05-07 18:20:42,959 [INFO] 1 change detected
2026-05-07 18:20:43,376 [INFO] 1 change detected
2026-05-07 18:20:43,793 [INFO] 1 change detected
2026-05-07 18:20:44,196 [INFO] 1 change detected
2026-05-07 18:20:44,552 [INFO] 1 change detected
2026-05-07 18:20:44,957 [INFO] 1 change detected
2026-05-07 18:20:45,367 [INFO] 1 change detected
2026-05-07 18:20:45,782 [INFO] 1 change detected
2026-05-07 18:20:46,141 [INFO] 1 change detected
2026-05-07 18:20:46,555 [INFO] 1 change detected
2026-05-07 18:20:46,960 [INFO] 1 change detected
2026-05-07 18:20:47,370 [INFO] 1 change detected
2026-05-07 18:20:47,726 [INFO] 1 change detected
2026-05-07 18:20:48,137 [INFO] 1 change detected
2026-05-07 18:20:48,547 [INFO] 1 change detected
2026-05-07 18:20:48,907 [INFO] 1 change detected
2026-05-07 18:20:49,323 [INFO] 1 change detected
2026-05-07 18:20:49,729 [INFO] 1 change detected
2026-05-07 18:20:50,138 [INFO] 1 change detected
2026-05-07 18:20:50,499 [INFO] 1 change detected
